創業年,麺の種類(サンプル),価格帯(サンプル),ジャンル(サンプル),都道府県,🍜ラーメン店名,🚉最寄り駅・住所,ジョブカテゴリ,カウント
1872-01-01,極細麺,￥300以下,醤油,東京都,精養軒,,0,0
1883-01-01,細麺,￥300代,醤油,東京都,偕楽園、陶陶亭,,0,0
1887-01-01,中細麺,￥400代,醤油,神奈川県,聘珍楼,横浜駅,0,0
1889-01-01,中細麺,￥500代,醤油,東京都,維新號,,0,0
1903-01-01,中細麺,￥600代,醤油,群馬県,むらちゃん,藤岡駅,0,0
1910-01-01,中細麺,￥700代,醤油,東京都,來々軒,浅草駅,0,0
1912-01-01,中細麺,￥800代,醤油,東京都,大勝軒,人形町駅,0,0
1916-01-01,中太麺,￥800代,醤油,栃木県,宝来軒,佐野駅,0,0
1918-01-01,中太麺,￥800代,味噌,神奈川県,奇珍楼,石川町駅,0,0
1922-01-01,中太麺,￥800代,塩,北海道,竹屋食堂,札幌駅,0,0
1923-01-01,太麺,￥900代,豚骨,宮城県,志のぶ本店,仙台駅,0,0
1924-01-01,太麺,￥900代,豚骨,東京都,大勝軒,馬喰横山駅,0,0
1925-01-01,極太麺,￥900代,豚骨,福島県,源来軒,喜多方駅,0,0
1925-01-01,極細麺,￥900代,豚骨醤油,岡山県,広珍軒,,0,0
1926-01-01,細麺,￥1000代,純鶏,北海道,芳蘭,札幌駅,0,0
1926-01-01,中細麺,￥1000代,鶏白湯,福島県,上海,喜多方駅,0,0
1926-01-01,中細麺,￥1000代,牛骨,東京都,宝軒,鬼子母神駅,0,0
1927-01-01,中細麺,￥1100代,動物魚介系,新潟県,保盛軒,,0,0
1928-01-01,中細麺,￥1200代,煮干し系,神奈川県,海員閣,横浜駅,0,0
1929-01-01,中細麺,￥1200代,鮮魚系,東京都,萬福,銀座駅,0,0
1930-01-01,中太麺,￥1200代,甲殻類系,福島県,丸見食堂,喜多方駅,0,0
1930-01-01,中太麺,￥1200代,貝だし系,岡山県,百万元,,0,0
1930-01-01,中太麺,￥1200代,背脂系,北海道,銀水,釧路駅,0,0
1931-01-01,太麺,￥1300代,ドロ系,東京都,春木家本店,荻窪駅,0,0
1931-01-01,太麺,￥1400代,ベジポタ系,東京都,利しり,新宿駅,0,0
1931-01-01,極太麺,￥1500代,激辛系,東京都,たいめいけん,日本橋駅,0,0
1933-01-01,極細麺,￥1600代,スタミナ系,東京都,大勝軒,三越前駅,0,0
1934-01-01,細麺,￥1700代,醤油,東京都,貧乏軒(ホープ軒本舗),錦糸町駅,0,0
1934-01-01,中細麺,￥1800代,醤油,秋田県,マルタマ食堂,十文字駅,0,0
1935-01-01,中細麺,￥1900代,醤油,北海道,来々軒,札幌駅,0,0
1935-01-01,中細麺,￥2000代,醤油,福島県,一六軒,白河駅,0,0
1937-01-01,中細麺,￥2500代,醤油,長崎県,天天有,,0,0
1937-01-01,中細麺,￥3000以上,醤油,岩手県,くまげん,雫石駅,0,0
1938-01-01,中太麺,￥300以下,醤油,京都府,新福菜館・屋台,京都駅,0,0
1938-01-01,中太麺,￥300代,醤油,東京都,ホープ軒本舗,吉祥寺駅,0,0
1939-01-01,中太麺,￥400代,醤油,京都府,中華のサカイ,,0,0
1940-01-01,太麺,￥500代,醤油,和歌山県,丸高中華そば,,0,0
1945-01-01,太麺,￥600代,醤油,東京都,田丸,目黒駅,0,0
1945-01-01,極太麺,￥700代,醤油,東京都,栄屋ミルクホール,神田駅,0,0
1946-01-01,極細麺,￥800代,醤油,愛知県,寿がきや,名古屋駅,0,0
1946-01-01,細麺,￥800代,醤油,北海道,蜂屋,旭川駅,0,0
1947-01-01,中細麺,￥800代,醤油,広島県,朱華園,尾道駅,0,0
1947-01-01,中細麺,￥800代,醤油,京都府,ますたに,,0,0
1947-01-01,中細麺,￥900代,醤油,北海道,青葉,旭川駅,0,0
1947-01-01,中細麺,￥900代,醤油,東京都,漢珍亭,荻窪駅,0,0
1947-01-01,中細麺,￥900代,醤油,鹿児島県,のぼる屋,,0,0
1947-01-01,中太麺,￥900代,醤油,北海道,だるま軒,札幌駅,0,0
1947-01-01,中太麺,￥1000代,醤油,鳥取県,満州味,米子駅,0,0
1947-01-01,中太麺,￥1000代,醤油,東京都,丸長,荻窪駅,0,0
1948-01-01,太麺,￥1000代,醤油,東京都,若月,新宿駅,0,0
1948-01-01,太麺,￥1100代,醤油,岐阜県,角や,高山駅,0,0
1948-01-01,極太麺,￥1200代,味噌,岡山県,浅月,,0,0
1948-01-01,極細麺,￥1200代,塩,福岡県,珉子ラーメン,門司駅,0,0
1948-01-01,細麺,￥1200代,豚骨,大分県,吉四六ラーメン,別府駅,0,0
1948-01-01,中細麺,￥1200代,豚骨,鹿児島県,こむらさき,,0,0
1949-01-01,中細麺,￥1200代,豚骨,福島県,まこと食堂,喜多方駅,0,0
1949-01-01,中細麺,￥1300代,醤油,東京都,春木屋,荻窪駅,0,0
1950-01-01,中細麺,￥1400代,醤油,北海道,味の三平,札幌駅,0,0
1950-01-01,中細麺,￥1500代,醤油,北海道,熊さん,札幌駅,0,0
1950-01-01,中太麺,￥1600代,醤油,北海道,鳳蘭,函館駅,0,0
1950-01-01,中太麺,￥1700代,醤油,東京都,丸信,荻窪駅,0,0
1951-01-01,中太麺,￥1800代,醤油,東京都,大勝軒,中野駅,0,0
1952-01-01,太麺,￥1900代,醤油,東京都,江ぐち,三鷹駅,0,0
1952-01-01,太麺,￥2000代,醤油,山形県,栄屋本店,,0,0
1952-01-01,極太麺,￥2500代,味噌,東京都,福寿,笹塚駅,0,0
1952-01-01,極細麺,￥3000以上,塩,岐阜県,やよいそば,高山駅,0,0
1952-01-01,細麺,￥300以下,豚骨,福岡県,大砲ラーメン,久留米駅,0,0
1952-01-01,中細麺,￥300代,豚骨,東京都,喜楽,渋谷駅,0,0
1953-01-01,中細麺,￥400代,豚骨,東京都,インディアン,蓮沼駅,0,0
1954-01-01,中細麺,￥500代,豚骨醤油,熊本県,こむらさき,,0,0
1954-01-01,中細麺,￥600代,純鶏,熊本県,こだいこ,,0,0
1954-01-01,中細麺,￥700代,鶏白湯,東京都,珍々亭,武蔵境駅,0,0
1954-01-01,中太麺,￥800代,牛骨,東京都,丸長,新宿区駅,0,0
1955-01-01,中太麺,￥800代,動物魚介系,熊本県,桂花,,0,0
1955-01-01,中太麺,￥800代,煮干し系,東京都,永福大勝軒,永福町駅,0,0
1956-01-01,太麺,￥800代,鮮魚系,東京都,共楽,中央区駅,0,0
1956-01-01,太麺,￥900代,甲殻類系,京都府,本家・第一旭,京都駅,0,0
1956-01-01,極太麺,￥900代,貝だし系,鹿児島県,和田屋,,0,0
1957-01-01,極細麺,￥900代,背脂系,北海道,こぐまや,札幌駅,0,0
1957-01-01,細麺,￥900代,ドロ系,熊本県,黒亭,,0,0
1958-01-01,中細麺,￥1000代,ベジポタ系,福島県,坂内,喜多方駅,0,0
1958-01-01,中細麺,￥1000代,激辛系,山形県,龍上海,赤湯駅,0,0
1958-01-01,中細麺,￥1000代,スタミナ系,東京都,栄楽,中野駅,0,0
1958-01-01,中細麺,￥1100代,醤油,東京都,メルシー,早稲田駅,0,0
1959-01-01,中細麺,￥1200代,醤油,福岡県北九州市,唐そば,黒崎駅,0,0
1960-01-01,中太麺,￥1200代,醤油,山形県,満月 本店,酒田駅,0,0
1960-01-01,中太麺,￥1200代,醤油,東京都,ホープ軒,千駄ヶ谷が屋台駅,0,0
1960-01-01,中太麺,￥1200代,醤油,東京都,三ちゃん,荻窪駅,0,0
1960-01-01,太麺,￥1200代,醤油,島根県,大統領,出雲駅,0,0
1961-01-01,太麺,￥1300代,醤油,東京都,満来,新宿駅,0,0
1961-01-01,極太麺,￥1400代,醤油,東京都,大勝軒,東池袋駅,0,0
1961-01-01,極細麺,￥1500代,醤油,東京都,高揚,中野駅,0,0
1962-01-01,細麺,￥1600代,醤油,愛知県,味仙,名古屋駅,0,0
1963-01-01,中細麺,￥1700代,醤油,岐阜県,大石家,多治見駅,0,0
1964-01-01,中細麺,￥1800代,醤油,北海道,純連,札幌駅,0,0
1964-01-01,中細麺,￥1900代,醤油,東京都,味助,銀座駅,0,0
1964-01-01,中細麺,￥2000代,醤油,東京都,井上,築地駅,0,0
1965-01-01,中細麺,￥2500代,醤油,埼玉県,あぢとみ食堂,川越駅,0,0
1966-01-01,中太麺,￥3000以上,醤油,東京都千代田区,さぶちゃん,神保町駅,0,0
1967-01-01,中太麺,￥300以下,醤油,東京都板橋区,蒙古タンメン中本,上板橋駅,0,0
1967-01-01,中太麺,￥300代,醤油,東京都,海新山,目黒区駅,0,0
1967-01-01,太麺,￥400代,醤油,東京都,直久,銀座駅,0,0
1967-01-01,太麺,￥500代,醤油,東京都,八真茂登,銀座駅,0,0
1967-01-01,極太麺,￥600代,醤油,東京都,勝丸,目黒屋台駅,0,0
1968-01-01,極細麺,￥700代,醤油,東京都,ラーメン二郎,三田駅,0,0
1968-01-01,細麺,￥800代,醤油,東京都,中華料理中本,上板橋駅,0,0
1969-01-01,中細麺,￥800代,醤油,東京都,日高,新宿駅,0,0
1970-01-01,中細麺,￥800代,味噌,熊本県,富士ラーメン,,0,0
1973-01-01,中細麺,￥800代,塩,福島県,とら食堂,白河駅,0,0
1973-01-01,中細麺,￥900代,豚骨,東京都,香月,恵比寿が屋台駅,0,0
1973-01-01,中細麺,￥900代,豚骨,東京都,万里,高円寺駅,0,0
1974-01-01,中太麺,￥900代,豚骨,東京都,肥後のれん,新宿駅,0,0
1974-01-01,中太麺,￥900代,醤油,神奈川県,家系総本山吉村家,横浜駅,0,0
1974-01-01,中太麺,￥1000代,醤油,東京都,中華徳大,荻窪駅,0,0
1974-01-01,太麺,￥1000代,醤油,京都府,天下一品,,0,0
1975-01-01,太麺,￥1000代,醤油,新潟県,おもだかや竹尾店,,0,0
1975-01-01,極太麺,￥1100代,醤油,東京都,恵比寿ラーメン,,0,0
1975-01-01,極細麺,￥1200代,醤油,東京都,梅もと,鬼子母神駅,0,0
1976-01-01,細麺,￥1200代,醤油,東京都,秋津屋,新秋津駅,0,0
1977-01-01,中細麺,￥1200代,醤油,東京都,満来,新宿駅,0,0
1977-01-01,中細麺,￥1200代,味噌,東京都,たんたん亭,浜田山駅,0,0
1981-01-01,中細麺,￥1200代,塩,東京都府中市,らいおん,府中駅,0,0
1981-01-01,中細麺,￥1300代,豚骨,東京都八王子市,みんみんラーメン,一本松駅,0,0
1983-01-01,中細麺,￥1400代,豚骨,東京都新宿区,支那そば屋こうや,四ツ谷駅,0,0
1983-01-01,中太麺,￥1500代,豚骨,東京都杉並区,二葉,荻窪駅,0,0
1983-01-01,中太麺,￥1600代,豚骨醤油,東京都新宿区,元祖一条流がんこラーメン総本家,早稲田駅,0,0
1983-01-01,中太麺,￥1700代,純鶏,東京都大田区,むらもと,大岡山駅,0,0
1984-01-01,太麺,￥1800代,鶏白湯,東京都世田谷区,来来来,三軒茶屋駅,0,0
1984-01-01,太麺,￥1900代,牛骨,東京都板橋区,道頓堀,地下鉄成増駅,0,0
1985-01-01,極太麺,￥2000代,動物魚介系,福岡県,一風堂,大名駅,0,0
1985-01-01,極細麺,￥2500代,煮干し系,東京都品川区,桃桜林,中延駅,0,0
1985-01-01,細麺,￥3000以上,鮮魚系,東京都小金井市,まんぼう亭,武蔵小金井駅,0,0
1986-01-01,中細麺,￥300以下,甲殻類系,東京都世田谷区,はるばる亭,経堂駅,0,0
1986-01-01,中細麺,￥300代,貝だし系,神奈川県,支那そばや,鵠沼海岸駅,0,0
1987-01-01,中細麺,￥400代,背脂系,東京都町田市,大文字,成瀬駅,0,0
1987-01-01,中細麺,￥500代,ドロ系,東京都世田谷区,なんでんかんでん,新代田駅,0,0
1987-01-01,中細麺,￥600代,ベジポタ系,東京都杉並区,げんこつ屋,阿佐ヶ谷駅,0,0
1989-01-01,中太麺,￥700代,激辛系,東京都武蔵野市,一二三,吉祥寺駅,0,0
1989-01-01,中太麺,￥800代,スタミナ系,東京都目黒区,かづ屋,目黒駅,0,0
1990-01-01,中太麺,￥800代,醤油,東京都町田市,雷文,町田駅,0,0
1990-01-01,太麺,￥800代,醤油,東京都渋谷区,一福,初台駅,0,0
1991-01-01,太麺,￥800代,醤油,東京都台東区,与ろゐ屋,浅草駅,0,0
1991-01-01,極太麺,￥900代,醤油,東京都調布市,千ひろ,調布駅,0,0
1991-01-01,極細麺,￥900代,醤油,東京都目黒区,勝丸,目黒駅,0,0
1992-01-01,細麺,￥900代,醤油,東京都江戸川区,ちばき屋,葛西駅,0,0
1993-01-01,中細麺,￥900代,醤油,東京都千代田区,ラーメン創房　玄,秋葉原駅,0,0
1993-01-01,中細麺,￥1000代,醤油,神奈川県,めじろ,藤沢→代々木駅,0,0
1994-01-01,中細麺,￥1000代,醤油,東京都調布市,たけちゃんにぼしらーめん,,0,0
1994-01-01,中細麺,￥1000代,醤油,東京都世田谷区,茂木,三軒茶屋駅,0,0
1994-01-01,中細麺,￥1100代,醤油,東京都世田谷区,らあめん英,経堂駅,0,0
1994-01-01,中太麺,￥1200代,醤油,東京都杉並区,味噌一,東高円寺駅,0,0
1995-01-01,中太麺,￥1200代,醤油,東京都豊島区,べんてん,高田馬場駅,0,0
1995-01-01,中太麺,￥1200代,醤油,神奈川県,ぺーぱん,吉野町駅,0,0
1995-01-01,太麺,￥1200代,醤油,東京都渋谷区,ちょろり,恵比寿駅,0,0
1995-01-01,太麺,￥1200代,醤油,東京都杉並区,御天,下井草駅,0,0
1995-01-01,極太麺,￥1300代,醤油,神奈川県,支那そばの里,上田名駅,0,0
1996-01-01,極細麺,￥1400代,醤油,東京都,青葉,中野駅,0,0
1996-01-01,細麺,￥1500代,醤油,神奈川県,くじら軒,センター北駅,0,0
1996-01-01,中細麺,￥1600代,醤油,東京都港区,麺屋武蔵,青山１丁目駅,0,0
1996-01-01,中細麺,￥1700代,醤油,東京都品川区,多賀野,荏原中延駅,0,0
1996-01-01,中細麺,￥1800代,醤油,東京都文京区,ちゃぶ屋,護国寺駅,0,0
1996-01-01,中細麺,￥1900代,醤油,東京都渋谷区,九十九,恵比寿駅,0,0
1997-01-01,中細麺,￥2000代,醤油,東京都世田谷区,まっち棒,池尻大橋駅,0,0
1997-01-01,中太麺,￥2500代,味噌,東京都葛飾区,麺・粥　けんけん,京成立石駅,0,0
1997-01-01,中太麺,￥3000以上,塩,東京都中野区,麺好,中野富士見町駅,0,0
1997-01-01,中太麺,￥300以下,豚骨,東京都文京区,がんこ１２代目,本郷三丁目駅,0,0
1997-01-01,太麺,￥300代,豚骨,東京都中央区,ラーメン勇,新橋駅,0,0
1997-01-01,太麺,￥400代,豚骨,東京都杉並区,ひごもんず,西荻窪駅,0,0
1997-01-01,極太麺,￥500代,醤油,東京都杉並区,一歩,五日市営業所駅,0,0
1997-01-01,極細麺,￥600代,醤油,神奈川県,なんつッ亭,渋沢駅,0,0
1997-01-01,細麺,￥700代,醤油,神奈川県,らーめん桃源,網島駅,0,0
1997-01-01,中細麺,￥800代,醤油,千葉県,１３湯麺,五香駅,0,0
1998-01-01,中細麺,￥800代,醤油,東京都,麺屋武蔵　新宿店,新宿駅,0,0
1998-01-01,中細麺,￥800代,醤油,東京都豊島区,麺屋ごとう,池袋駅,0,0
1998-01-01,中細麺,￥800代,醤油,東京都武蔵野市,支那そばあおば,武蔵境駅,0,0
1998-01-01,中細麺,￥900代,醤油,千葉県,マルバ,浦安駅,0,0
1998-01-01,中太麺,￥900代,味噌,東京都多摩市,山形ラーメン天童,多摩センター駅,0,0
1998-01-01,中太麺,￥900代,塩,東京都稲城市,虎心房,矢野口駅,0,0
1999-01-01,中太麺,￥900代,豚骨,東京都渋谷区,唐そば,渋谷駅,0,0
1999-01-01,太麺,￥1000代,豚骨,東京都,竃,大久保駅,0,0
1999-01-01,太麺,￥1000代,豚骨,埼玉県,ぜんや,新座駅,0,0
1999-01-01,極太麺,￥1000代,豚骨醤油,東京都文京区,大喜,湯島駅,0,0
1999-01-01,極細麺,￥1100代,純鶏,神奈川県,中村屋,高座渋谷駅,0,0
1999-01-01,細麺,￥1200代,鶏白湯,東京都目黒区,支那そば八雲,中目黒駅,0,0
1999-01-01,中細麺,￥1200代,牛骨,東京都文京区,神名備,西日暮里駅,0,0
1999-01-01,中細麺,￥1200代,動物魚介系,東京都千代田区,旭龍,神田駅,0,0
1999-01-01,中細麺,￥1200代,煮干し系,東京都目黒区,支那そば八雲,中目黒駅,0,0
1999-01-01,中細麺,￥1200代,鮮魚系,東京都墨田区,ら・めん風,両国駅,0,0
1999-01-01,中細麺,￥1300代,甲殻類系,神奈川県,キリン食堂,相模原駅,0,0
1999-01-01,中太麺,￥1400代,貝だし系,東京都板橋区,戎,西台駅,0,0
2000-01-01,中太麺,￥1500代,背脂系,東京都千代田区,九段斑鳩,九段下駅,0,0
2000-01-01,中太麺,￥1600代,ドロ系,東京都新宿区,はやし家,大久保駅,0,0
2000-01-01,太麺,￥1700代,ベジポタ系,東京都立川市,鏡花,立川駅,0,0
2000-01-01,太麺,￥1800代,激辛系,東京都世田谷区,せたが屋,駒沢大学駅,0,0
2000-01-01,極太麺,￥1900代,スタミナ系,東京都足立区,田中商店,梅島駅,0,0
2000-01-01,極細麺,￥2000代,醤油,東京都北区,麺　高橋,赤羽駅,0,0
2000-01-01,細麺,￥2500代,醤油,東京都中央区,ぽっぽっ屋,小伝馬町駅,0,0
2000-01-01,中細麺,￥3000以上,醤油,東京都台東区,凡凡ハウス,稲荷町駅,0,0
2000-01-01,中細麺,￥300以下,醤油,東京都板橋区,欽家,西台駅,0,0
2000-01-01,中細麺,￥300代,醤油,東京都板橋区,蒙古タンメン中本,上板橋駅,0,0
2000-01-01,中細麺,￥400代,醤油,東京都練馬区,十兵衛,大泉学園駅,0,0
2000-01-01,中細麺,￥500代,醤油,東京都江戸川区,めんやもも,一之江駅,0,0
2000-01-01,中太麺,￥600代,醤油,東京都世田谷区,せたが屋,駒澤大学駅,0,0
2000-01-01,中太麺,￥700代,醤油,東京都足立区,ＧＥＮ’Ｓラーメン,竹ノ塚駅,0,0
2000-01-01,中太麺,￥800代,醤油,神奈川県,隠國,淵野辺駅,0,0
2000-01-01,太麺,￥800代,醤油,埼玉県,頑者,本川越駅,0,0
2000-01-01,太麺,￥800代,醤油,東京都北区,ゆうひ屋,赤羽駅,0,0
2001-01-01,極太麺,￥800代,醤油,東京都豊島区,麺舗十六,要町駅,0,0
2001-01-01,極細麺,￥900代,醤油,東京都新宿区,俺の空,高田馬場駅,0,0
2001-01-01,細麺,￥900代,醤油,東京都世田谷区,季織亭,経堂駅,0,0
2001-01-01,中細麺,￥900代,醤油,東京都渋谷区,めん屋八蔵,幡ヶ谷駅,0,0
2001-01-01,中細麺,￥900代,醤油,東京都中野区,麺彩房,沼袋駅,0,0
2001-01-01,中細麺,￥1000代,醤油,東京都江東区,とうかんや,南砂町駅,0,0
2001-01-01,中細麺,￥1000代,醤油,東京都中野区,好日,東中野駅,0,0
2001-01-01,中細麺,￥1000代,醤油,東京都大田区,上弦の月,蒲田駅,0,0
2001-01-01,中太麺,￥1100代,醤油,東京都千代田区,山彦,末広町駅,0,0
2001-01-01,中太麺,￥1200代,醤油,東京都江東区,こうかいぼう,門前仲町駅,0,0
2001-01-01,中太麺,￥1200代,醤油,東京都世田谷区,勢得,千歳船橋駅,0,0
2001-01-01,太麺,￥1200代,醤油,東京都練馬区,くにがみ屋,大泉学園駅,0,0
2001-01-01,太麺,￥1200代,味噌,神奈川県,本丸亭,本厚木駅,0,0
2001-01-01,極太麺,￥1200代,塩,東京都品川区,戸越らーめん えにし,戸越銀座駅,0,0
2002-01-01,極細麺,￥1300代,豚骨,山形県鶴岡市,琴平荘,三瀬駅,0,0
2002-01-01,細麺,￥1400代,豚骨,東京都杉並区,地雷源,方南町駅,0,0
2002-01-01,中細麺,￥1500代,豚骨,東京都稲城市,三歩,稲城長沼駅,0,0
2002-01-01,中細麺,￥1600代,醤油,東京都目黒区,いちばんや,自由が丘駅,0,0
2002-01-01,中細麺,￥1700代,醤油,東京都新宿区,渡なべ,高田馬場駅,0,0
2002-01-01,中細麺,￥1800代,醤油,東京都世田谷区,一番・胤暢番,梅ヶ丘駅,0,0
2002-01-01,中細麺,￥1900代,醤油,東京都港区,ラーメン屋　秀,赤坂駅,0,0
2002-01-01,中太麺,￥2000代,醤油,東京都墨田区,まる玉,両国駅,0,0
2002-01-01,中太麺,￥2500代,醤油,東京都大田区,麺でる,雪が谷大塚駅,0,0
2002-01-01,中太麺,￥3000以上,醤油,東京都国分寺市,和尚,国分寺駅,0,0
2002-01-01,太麺,￥300以下,醤油,東京都あきるの市,麺　池谷精肉店,秋川駅,0,0
2002-01-01,太麺,￥300代,味噌,東京都国分寺市,らーめん和尚,国分寺駅,0,0
2002-01-01,極太麺,￥400代,塩,東京都江戸川区,夢うさぎ,西葛西駅,0,0
2002-01-01,極細麺,￥500代,豚骨,東京都世田谷区,辰屋,松蔭神社駅,0,0
2002-01-01,細麺,￥600代,豚骨,神奈川県,能登山,藤沢本町駅,0,0
2002-01-01,中細麺,￥700代,豚骨,埼玉県,燈の車,狭山市駅,0,0
2002-01-01,中細麺,￥800代,豚骨醤油,千葉県,嘉夢蔵,みのり台駅,0,0
2002-01-01,中細麺,￥800代,純鶏,東京都練馬区,じゃんず,練馬駅,0,0
2002-01-01,中細麺,￥800代,鶏白湯,東京都千代田区,黄金の塩らぁ麺Due Italian,市ヶ谷駅,0,0
2003-01-01,中細麺,￥800代,牛骨,東京都練馬区,ラハメン ヤマン,江古田駅,0,0
2003-01-01,中太麺,￥900代,動物魚介系,東京都新宿区,むろや,新宿御苑前駅,0,0
2003-01-01,中太麺,￥900代,煮干し系,東京都渋谷区,はやし,渋谷駅,0,0
2003-01-01,中太麺,￥900代,鮮魚系,東京都杉並区,田ぶし,高円寺駅,0,0
2003-01-01,太麺,￥900代,甲殻類系,東京都豊島区,創新麺庵生粋,池袋駅,0,0
2003-01-01,太麺,￥1000代,貝だし系,東京都千代田区,めん徳二代目つじ田,麹町駅,0,0
2003-01-01,極太麺,￥1000代,背脂系,東京都世田谷区,鮎ラーメン,二子玉川駅,0,0
2003-01-01,極細麺,￥1000代,ドロ系,東京都世田谷区,稲荷,経堂駅,0,0
2003-01-01,細麺,￥1100代,ベジポタ系,東京都港区,西麻布五行,乃木坂駅,0,0
2003-01-01,中細麺,￥1200代,激辛系,東京都世田谷区,豚そば大大,自由が丘駅,0,0
2003-01-01,中細麺,￥1200代,スタミナ系,東京都渋谷区,ＡＦＵＲＩ・阿夫利,恵比寿駅,0,0
2003-01-01,中細麺,￥1200代,醤油,東京都台東区,麺屋武蔵　武骨,御徒町駅,0,0
2003-01-01,中細麺,￥1200代,醤油,東京都板橋区,らぅめん　いち,東武練馬駅,0,0
2003-01-01,中細麺,￥1200代,醤油,東京都台東区,つしま,浅草駅,0,0
2003-01-01,中太麺,￥1300代,醤油,東京都千代田区,麺者服部,神保町駅,0,0
2003-01-01,中太麺,￥1400代,醤油,東京都三鷹市,たきたろう,三鷹駅,0,0
2003-01-01,中太麺,￥1500代,醤油,東京都あきる野市,池谷精肉店,秋川駅,0,0
2003-01-01,太麺,￥1600代,醤油,東京都西東京市,くぼ田,西武柳沢駅,0,0
2004-01-01,太麺,￥1700代,醤油,東京都北区,中華そば屋 伊藤,王子神谷駅,0,0
2004-01-01,極太麺,￥1800代,醤油,東京都杉並区,旅の途中,新高円寺駅,0,0
2004-01-01,極細麺,￥1900代,醤油,東京都杉並区,はやしまる,高円寺駅,0,0
2004-01-01,細麺,￥2000代,醤油,東京都豊島区,ぼたん,大塚駅,0,0
2004-01-01,中細麺,￥2500代,醤油,東京都武蔵野市,旅人の木,吉祥寺→現：杉並区駅,0,0
2004-01-01,中細麺,￥3000以上,醤油,東京都豊島区,麺屋　海神,池袋駅,0,0
2004-01-01,中細麺,￥300以下,醤油,東京都武蔵野市,きら星,武蔵境駅,0,0
2004-01-01,中細麺,￥300代,醤油,東京都文京区,信濃神麺烈士洵名,春日駅,0,0
2004-01-01,中細麺,￥400代,醤油,神奈川県,隠國別館,淵野辺駅,0,0
2004-01-01,中太麺,￥500代,醤油,東京都西東京市,麺家　宝,田無駅,0,0
2005-01-01,中太麺,￥600代,醤油,東京都武蔵野市,麺屋武蔵　虎洞,吉祥寺駅,0,0
2005-01-01,中太麺,￥700代,醤油,東京都品川区,六厘舎,大崎駅,0,0
2005-01-01,太麺,￥800代,醤油,東京都町田市,胡心房,町田駅,0,0
2005-01-01,太麺,￥800代,醤油,東京都練馬区,○麺堂,東伏見駅,0,0
2005-01-01,極太麺,￥800代,醤油,東京都練馬区,とらのこ,大泉学園駅,0,0
2005-01-01,極細麺,￥800代,醤油,東京都文京区,初代けいすけ,本郷駅,0,0
2005-01-01,細麺,￥900代,醤油,東京都渋谷区,我武者羅,幡ヶ谷駅,0,0
2005-01-01,中細麺,￥900代,味噌,東京都福生市,ら～めん雫,福生駅,0,0
2005-01-01,中細麺,￥900代,塩,東京都渋谷区,轍,神泉駅,0,0
2005-01-01,中細麺,￥900代,豚骨,東京都新宿区,旬麺しろ八,新宿御苑前駅,0,0
2005-01-01,中細麺,￥1000代,豚骨,東京都文京区,つけめんTETSU,西日暮里/千駄木駅,0,0
2005-01-01,中細麺,￥1000代,豚骨,東京都新宿区,麺や庄の,市ヶ谷駅,0,0
2005-01-01,中太麺,￥1000代,醤油,東京都文京区,らーめん登楽ふみや,御茶ノ水駅,0,0
2006-01-01,中太麺,￥1100代,醤油,東京都千代田区,北かま,神保町駅,0,0
2006-01-01,中太麺,￥1200代,醤油,東京都渋谷区,麺屋武蔵　武骨外伝,渋谷駅,0,0
2006-01-01,太麺,￥1200代,醤油,東京都世田谷区,臥龍,三軒茶屋駅,0,0
2006-01-01,太麺,￥1200代,醤油,東京都渋谷区,不如帰,幡ヶ谷駅,0,0
2006-01-01,極太麺,￥1200代,醤油,東京都江東区,吉左右,木場駅,0,0
2006-01-01,極細麺,￥1200代,醤油,東京都杉並区,いしはら,西荻窪駅,0,0
2006-01-01,細麺,￥1300代,醤油,東京都目黒区,づゅる麺池田,目黒駅,0,0
2006-01-01,中細麺,￥1400代,味噌,東京都東久留米市,丸め,花小金井/東久留米駅,0,0
2007-01-01,中細麺,￥1500代,塩,東京都中野区,麺や七彩,都立家政駅,0,0
2007-01-01,中細麺,￥1600代,豚骨,東京都武蔵野市,らーめん新源地,三鷹駅,0,0
2007-01-01,中細麺,￥1700代,豚骨,東京都品川区,ajito,大井町駅,0,0
2007-01-01,中細麺,￥1800代,豚骨,東京都渋谷区,麺恋処いそじ,代々木駅,0,0
2007-01-01,中太麺,￥1900代,豚骨醤油,東京都世田谷区,アイバンラーメン,芦花公園駅,0,0
2007-01-01,中太麺,￥2000代,純鶏,東京都文京区,四川担担麺 阿吽,湯島駅,0,0
2007-01-01,中太麺,￥2500代,鶏白湯,東京都新宿区,麺屋 宗,高田馬場駅,0,0
2007-01-01,太麺,￥3000以上,牛骨,東京都葛飾区,もぐや,亀有駅,0,0
2008-01-01,太麺,￥300以下,動物魚介系,東京都中野区,江戸甘,都立家政駅,0,0
2008-01-01,極太麺,￥300代,煮干し系,東京都杉並区,RAMEN CIQUE,南阿佐ヶ谷駅,0,0
2008-01-01,極細麺,￥400代,鮮魚系,東京都新宿区,ラーメン凪 新宿ゴールデン街店,新宿駅,0,0
2008-01-01,細麺,￥500代,甲殻類系,東京都千代田区,覆麺 智,神保町駅,0,0
2008-01-01,中細麺,￥600代,貝だし系,東京都府中市,麺創研かなで,府中駅,0,0
2009-01-01,中細麺,￥700代,背脂系,東京都八王子市,煮干鰮らーめん 圓,八王子駅,0,0
2009-01-01,中細麺,￥800代,ドロ系,東京都板橋区,らあめん元～HAJIME～,蓮根駅,0,0
2009-01-01,中細麺,￥800代,ベジポタ系,東京都品川区,井田商店,荏原中延駅,0,0
2009-01-01,中細麺,￥800代,激辛系,東京都新宿区,小麦と肉 桃の木,新宿御苑前-旧駅,0,0
2009-01-01,中太麺,￥800代,スタミナ系,東京都豊島区,馳走麺 狸穴,池袋駅,0,0
2009-01-01,中太麺,￥900代,醤油,東京都新宿区,紅蓮,早稲田駅,0,0
2009-01-01,中太麺,￥900代,醤油,東京都新宿区,道玄,高田馬場駅,0,0
2009-01-01,太麺,￥900代,醤油,東京都中野区,澤神,新中野駅,0,0
2009-01-01,太麺,￥900代,醤油,東京都中央区,室壱羅麺,三越前駅,0,0
2009-01-01,極太麺,￥1000代,醤油,東京都葛飾区,天翔,亀有駅,0,0
2010-01-01,極細麺,￥1000代,醤油,東京都台東区,きみはん,鶯谷駅,0,0
2010-01-01,細麺,￥1000代,醤油,東京都文京区,魚雷,春日駅,0,0
2010-01-01,中細麺,￥1100代,醤油,東京都新宿区,ラーメン凪 特級中華そば,西新宿駅,0,0
2010-01-01,中細麺,￥1200代,醤油,東京都千代田区,紬麦,秋葉原駅,0,0
2010-01-01,中細麺,￥1200代,醤油,東京都中央区,銀笹,新橋/築地市場駅,0,0
2010-01-01,中細麺,￥1200代,醤油,東京都文京区,雅ノ屋,御茶ノ水駅,0,0
2010-01-01,中細麺,￥1200代,醤油,東京都新宿区,優創,新大久保駅,0,0
2010-01-01,中太麺,￥1200代,醤油,東京都練馬区,麺や 河野,中村橋駅,0,0
2010-01-01,中太麺,￥1300代,醤油,東京都杉並区,鳴神,荻窪駅,0,0
2011-01-01,中太麺,￥1400代,醤油,東京都調布市,柴崎亭,つつじヶ丘駅,0,0
2011-01-01,太麺,￥1500代,醤油,東京都渋谷区,アートマサシヤ,渋谷駅,0,0
2011-01-01,太麺,￥1600代,醤油,東京都新宿区,一条流がんこラーメン総本家,四谷三丁目駅,0,0
2011-01-01,極太麺,￥1700代,醤油,東京都千代田区,饗 くろ喜,秋葉原駅,0,0
2011-01-01,極細麺,￥1800代,醤油,東京都港区,麺屋武蔵 虎嘯,六本木駅,0,0
2011-01-01,細麺,￥1900代,醤油,東京都新宿区,ラーメン凪 炎のつけめん,西新宿駅,0,0
2011-01-01,中細麺,￥2000代,醤油,東京都練馬区,三獣使,上井草駅,0,0
2011-01-01,中細麺,￥2500代,醤油,東京都千代田区,ソラノイロ,麹町駅,0,0
2011-01-01,中細麺,￥3000以上,醤油,長野県上田市,ひばりや,上田駅,0,0
2012-01-01,中細麺,￥300以下,醤油,東京都豊島区,Japanese Soba Noodles蔦,巣鴨駅,0,0
2012-01-01,中細麺,￥300代,味噌,東京都杉並区,Bia Bia,東高円寺駅,0,0
2012-01-01,中太麺,￥400代,塩,東京都豊島区,Hulu-lu,池袋駅,0,0
2012-01-01,中太麺,￥500代,豚骨,東京都杉並区,素和可,高円寺駅,0,0
2012-01-01,中太麺,￥600代,豚骨,東京都台東区,麺処 晴,入谷/鶯谷駅,0,0
2012-01-01,太麺,￥700代,豚骨,東京都練馬区,金時,江古田駅,0,0
2012-01-01,太麺,￥800代,醤油,東京都杉並区,ねいろ屋,荻窪駅,0,0
2012-01-01,極太麺,￥800代,醤油,東京都新宿区,モモンガ,西武新宿駅,0,0
2012-01-01,極細麺,￥800代,醤油,東京都練馬区,美志満,桜台駅,0,0
2012-01-01,細麺,￥800代,醤油,東京都豊島区,鳴龍＠大塚,大塚駅,0,0
2013-01-01,中細麺,￥900代,醤油,東京都新宿区,やまぐち,西早稲田・高田馬場駅,0,0
2013-01-01,中細麺,￥900代,醤油,東京都小金井市,くじら食堂,東小金井駅,0,0
2013-01-01,中細麺,￥900代,醤油,東京都新宿区,麺や庄の gotsubo,新宿御苑前駅,0,0
2013-01-01,中細麺,￥900代,醤油,東京都中野区,すぎ本,鷺ノ宮駅,0,0
2013-01-01,中細麺,￥1000代,味噌,東京都豊島区,煮干しそば 暁,大塚駅,0,0
2013-01-01,中太麺,￥1000代,塩,東京都豊島区,志奈そば 田なか(豊島区,大塚駅,0,0
2013-01-01,中太麺,￥1000代,豚骨,東京都練馬区,似星,中村橋駅,0,0
2013-01-01,中太麺,￥1100代,豚骨,東京都練馬区,きころく,練馬県駅,0,0
2013-01-01,太麺,￥1200代,豚骨,東京都中央区,銀座 篝,銀座駅,0,0
2013-01-01,太麺,￥1200代,豚骨醤油,東京都練馬区,RAMEN GOTTSU,練馬駅,0,0
2013-01-01,極太麺,￥1200代,純鶏,東京都新宿区,児ノ木,落合駅,0,0
2014-01-01,極細麺,￥1200代,鶏白湯,東京都中野区,つけ麺しろぼし,東中野駅,0,0
2014-01-01,細麺,￥1200代,牛骨,東京都新宿区,巌哲,早稲田駅,0,0
2014-01-01,中細麺,￥1300代,動物魚介系,東京都豊島区,蔦の葉,巣鴨駅,0,0
2014-01-01,中細麺,￥1400代,煮干し系,東京都渋谷区,角栄→我武者羅,代々木駅,0,0
2014-01-01,中細麺,￥1500代,鮮魚系,東京都豊島区,六感堂,池袋駅,0,0
2014-01-01,中細麺,￥1600代,甲殻類系,東京都中央区,むぎとオリーブ,銀座/東銀座駅,0,0
2014-01-01,中細麺,￥1700代,貝だし系,東京都渋谷区,製麺rabo,西新宿五丁目駅,0,0
2014-01-01,中太麺,￥1800代,背脂系,東京都台東区,七麺鳥,鶯谷駅,0,0
2014-01-01,中太麺,￥1900代,ドロ系,東京都新宿区,葉山,牛込柳町駅,0,0
2015-01-01,中太麺,￥2000代,ベジポタ系,東京都杉並区,RAIK/ライク,永福町駅,0,0
2015-01-01,太麺,￥2500代,激辛系,東京都杉並区,麺尊RAGE,西荻窪駅,0,0
2015-01-01,太麺,￥3000以上,スタミナ系,東京都新宿区,としおか,早稲田駅,0,0
2015-01-01,極太麺,￥300以下,醤油,東京都北区,麺処 きなり,駒込駅,0,0
2015-01-01,極細麺,￥300代,醤油,東京都千代田区,勝本,水道橋駅,0,0
2015-01-01,細麺,￥400代,醤油,東京都新宿区,麺庵 ちとせ,曙橋駅,0,0
2016-01-01,中細麺,￥500代,醤油,東京都杉並区,いろはや,阿佐ヶ谷駅,0,0
2016-01-01,中細麺,￥600代,醤油,東京都新宿区,麺屋 悠,大久保駅,0,0
2016-01-01,中細麺,￥700代,醤油,東京都港区,ふるめん,六本木一丁目駅,0,0
2016-01-01,中細麺,￥800代,醤油,東京都中野区,一富士はりたや,中野新橋駅,0,0
2016-01-01,中細麺,￥800代,醤油,東京都中野区,濃厚鶏そば 真白,野方駅,0,0
2017-01-01,中太麺,￥800代,醤油,東京都杉並区,山と樹,高円寺駅,0,0
2017-01-01,中太麺,￥800代,醤油,東京都台東区,支那そば 大和,稲荷町駅,0,0
2017-01-01,中太麺,￥900代,醤油,東京都杉並区,中華蕎麦 はる,下井草駅,0,0
2017-01-01,太麺,￥900代,醤油,東京都中野区,かしわぎ,東中野駅,0,0
2017-01-01,太麺,￥900代,醤油,東京都渋谷区,福丸,幡ヶ谷/笹塚駅,0,0
2017-01-01,極太麺,￥900代,醤油,東京都杉並区,箸とレンゲ,阿佐ヶ谷駅,0,0
2017-01-01,極細麺,￥1000代,醤油,東京都新宿区,らぁ麺 はやし田 新宿本店,新宿三丁目駅,0,0
2017-01-01,細麺,￥1000代,醤油,東京都武蔵野市,Tombo,井の頭公園/吉祥寺駅,0,0
2017-01-01,中細麺,￥1000代,醤油,東京都渋谷区,生姜醤油専門 我武者羅,代々木駅,0,0
2018-01-01,中細麺,￥1100代,醤油,東京都中野区,メンドコロkinari,東中野駅,0,0
2018-01-01,中細麺,￥1200代,醤油,東京都杉並区,あんくるてい,井荻駅,0,0
2018-01-01,中細麺,￥1200代,醤油,東京都杉並区,貝節麺raik,方南町駅,0,0
2018-01-01,中細麺,￥1200代,醤油,東京都杉並区,純手打ち だるま,中野富士見町駅,0,0
2018-01-01,中太麺,￥1200代,醤油,東京都新宿区,麺宿 志いな,新宿御苑前駅,0,0
2018-01-01,中太麺,￥1200代,醤油,東京都杉並区,六九麺,高円寺駅,0,0
2019-01-01,中太麺,￥1300代,醤油,東京都北区,竹千代,尾久駅,0,0
2019-01-01,太麺,￥1400代,味噌,東京都杉並区,らぁ麺 いしばし,南阿佐ヶ谷駅,0,0
2019-01-01,太麺,￥1500代,塩,東京都中野区,鶏そば煮干そば 花山,中野駅,0,0
2019-01-01,極太麺,￥1600代,豚骨,東京都中野区,ニボロク,新井薬師前駅,0,0
2019-01-01,極細麺,￥1700代,豚骨,東京都新宿区,小麦と肉 桃の木,新宿御苑前-新駅,0,0
2019-01-01,細麺,￥1800代,豚骨,東京都新宿区,スパイスらぁめん 釈迦,新宿御苑前駅,0,0
2019-01-01,中細麺,￥1900代,醤油,東京都中野区,竹麓らーめん,中野駅,0,0
2019-01-01,中細麺,￥2000代,醤油,東京都中野区,油そば 東京スパイス,中野駅,0,0
2019-01-01,中細麺,￥2500代,醤油,東京都練馬区,麺屋 わおん,上井草駅,0,0
2019-01-01,中細麺,￥3000以上,醤油,東京都中野区,ただいま、変身中,中野駅,0,0
2019-01-01,中細麺,￥300以下,醤油,東京都杉並区,らーめん処 くろ助,新高円寺駅,0,0
2019-01-01,中太麺,￥300代,醤油,東京都渋谷区,玉 新宿店,代々木/新宿駅,0,0
2020-01-01,中太麺,￥400代,醤油,東京都三鷹市,ワンタンメンの満月 三鷹店,三鷹駅,0,0
2020-01-01,中太麺,￥500代,醤油,東京都世田谷区,世田谷 磯野,梅ヶ丘駅,0,0
2020-01-01,太麺,￥600代,味噌,東京都杉並区,麺壁九年,井荻駅,0,0
2024-01-01,極細麺,￥600代,醤油,北海道旭川市,ら～めんや天金,北海道旭川市4条9丁目,0,0
2024-01-01,細麺,￥700代,醤油,北海道旭川市,蔦亭,北海道旭川市北門町11丁目,0,0
2024-01-01,中細麺,￥800代,醤油,北海道旭川市,ラーメン専門　つるや,北海道旭川市4条通19左10,0,0
2024-01-01,中細麺,￥800代,醤油,北海道旭川市,蜂屋ラーメン本店,北海道旭川市3条通15丁目,0,0
2024-01-01,中細麺,￥800代,醤油,北海道旭川市,旭川らうめん青葉,北海道旭川市2条8丁目　2条ビル名店街1F,0,0
2024-01-01,中細麺,￥800代,醤油,北海道旭川市,梅光軒,北海道旭川市2条8丁目　買い物公園ピアザビルBF,0,0
2024-01-01,中細麺,￥900代,醤油,北海道旭川市,西山軒,北海道旭川市2条8丁目　買い物公園,0,0
2024-01-01,中太麺,￥900代,醤油,北海道旭川市,味乃やまびこ本店,北海道旭川市豊岡12条1-4-16,0,0
2024-01-01,中太麺,￥900代,醤油,北海道旭川市,よし乃本店,北海道旭川市豊岡1条1-1-8,0,0
2024-01-01,中太麺,￥900代,醤油,北海道旭川市,門月かかか,北海道旭川市豊岡4条5丁目,0,0
2024-01-01,太麺,￥1000代,醤油,北海道旭川市,山頭火本店,北海道旭川市1条8丁目,0,0
2024-01-01,極細麺,￥1000代,醤油,北海道札幌市,麺屋　三四郎,北海道札幌市中央区南八条西13-3-35,0,0
2024-01-01,細麺,￥1000代,醤油,北海道札幌市,焙煎らーめん　美乃家,北海道札幌市中央区南4条西2丁目,0,0
2024-01-01,中細麺,￥1100代,味噌,北海道札幌市,けやき,北海道札幌市中央区南6条西3丁目仲通り,0,0
2024-01-01,中細麺,￥1200代,醤油,北海道札幌市,五丈原,北海道札幌市中央区南7条西8丁目,0,0
2024-01-01,中細麺,￥1200代,味噌,北海道札幌市,味噌ラーメン専門店　狼スープ,北海道札幌市中央区南11条西1丁目,0,0
2024-01-01,中細麺,￥1200代,醤油,北海道札幌市,あら焚き豚骨　あらとん,北海道札幌市中央区北十条西21-15-4,0,0
2024-01-01,中細麺,￥1200代,味噌,北海道札幌市,さっぽろラーメン桑名,北海道札幌市西区琴似1-7-1-2,0,0
2024-01-01,中太麺,￥1200代,醤油,北海道札幌市,らーめん輝,北海道札幌市北区新琴似7条13-5-22,0,0
2024-01-01,中太麺,￥1300代,醤油,北海道札幌市,らーめん北山龍,北海道札幌市北区麻生町2-4-8,0,0
2024-01-01,中太麺,￥600代,醤油,北海道札幌市,やぶれかぶれ,北海道札幌市北区北34条西7丁目,0,0
2024-01-01,太麺,￥700代,醤油,北海道札幌市,麺処　平成,北海道札幌市北区24条西4-22,0,0
2024-01-01,極細麺,￥800代,醤油,北海道札幌市,平成軒,北海道札幌市東区北27条東28丁目,0,0
2024-01-01,細麺,￥800代,醤油,北海道札幌市,ラーメンの白樺山荘,北海道札幌市豊平区平岸3-13,0,0
2024-01-01,中細麺,￥800代,味噌,北海道札幌市,さっぽろ純連,北海道札幌市豊平区平岸2条17-1-41,0,0
2024-01-01,中細麺,￥800代,塩,北海道札幌市,すみれ,北海道札幌市豊平区中の島2条4-7-28,0,0
2024-01-01,中細麺,￥900代,豚骨,北海道札幌市,麺屋　彩未,北海道札幌市豊平区美園10条5-3-3,0,0
2024-01-01,中細麺,￥900代,豚骨,北海道函館市,新函館ラーメン　マメさん,北海道函館市末広町12-3,0,0
2024-01-01,中細麺,￥900代,豚骨,北海道函館市,鳳来軒,北海道函館市末広町8-1,0,0
2024-01-01,中太麺,￥900代,醤油,北海道函館市,鳳蘭,北海道函館市松風町5-13,0,0
2024-01-01,中太麺,￥1000代,醤油,北海道函館市,麺厨房あじさい本店,北海道函館市五稜郭町29-22,0,0
2024-01-01,中太麺,￥1000代,醤油,北海道釧路市,ラーメンマル美　春鶴,北海道釧路市鳥取大通7-2-4,0,0
2024-01-01,太麺,￥1000代,醤油,北海道釧路市,仁,北海道釧路市鳥取北5-1-5,0,0
2024-01-01,極細麺,￥1100代,醤油,北海道釧路市,ラーメン銀水,北海道釧路市末広3-4,0,0
2024-01-01,細麺,￥1200代,醤油,北海道釧路市,釧路ラーメン河むら,北海道釧路市末広5-2,0,0
2024-01-01,中細麺,￥1200代,醤油,北海道釧路市,まるひら,北海道釧路市浦見8-1-13,0,0
2024-01-01,中細麺,￥1200代,醤油,北海道釧路市,ほそめんラーメン山鳥,北海道釧路市末広4-3,0,0
2024-01-01,中細麺,￥1200代,味噌,北海道釧路市,ラーメン専門店ミハラ,北海道釧路市中園中園町19-4,0,0
2024-01-01,中細麺,￥1200代,醤油,北海道釧路市,みかみ,北海道釧路市新開3-10,0,0
2024-01-01,中細麺,￥1300代,醤油,北海道釧路市,柳苑,北海道釧路市住之江町11-31,0,0
2024-01-01,中太麺,￥600代,醤油,北海道釧路市,夏堀,北海道釧路市益浦4-23-2,0,0
2024-01-01,中太麺,￥700代,醤油,北海道小樽市,ラーメンこもれび,北海道小樽市新光2-14-1,0,0
2024-01-01,中太麺,￥800代,醤油,北海道上川郡,あさひ食堂,北海道上川郡上川町南町135,0,0
2024-01-01,太麺,￥800代,醤油,北海道上川郡,きよし食堂,北海道上川郡上川町中央町73,0,0
2024-01-01,極細麺,￥800代,醤油,北海道上川郡,ラーメンの鉄人　しばやま,北海道上川郡上川町中央町72-2,0,0
2024-01-01,細麺,￥800代,醤油,北海道上川郡,鈴蘭食堂,北海道上川郡上川町中央町2-1625,0,0
2024-01-01,中細麺,￥900代,醤油,北海道上川郡,食事と喫茶の店　角,北海道上川郡上川町中央町2-1094,0,0
2024-01-01,中細麺,￥900代,醤油,北海道上川郡,くみあい食堂,北海道上川郡上川町北町2-1018,0,0
2024-01-01,中細麺,￥900代,醤油,北海道上川郡,愛山渓ドライブイン,北海道上川郡上川町東雲341,0,0
2024-01-01,中細麺,￥900代,醤油,北海道上川郡,三輪商事,北海道上川郡上川町新町5-1606,0,0
2024-01-01,中細麺,￥1000代,醤油,北海道上川郡,層雲峡レストハウス黒岳,北海道上川郡上川町層雲峡5-3031,0,0
2024-01-01,中太麺,￥1000代,醤油,北海道上川郡,層雲ラーメン,北海道上川郡上川町層雲峡5-3311,0,0
2024-01-01,中太麺,￥1000代,醤油,青森県青森市,八森,青森県青森市中央1-26-11,0,0
2024-01-01,中太麺,￥1100代,醤油,青森県青森市,いりしめ（入〆）,青森県青森市青柳1-12-22,0,0
2024-01-01,太麺,￥1200代,醤油,青森県青森市,くどうラーメン,青森県青森市新町1-6-12,0,0
2024-01-01,極細麺,￥1200代,醤油,青森県青森市,長尾中華そば店,青森県青森市浜田豊田150-14,0,0
2024-01-01,細麺,￥1200代,醤油,青森県青森市,まるかい有限会社,青森県青森市安方2-2-16,0,0
2024-01-01,中細麺,￥1200代,醤油,青森県青森市,つねた食堂,青森県青森市浪岡北中野天王1-1,0,0
2024-01-01,中細麺,￥1200代,醤油,青森県青森市,丸海鳴海中華そば店,青森県青森市長島2-12-3,0,0
2024-01-01,中細麺,￥1300代,醤油,青森県平川市,らーめんこう屋,青森県平川市柏木町東田313-3,0,0
2024-01-01,中細麺,￥600代,醤油,青森県弘前市,中華そば緑屋,青森県弘前市豊田1-1-2,0,0
2024-01-01,中細麺,￥700代,醤油,青森県弘前市,中華そばの三益屋,青森県弘前市大字富田町163,0,0
2024-01-01,中太麺,￥800代,味噌,青森県弘前市,たかはし中華そば店,青森県弘前市撫牛子1-3-6,0,0
2024-01-01,中太麺,￥800代,塩,青森県弘前市,屋台やラーメン　五味,青森県弘前市大字和泉1-1-1,0,0
2024-01-01,中太麺,￥800代,豚骨,青森県弘前市,中華そば緑屋,青森県弘前市豊田1-1-2,0,0
2024-01-01,太麺,￥800代,豚骨,青森県弘前市,中華そばマル真,青森県弘前市大字石渡4-16-1,0,0
2024-01-01,極細麺,￥900代,豚骨,青森県弘前市,らあめん井上家,青森県弘前市稲田2-5-2城東サングリーン1F2号,0,0
2024-01-01,細麺,￥900代,醤油,青森県弘前市,チャイナドール,青森県弘前市土手町49-1弘前中三B1,0,0
2024-01-01,中細麺,￥900代,醤油,青森県五所川原市,和歌山,青森県五所川原市十三羽黒崎133-22,0,0
2024-01-01,中細麺,￥900代,醤油,岩手県宮古市,たらふく,岩手県宮古市大通1-1-20,0,0
2024-01-01,中細麺,￥1000代,醤油,岩手県花巻市,元祖満州にらラーメン　さかえや本店,岩手県花巻市山の神1000-1,0,0
2024-01-01,中細麺,￥1000代,醤油,岩手県盛岡市,柳家　大通り本店,岩手県盛岡市大通2-2-15,0,0
2024-01-01,中細麺,￥1000代,醤油,秋田県仙北郡,手打ち伊藤,秋田県仙北郡角館町岩瀬金山下115-66,0,0
2024-01-01,中太麺,￥1100代,醤油,秋田県横手市,名代三角そばや,秋田県横手市十文字町本町6-1,0,0
2024-01-01,中太麺,￥1200代,醤油,秋田県横手市,らーめん丈屋,秋田県横手市前郷大乗院塚53-4,0,0
2024-01-01,中太麺,￥1200代,味噌,秋田県能代市,十八番,秋田県能代市追分町2-50,0,0
2024-01-01,太麺,￥1200代,醤油,秋田県秋田市,らーめん処えびや,秋田県秋田市山王2-4-6,0,0
2024-01-01,極細麺,￥1200代,醤油,山形県山形市,栄屋本店,山形県山形市本町2-3-21,0,0
2024-01-01,細麺,￥1200代,醤油,山形県山形市,栄屋分店,山形県山形市北山形2-2-54,0,0
2024-01-01,中細麺,￥1300代,醤油,山形県山形市,佐藤屋,山形県山形市桜町5-6,0,0
2024-01-01,中細麺,￥600代,醤油,山形県天童市,手打ち　水車生そば,山形県天童市鎌田本町1-3-26,0,0
2024-01-01,中細麺,￥700代,醤油,山形県西村山郡,いろは本店,山形県西村山郡河北町谷地中央2-1-15,0,0
2024-01-01,中細麺,￥800代,醤油,山形県南陽市,赤湯ラーメン龍上海,山形県南陽市二食根6-18,0,0
2024-01-01,中細麺,￥800代,醤油,山形県酒田市,味龍,山形県酒田市錦町1-2-24,0,0
2024-01-01,中太麺,￥800代,醤油,山形県酒田市,三日月軒　中町店,山形県酒田市中町2-4-7,0,0
2024-01-01,中太麺,￥800代,醤油,山形県鶴岡市,ラーメン尾浦,山形県鶴岡市下川字西谷地1-2,0,0
2024-01-01,中太麺,￥900代,醤油,山形県新庄市,急行食堂,山形県新庄市沖の町2-21,0,0
2024-01-01,太麺,￥900代,醤油,宮城県仙台市,味よし,宮城県仙台市若林区中倉1-7-30,0,0
2024-01-01,極細麺,￥900代,醤油,宮城県仙台市,らーめん堂仙台っ子,宮城県仙台市青葉区中央1-8-38,0,0
2024-01-01,細麺,￥900代,醤油,宮城県仙台市,北○（きたまる）ラーメン,宮城県仙台市青葉区一番町4-4-23,0,0
2024-01-01,中細麺,￥1000代,醤油,宮城県仙台市,麺屋　とがし,宮城県仙台市泉区南光台2-14-59,0,0
2024-01-01,中細麺,￥1000代,醤油,宮城県仙台市,五福星,宮城県仙台市泉区野村字馬場屋敷11-2,0,0
2024-01-01,中細麺,￥1000代,醤油,宮城県宮城郡,らーめん　本竈,宮城県宮城郡利府町神谷沢字化粧坂63-2,0,0
2024-01-01,中細麺,￥1100代,醤油,福島県喜多方市,源来軒,福島県喜多方市一本木上7745,0,0
2024-01-01,中細麺,￥1200代,醤油,福島県喜多方市,食堂　はせ川,福島県喜多方市字大荒井6,0,0
2024-01-01,中太麺,￥1200代,醤油,福島県喜多方市,一平,福島県喜多方市字常盤台11,0,0
2024-01-01,中太麺,￥1200代,醤油,福島県喜多方市,喜一,福島県喜多方市字大谷地田3923,0,0
2024-01-01,中太麺,￥1200代,醤油,福島県喜多方市,あべ食堂,福島県喜多方市緑町4506,0,0
2024-01-01,太麺,￥1200代,醤油,福島県喜多方市,まこと食堂,福島県喜多方市字小田付道下7116,0,0
2024-01-01,極細麺,￥1300代,醤油,福島県喜多方市,食堂　なまえ,福島県喜多方市字永久7693-3,0,0
2024-01-01,細麺,￥600代,味噌,福島県喜多方市,坂内食堂,福島県喜多方市細田7230,0,0
2024-01-01,中細麺,￥700代,塩,福島県喜多方市,上海,福島県喜多方市字2-4650,0,0
2024-01-01,中細麺,￥800代,豚骨,福島県白河市,とら食堂,福島県白河市大字双石滝ノ尻1,0,0
2024-01-01,中細麺,￥800代,豚骨,福島県白河市,火風鼎,福島県白河市鬼越44-16,0,0
2024-01-01,中細麺,￥800代,豚骨,福島県白河市,手打ち中華　すずき食堂,福島県白河市瀬戸原4-9,0,0
2024-01-01,中細麺,￥800代,醤油,福島県白河市,いげたや,福島県白河市新白河1-37,0,0
2024-01-01,中太麺,￥900代,醤油,福島県白河市,ラーメン英,福島県白河市二番町6,0,0
2024-01-01,中太麺,￥900代,醤油,福島県白河市,カネダイ,福島県白河市昭和町201-1,0,0
2024-01-01,中太麺,￥900代,醤油,福島県白河市,朝日屋,福島県白河市白坂字三輪台6-64,0,0
2024-01-01,太麺,￥900代,醤油,福島県白河市,手打ち中華　大正,福島県白河市惣小屋25,0,0
2024-01-01,極細麺,￥1000代,醤油,福島県西白河郡,白河手打ち中華そば　たいち,福島県西白河郡表郷村金山字越堀101-1,0,0
2024-01-01,細麺,￥1000代,醤油,福島県白河市,麺　しょう,福島県白河市旗宿白河内7-2,0,0
2024-01-01,中細麺,￥1000代,醤油,福島県いわき市,天空,福島県いわき市鹿島町下矢田字十王町5-1,0,0
2024-01-01,中細麺,￥1100代,味噌,福島県郡,麺屋　正遊,福島県郡山市熱海町高玉字二渡69-1,0,0
2024-01-01,中細麺,￥1200代,醤油,福島県須賀川市,とらや分店　伏龍,福島県須賀川市西川字後田6-2,0,0
2024-01-01,中細麺,￥1200代,醤油,福島県石川郡,手打ち中華　餐,福島県石川郡石川町形見字大工内161,0,0
2024-01-01,中細麺,￥1200代,醤油,福島県白河郡,白河手打ち中華　彩華,福島県白河郡西郷村米字上畑137-1,0,0
2024-01-01,中太麺,￥1200代,醤油,福島県双葉郡,手打ち中華そば　活力屋,福島県双葉郡広野町折木字北沢176-245,0,0
2024-01-01,中太麺,￥1200代,醤油,福島県田村郡,とらや分店　村田や,福島県田村郡三春町斎藤字場上田242-1,0,0
2024-01-01,中太麺,￥1300代,醤油,東京都国分寺市,白河手打ち中華そば　孫一,東京都国分寺市日吉町3-31-2,0,0
2024-01-01,太麺,￥600代,醤油,東京都町田市,白河中華そば　一番いちばん,東京都町田市中町1-28-24,0,0
2024-01-01,極細麺,￥700代,醤油,神奈川県横浜市,手打ち　白河中華そば,神奈川県横浜市都筑区茅ヶ崎南2-15-19,0,0
2024-01-01,細麺,￥800代,醤油,埼玉県富士見市,手打ち中華　もめん,埼玉県富士見市水谷2-4-11,0,0
2024-01-01,中細麺,￥800代,醤油,栃木県那須塩原市,とらや分店,栃木県那須塩原市上厚崎439-5,0,0
2024-01-01,中細麺,￥800代,醤油,山梨県甲府市,手打ち工房　凌駕,山梨県甲府市国母5-6-5,0,0
2024-01-01,中細麺,￥800代,醤油,山口県山口市,手打ち中華そば　侍,山口県山口市仁保中郷760-6,0,0
2024-01-01,中細麺,￥900代,醤油,新潟県新潟市,ラーメン拾番,新潟県新潟市古町通10-1664,0,0
2024-01-01,中細麺,￥900代,醤油,新潟県新潟市,侍元,新潟県新潟市坂井東4-15-16,0,0
2024-01-01,中太麺,￥900代,醤油,新潟県新潟市,天龍,新潟県新潟市古町通8-1487　第２天龍ビル1Ｆ,0,0
2024-01-01,中太麺,￥900代,醤油,新潟県新潟市,らーめんとぎょうざの店　竜胆,新潟県新潟市粟山4-33-1,0,0
2024-01-01,中太麺,￥1000代,醤油,新潟県新潟市,三吉屋,新潟県新潟市西堀通5-829,0,0
2024-01-01,太麺,￥1000代,醤油,新潟県新潟市,ばすきや,新潟県新潟市小針西1-5-23,0,0
2024-01-01,極細麺,￥1000代,醤油,新潟県新潟市,味の大昌,新潟県新潟市吉江387-1,0,0
2024-01-01,細麺,￥1100代,醤油,新潟県新潟市,おもだかや,新潟県新潟市竹尾667,0,0
2024-01-01,中細麺,￥1200代,醤油,新潟県上越市,麺屋　あごすけ,新潟県上越市大字下門前1650,0,0
2024-01-01,中細麺,￥1200代,醤油,新潟県見附市,碧空麺舗,新潟県見附市今町5-30-30,0,0
2024-01-01,中細麺,￥1200代,醤油,新潟県魚沼市,味平,新潟県魚沼市小出島1209-61,0,0
2024-01-01,中細麺,￥1200代,醤油,新潟県南魚沼市,麺屋　のばな,新潟県南魚沼市六日町2906-1,0,0
2024-01-01,中細麺,￥1200代,味噌,新潟県糸魚川市,あさひ楼,新潟県糸魚川市能生4572-1,0,0
2024-01-01,中太麺,￥1300代,塩,新潟県新発田市,麺食堂　まる七,新潟県新発田市大字鳥潟393-1,0,0
2024-01-01,中太麺,￥600代,豚骨,新潟県新潟市,中華の来味,新潟県新潟市粟山4-33-1,0,0
2024-01-01,中太麺,￥700代,豚骨,新潟県新潟市,麺屋　来味,新潟県新潟市大形本町5-6-6,0,0
2024-01-01,太麺,￥800代,豚骨,新潟県長岡市,麺香房　ぶしや,新潟県長岡市関原1-4582-1,0,0
2024-01-01,極細麺,￥800代,醤油,新潟県西蒲原郡,こまどり,新潟県西蒲原郡巻町竹野町下田2454-1,0,0
2024-01-01,細麺,￥800代,醤油,新潟県新潟市,ラーメン　東横,新潟県新潟市中央区南笹口1-1-38コープオリンピア笹口1Ｆ,0,0
2024-01-01,中細麺,￥800代,醤油,新潟県長岡市,いち井,新潟県長岡市平島3-105,0,0
2024-01-01,中細麺,￥900代,醤油,新潟県長岡市,青島食堂　宮内駅前店,新潟県長岡市3-5-3,0,0
2024-01-01,中細麺,￥900代,醤油,新潟県燕市,抗州飯店,新潟県燕市西燕49-4,0,0
2024-01-01,中細麺,￥900代,醤油,新潟県燕市,酒麺亭　潤　燕総本店,新潟県燕市小牧字脇畑464-12,0,0
2024-01-01,中細麺,￥900代,醤油,新潟県燕市,福来亭　本店,新潟県燕市燕3017,0,0
2024-01-01,中太麺,￥1000代,醤油,新潟県三条市,いこい食堂,新潟県三条市林町2-17-2,0,0
2024-01-01,中太麺,￥1000代,味噌,新潟県長岡市,安福亭　千手店,新潟県長岡市千手2-2-29,0,0
2024-01-01,中太麺,￥1000代,醤油,富山県富山市,大喜　西町店,富山県富山市太田口通1-1-7,0,0
2024-01-01,太麺,￥1100代,醤油,富山県富山市,中華そば　ぼんてん,富山県富山市婦中町下轡田389-1,0,0
2024-01-01,極細麺,￥1200代,醤油,富山県射水市,めん八　本店,富山県射水市太閤山1-7-10,0,0
2024-01-01,細麺,￥1200代,醤油,富山県高岡市,誠や,富山県高岡市宝町11-5,0,0
2024-01-01,中細麺,￥1200代,醤油,長野県諏訪郡,赤兎,長野県諏訪郡下諏訪町南高木8943,0,0
2024-01-01,中細麺,￥1200代,醤油,長野県長野市,頑固麺飯魂　気むずかし家,長野県長野市高田南向1224-6,0,0
2024-01-01,中細麺,￥1200代,醤油,長野県長野市,まとや,長野県長野市大字鶴賀南千歳町876-13,0,0
2024-01-01,中細麺,￥1300代,醤油,長野県長野市,らーめん　てんてん,長野県長野市権藤町2258-5,0,0
2024-01-01,中細麺,￥600代,醤油,長野県北佐久郡,軽井沢創作料理　ロコ,長野県北佐久郡軽井沢町軽井沢1571-5,0,0
2024-01-01,中太麺,￥700代,醤油,長野県飯山市,イナリ食堂,長野県飯山市飯山新町205-2,0,0
2024-01-01,中太麺,￥800代,醤油,長野県東御市,ゆいや,長野県東御市常田539-13,0,0
2024-01-01,中太麺,￥800代,醤油,長野県小県郡,手打ちらーめん　かじかや,長野県小県郡武石村下武石1834-2,0,0
2024-01-01,太麺,￥800代,醤油,長野県岡谷市,親ゆずりの味一番,長野県岡谷市塩嶺4769-169,0,0
2024-01-01,極細麺,￥800代,醤油,長野県上田市,拉麺酒房　熊人,長野県上田市上田原1588-4,0,0
2024-01-01,細麺,￥900代,醤油,岐阜県高山市,まさごそば,岐阜県高山市有楽町31-3,0,0
2024-01-01,中細麺,￥900代,醤油,岐阜県高山市,やよいそば,岐阜県高山市本町4-23,0,0
2024-01-01,中細麺,￥900代,醤油,岐阜県高山市,やよいそば　角店,岐阜県高山市七日町1-43,0,0
2024-01-01,中細麺,￥900代,醤油,岐阜県高山市,豆天狗,岐阜県高山市八軒町2-62,0,0
2024-01-01,中細麺,￥1000代,醤油,岐阜県高山市,中華そば　桔梗屋,岐阜県高山市本町3-58,0,0
2024-01-01,中細麺,￥1000代,醤油,岐阜県高山市,角や,岐阜県高山市初田町,0,0
2024-01-01,中太麺,￥1000代,醤油,岐阜県高山市,甚五郎　本店,岐阜県高山市西之一色町2-132-1,0,0
2024-01-01,中太麺,￥1100代,醤油,岐阜県高山市,つづみそば,岐阜県高山市朝日町52,0,0
2024-01-01,中太麺,￥1200代,醤油,愛知県名古屋市,総本家　好来道場,愛知県名古屋市千種区春岡通6-1-16,0,0
2024-01-01,太麺,￥1200代,醤油,愛知県名古屋市,好来軒,愛知県名古屋市千種区日進通2-9,0,0
2024-01-01,極細麺,￥1200代,味噌,愛知県名古屋市,叉焼麺専門店　太陽,愛知県名古屋市千種区楠元町1-53,0,0
2024-01-01,細麺,￥1200代,塩,愛知県名古屋市,好楽,愛知県名古屋市千種区松軒2-7-4,0,0
2024-01-01,中細麺,￥1200代,豚骨,愛知県名古屋市,好陽軒,愛知県名古屋市昭和区広見町2-21-3,0,0
2024-01-01,中細麺,￥1300代,豚骨,愛知県名古屋市,味楽,愛知県名古屋市緑区鳴海町神の倉3-2595,0,0
2024-01-01,中細麺,￥600代,豚骨,愛知県名古屋市,みつ星らぁめん,愛知県名古屋市昭和区南分町4-1,0,0
2024-01-01,中細麺,￥700代,醤油,愛知県名古屋市,招福軒,愛知県名古屋市西区上名古屋3-8-13,0,0
2024-01-01,中細麺,￥800代,醤油,愛知県名古屋市,好龍（閉店）,愛知県名古屋市西区花原町221,0,0
2024-01-01,中太麺,￥800代,醤油,愛知県名古屋市,水さわ,愛知県名古屋市東区古出来1-3-8,0,0
2024-01-01,中太麺,￥800代,醤油,愛知県名古屋市,好友軒,愛知県名古屋市北区光音寺4-28,0,0
2024-01-01,中太麺,￥800代,醤油,愛知県名古屋市,陣屋本店,愛知県名古屋市北区大曽根2-9-75,0,0
2024-01-01,太麺,￥900代,醤油,愛知県名古屋市,藤味亭,愛知県名古屋市中区富士見町15-21,0,0
2024-01-01,極細麺,￥900代,醤油,愛知県名古屋市,蔘好来,愛知県名古屋市中区丸の内3-21-2,0,0
2024-01-01,細麺,￥900代,醤油,愛知県名古屋市,八事らーめん好好,愛知県名古屋市名東区高針1-208,0,0
2024-01-01,中細麺,￥900代,味噌,愛知県名古屋市,好来亭引山,愛知県名古屋市名東区2-110,0,0
2024-01-01,中細麺,￥1000代,醤油,愛知県名古屋市,拉ノ刻,愛知県名古屋市中村区上ノ宮町2-30-1,0,0
2024-01-01,中細麺,￥1000代,醤油,愛知県海部郡,双葉,愛知県海部郡甚目寺町五位田152-4,0,0
2024-01-01,中細麺,￥1000代,醤油,愛知県春日井市,めんきち,愛知県春日井市穴場町2-12-11,0,0
2024-01-01,中細麺,￥1100代,醤油,愛知県豊田市,和,愛知県豊田市美里4-1-11,0,0
2024-01-01,中太麺,￥1200代,醤油,愛知県名古屋市,味仙,愛知県名古屋市千草区今池1-12-10,0,0
2024-01-01,中太麺,￥1200代,醤油,愛知県名古屋市,ピカイチ,愛知県名古屋市千草区今池1-14-5,0,0
2024-01-01,中太麺,￥1200代,醤油,愛知県名古屋市,飛丸,愛知県名古屋市千草区内山2-3-3,0,0
2024-01-01,太麺,￥1200代,醤油,愛知県名古屋市,台湾ラーメン　本山,愛知県名古屋市千草区東山通1-18,0,0
2024-01-01,極細麺,￥1200代,醤油,愛知県名古屋市,仲乃坊,愛知県名古屋市天白区植田3-1508,0,0
2024-01-01,細麺,￥1300代,醤油,愛知県名古屋市,味園,愛知県名古屋市東区泉2-13-19,0,0
2024-01-01,中細麺,￥600代,醤油,愛知県名古屋市,台湾ラーメン　光陽,愛知県名古屋市西区比良3-139,0,0
2024-01-01,中細麺,￥700代,醤油,愛知県名古屋市,台湾ラーメン　幸龍,愛知県名古屋市北区大野町4-15-1,0,0
2024-01-01,中細麺,￥800代,醤油,愛知県名古屋市,ゆきちゃん,愛知県名古屋市中区千代田5-12-27,0,0
2024-01-01,中細麺,￥800代,醤油,愛知県名古屋市,TOBIMARU,愛知県名古屋市守山区中新6-2,0,0
2024-01-01,中細麺,￥800代,醤油,愛知県名古屋市,台湾ラーメン　藤ヶ丘,愛知県名古屋市名東区照が丘1-3,0,0
2024-01-01,中太麺,￥800代,醤油,愛知県名古屋市,江楽,愛知県名古屋市瑞穂区河岸町4-20-14,0,0
2024-01-01,中太麺,￥900代,醤油,愛知県豊田市,味珍,愛知県豊田市陣中町2-18-1,0,0
2024-01-01,中太麺,￥900代,醤油,愛知県名古屋市,極太濁水ラーメン　ら・けいこ,愛知県名古屋市中区栄4-12-6,0,0
2024-01-01,太麺,￥900代,醤油,愛知県名古屋市,豚そばぎんや,愛知県名古屋市北区金城町2-57-1,0,0
2024-01-01,極細麺,￥900代,醤油,愛知県名古屋市,臺大（だいだい）DAIDAI,愛知県名古屋市西区中小田井3-390,0,0
2024-01-01,細麺,￥1000代,醤油,愛知県大府市,麺の坊　晴レル屋,愛知県大府市月見町1-297　メゾンパラディー大府1F,0,0
2024-01-01,中細麺,￥1000代,醤油,愛知県一宮市,新京　本店,愛知県一宮市松島町5,0,0
2024-01-01,中細麺,￥1000代,醤油,愛知県岩倉市,新京　岩倉店,愛知県岩倉市八剱町郷東4-1,0,0
2024-01-01,中細麺,￥1100代,醤油,愛知県名古屋市,新京　平田店,愛知県名古屋市西区平出町341,0,0
2024-01-01,中細麺,￥1200代,味噌,愛知県名古屋市,新京　中村店,愛知県名古屋市本陣通5-81,0,0
2024-01-01,中細麺,￥1200代,塩,愛知県名古屋市,新京　守山店,愛知県名古屋市守山区2-301,0,0
2024-01-01,中太麺,￥1200代,豚骨,愛知県小牧市,新京　小牧店,愛知県小牧市北外山2995-1,0,0
2024-01-01,中太麺,￥1200代,豚骨,愛知県北名古屋市,新京　師勝店,愛知県北名古屋市鹿田栄247-2,0,0
2024-01-01,中太麺,￥1200代,豚骨,愛知県東郷町,新京　東郷店,愛知県東郷町白鳥2-1-4,0,0
2024-01-01,太麺,￥1300代,醤油,愛知県名古屋市,ベトコンラーメン　翔華,愛知県名古屋市天白区原3-403,0,0
2024-01-01,極細麺,￥600代,醤油,愛知県豊田市,ベトコンラーメン福屋,愛知県豊田市大島町錦39-1,0,0
2024-01-01,細麺,￥700代,醤油,愛知県西春日井郡,ベトコンラーメン,愛知県西春日井郡春日町下之郷字中沼58,0,0
2024-01-01,中細麺,￥800代,醤油,大阪府大阪市,洛二神,大阪府大阪市北区浪花町4-22,0,0
2024-01-01,中細麺,￥800代,醤油,大阪府大阪市,揚子江,大阪府大阪市北区角田町7-17,0,0
2024-01-01,中細麺,￥800代,醤油,大阪府大阪市,らーめん弥七,大阪府大阪市北区豊崎3-4-8,0,0
2024-01-01,中細麺,￥800代,醤油,大阪府大阪市,大吾郎商店,大阪府大阪市北区大淀中4-15-15,0,0
2024-01-01,中細麺,￥900代,醤油,大阪府大阪市,友翔,大阪府大阪市東住吉区針中野3-6-26,0,0
2024-01-01,中太麺,￥900代,味噌,大阪府大阪市,月光仮面,大阪府大阪市中央区千日前1-9-9,0,0
2024-01-01,中太麺,￥900代,醤油,大阪府大阪市,麺乃屋,大阪府大阪市中央区上本町西５－１－６,0,0
2024-01-01,中太麺,￥900代,醤油,大阪府大阪市,信濃路,大阪府大阪市西区靭本町3-7-1,0,0
2024-01-01,太麺,￥1000代,醤油,大阪府大阪市,竜馬亭,大阪府大阪市西区新町4-16-13,0,0
2024-01-01,極細麺,￥1000代,醤油,大阪府大阪市,麺や　輝,大阪府大阪市東淀川区菅原4-1-32,0,0
2024-01-01,細麺,￥1000代,醤油,大阪府大阪市,とっかり２,大阪府大阪市東淀川区瑞光2-2-21,0,0
2024-01-01,中細麺,￥1100代,醤油,大阪府大阪市,大鶴製麺処,大阪府大阪市東淀川区上新庄3-19-87,0,0
2024-01-01,中細麺,￥1200代,醤油,大阪府大阪市,吉田本舗　ラーメン　麺一,大阪府大阪市東淀川区大隅1-5-18,0,0
2024-01-01,中細麺,￥1200代,醤油,大阪府大阪市,カドヤ食堂,大阪府大阪市鶴見区鶴見4-1-18,0,0
2024-01-01,中細麺,￥1200代,醤油,大阪府大阪市,旭屋,大阪府大阪市福島区野田3-6-17,0,0
2024-01-01,中細麺,￥1200代,醤油,大阪府大阪市,拉麺きはる,大阪府大阪市城東区蒲生4-16-10,0,0
2024-01-01,中太麺,￥1200代,醤油,大阪府大阪市,東成　きんせい,大阪府大阪市東成区東小橋1-1-6,0,0
2024-01-01,中太麺,￥1300代,醤油,大阪府豊中市,五大力,大阪府豊中市東豊中町5-30-25-105,0,0
2024-01-01,中太麺,￥600代,醤油,大阪府豊中市,麺哲,大阪府豊中市岡上の町2-2-6,0,0
2024-01-01,太麺,￥700代,醤油,大阪府堺市,龍旗信,大阪府堺市浜寺石津町西4-1-19,0,0
2024-01-01,極細麺,￥800代,醤油,大阪府西成区,らーめん陣護,大阪府西成区岸里3-1-31,0,0
2024-01-01,細麺,￥800代,醤油,大阪府高槻市,彩色ラーメン　きんせい,大阪府高槻市栄町2-19-7,0,0
2024-01-01,中細麺,￥800代,醤油,大阪府高槻市,鷹,大阪府高槻市西町12-1,0,0
2024-01-01,中細麺,￥800代,醤油,大阪府吹田市,秀一らあめん,大阪府吹田市穂波町21-23,0,0
2024-01-01,中細麺,￥900代,醤油,大阪府吹田市,要ん！修行坊,大阪府吹田市岸部北5-18-7,0,0
2024-01-01,中細麺,￥900代,醤油,大阪府池田市,麺野郎,大阪府池田市豊島南1-10-3上田ビル1F,0,0
2024-01-01,中細麺,￥900代,醤油,京都府相楽郡,無鉄砲　本店,京都府相楽郡木津町大字梅谷小字髯谷15-3,0,0
2024-01-01,中太麺,￥900代,醤油,京都府京都市,めん馬鹿一代,京都府京都市上京区丸太町通知恵光院東入南側佐々木ビル1Ｆ,0,0
2024-01-01,中太麺,￥1000代,醤油,京都府福知山市,とん吉,京都府福知山市駅前町224,0,0
2024-01-01,中太麺,￥1000代,醤油,京都府京都市,新宿・めんや風化,京都府京都市下京区高辻通東洞院東入三軒町551,0,0
2024-01-01,太麺,￥1000代,味噌,京都府京都市,第一旭　たかばし本店,京都府京都市下京区高倉通り塩小路下ル東塩小路向畑町845,0,0
2024-01-01,極細麺,￥1100代,塩,京都府京都市,新福菜館　本店,京都府京都市下京区東塩小路高倉下ル向畑町569,0,0
2024-01-01,細麺,￥1200代,豚骨,京都府京都市,天下一品　本店,京都府京都市左京区一乗寺築田町94メゾン白川1F,0,0
2024-01-01,中細麺,￥1200代,豚骨,京都府京都市,天天有,京都府京都市左京区一乗寺西杉ノ宮町49,0,0
2024-01-01,中細麺,￥1200代,豚骨,京都府京都市,ますたに,京都府京都市左京区北白川久保田町26,0,0
2024-01-01,中細麺,￥1200代,醤油,京都府京都市,東龍,京都府京都市左京区白川上別当町1番地第2青山荘1F6号,0,0
2024-01-01,中細麺,￥1200代,醤油,京都府京都市,いいちょ,京都府京都市左京区下鴨東半木町70-10,0,0
2024-01-01,中細麺,￥1300代,醤油,京都府京都市,杉千代,京都府京都市右京区太秦安井西沢町2-7,0,0
2024-01-01,中太麺,￥600代,醤油,京都府京都市,麺や高倉二条,京都府京都市中京区高倉二条東南下ル,0,0
2024-01-01,中太麺,￥700代,醤油,奈良県天理市,彩華　本店,奈良県天理市岩室町91,0,0
2024-01-01,中太麺,￥800代,醤油,奈良県北葛城郡,名物王寺ラーメン,奈良県北葛城郡王寺町王寺2-6-1,0,0
2024-01-01,太麺,￥800代,醤油,兵庫県神戸市,神戸ラーメン第一旭　三宮本店,兵庫県神戸市中央区旭通5-15-2,0,0
2024-01-01,極細麺,￥800代,醤油,兵庫県神戸市,もっこす総本店,兵庫県神戸市中央区楠町7-1-3,0,0
2024-01-01,細麺,￥800代,味噌,兵庫県西宮市,宮っ子ラーメン,兵庫県西宮市段上町1-6-3,0,0
2024-01-01,中細麺,￥900代,醤油,兵庫県西脇市,西脇大橋ラーメン,兵庫県西脇市上野432-7,0,0
2024-01-01,中細麺,￥900代,醤油,兵庫県西脇市,かおるちゃん,兵庫県西脇市上野185,0,0
2024-01-01,中細麺,￥900代,醤油,兵庫県西脇市,内橋,兵庫県西脇市西田町181,0,0
2024-01-01,中細麺,￥900代,醤油,兵庫県小野市,らんめん,兵庫県小野市黒川町１４１－２,0,0
2024-01-01,中細麺,￥1000代,醤油,和歌山県和歌山市,アロチ本家　丸高中華そば,和歌山県和歌山市友田町2-50,0,0
2024-01-01,中太麺,￥1000代,醤油,和歌山県和歌山市,丸宮,和歌山県和歌山市毛見1130-3,0,0
2024-01-01,中太麺,￥1000代,醤油,和歌山県和歌山市,丸木,和歌山県和歌山市和歌浦南1-1-3,0,0
2024-01-01,中太麺,￥1100代,醤油,和歌山県和歌山市,丸京中華そば,和歌山県和歌山市雑賀町120,0,0
2024-01-01,太麺,￥1200代,醤油,和歌山県和歌山市,井出商店,和歌山県和歌山市田中町4-84,0,0
2024-01-01,極細麺,￥1200代,醤油,和歌山県和歌山市,山為食堂,和歌山県和歌山市福町12,0,0
2024-01-01,細麺,￥1200代,醤油,和歌山県和歌山市,中華そば専門店　正善,和歌山県和歌山市直川612-1,0,0
2024-01-01,中細麺,￥1200代,醤油,和歌山県和歌山市,丸三,和歌山県和歌山市塩屋6-2-88,0,0
2024-01-01,中細麺,￥1200代,醤油,徳島県板野郡,王王軒,徳島県板野郡藍住町徳命牛ノ瀬446-15,0,0
2024-01-01,中細麺,￥1300代,醤油,徳島県徳島市,いのたに,徳島県徳島市西大工町4-25,0,0
2024-01-01,中細麺,￥600代,醤油,徳島県徳島市,萬里,徳島県徳島市寺島本町東2-11-3,0,0
2024-01-01,中細麺,￥700代,醤油,徳島県徳島市,たかはし,徳島県徳島市入田町笠木91-1,0,0
2024-01-01,中太麺,￥800代,醤油,徳島県徳島市,やまきょう,徳島県徳島市北矢三町3-7-11,0,0
2024-01-01,中太麺,￥800代,醤油,徳島県徳島市,春陽軒,徳島県徳島市徳島市南田宮4-4,0,0
2024-01-01,中太麺,￥800代,醤油,徳島県徳島市,よあけ,徳島県徳島市二軒屋町2-46,0,0
2024-01-01,太麺,￥800代,醤油,徳島県徳島市,ふく利,徳島県徳島市吉野本町5-20-3,0,0
2024-01-01,極細麺,￥900代,醤油,徳島県徳島市,巽屋,徳島県徳島市住吉5-68-1,0,0
2024-01-01,細麺,￥900代,醤油,徳島県徳島市,万平,徳島県徳島市庄町5-2-6,0,0
2024-01-01,中細麺,￥900代,醤油,徳島県徳島市,阿波屋,徳島県徳島市両国橋34,0,0
2024-01-01,中細麺,￥900代,醤油,徳島県徳島市,やたつ,徳島県徳島市八万町法花137-2,0,0
2024-01-01,中細麺,￥1000代,味噌,徳島県徳島市,吉野川,徳島県徳島市住吉5-244-3,0,0
2024-01-01,中細麺,￥1000代,塩,徳島県徳島市,土佐,徳島県徳島市北佐古二番町5-30板東ビル1F,0,0
2024-01-01,中細麺,￥1000代,豚骨,徳島県徳島市,いわた　鮎喰店,徳島県徳島市鮎喰町2-74-1,0,0
2024-01-01,中太麺,￥1100代,豚骨,徳島県徳島市,小鉄,徳島県徳島市西須賀町中開45-7,0,0
2024-01-01,中太麺,￥1200代,豚骨,徳島県徳島市,大孫,徳島県徳島市西新浜町2-83,0,0
2024-01-01,中太麺,￥1200代,醤油,徳島県徳島市,美渓,徳島県徳島市八万町法花谷282-4,0,0
2024-01-01,太麺,￥1200代,醤油,徳島県板野郡,青空,徳島県板野郡藍住町勝端字東勝地96-11,0,0
2024-01-01,極細麺,￥1200代,醤油,徳島県小松島市,岡本,徳島県小松島市中田町字奥林60-1,0,0
2024-01-01,細麺,￥1200代,醤油,徳島県小松島市,猪虎,徳島県小松島市金磯町字土手町３７－２,0,0
2024-01-01,中細麺,￥1300代,醤油,徳島県徳島市,三八　本店,徳島県徳島市北田宮2-467,0,0
2024-01-01,中細麺,￥600代,醤油,徳島県徳島市,八仙閣　国府店,徳島県徳島市国府町日開446-1,0,0
2024-01-01,中細麺,￥700代,醤油,徳島県吉野川市,光軒,徳島県吉野川市鴨島町鴨島394-19,0,0
2024-01-01,中細麺,￥800代,醤油,徳島県徳島市,風,徳島県徳島市沖浜東2-38,0,0
2024-01-01,中細麺,￥800代,味噌,徳島県徳島市,安部,徳島県徳島市庄町1-14-6,0,0
2024-01-01,中太麺,￥800代,醤油,徳島県徳島市,可成家,徳島県徳島市南庄町1-27,0,0
2024-01-01,中太麺,￥800代,醤油,徳島県徳島市,味宗,徳島県徳島市南内町2-16,0,0
2024-01-01,中太麺,￥900代,醤油,徳島県徳島市,あべ　本店,徳島県徳島市上助任町大坪174-9,0,0
2024-01-01,太麺,￥900代,醤油,徳島県徳島市,阿波一,徳島県徳島市福島2-4-66,0,0
2024-01-01,極細麺,￥900代,醤油,徳島県板野郡,いもお,徳島県板野郡北島町鯛浜字西ノ須68-18,0,0
2024-01-01,細麺,￥900代,醤油,徳島県板野郡,うえたい,徳島県板野郡北島町江尻妙蛇池48-3,0,0
2024-01-01,中細麺,￥1000代,醤油,徳島県吉野川市,王将,徳島県吉野川市鴨島町喜来323-183,0,0
2024-01-01,中細麺,￥1000代,醤油,徳島県徳島市,SOUPNUTS,徳島県徳島市南田宮1-6-25,0,0
2024-01-01,中細麺,￥1000代,醤油,徳島県美馬市,くにおか,徳島県美馬市脇町大字脇町中須540-1,0,0
2024-01-01,中細麺,￥1100代,醤油,徳島県吉野川市,福福,徳島県吉野川市山川町前川216-38,0,0
2024-01-01,中細麺,￥1200代,醤油,香川県三豊郡,はまんど,香川県三豊郡三野町大見竹田3873-1,0,0
2024-01-01,中太麺,￥1200代,醤油,香川県三豊郡,虎ヱ門,香川県三豊郡豊中町下高野豊新490-1,0,0
2024-01-01,中太麺,￥1200代,醤油,愛媛県伊予市,みかさ,愛媛県伊予市市場154-1,0,0
2024-01-01,中太麺,￥1200代,醤油,愛媛県松山市,春光亭,愛媛県松山市井門町489-8,0,0
2024-01-01,太麺,￥1200代,醤油,愛媛県松山市,周平,愛媛県松山市一番町2-4-11,0,0
2024-01-01,極細麺,￥1300代,醤油,広島県広島市,中華そば　陽気,広島県広島市中区江波南3-4-1,0,0
2024-01-01,細麺,￥600代,醤油,広島県広島市,上海総本店,広島県広島市中区八丁堀4-14,0,0
2024-01-01,中細麺,￥700代,醤油,広島県広島市,新華園,広島県広島市中区河原町6-14,0,0
2024-01-01,中細麺,￥800代,醤油,広島県広島市,すずめ,広島県広島市西区東観音町1-2,0,0
2024-01-01,中細麺,￥800代,醤油,広島県広島市,つばめ,広島県広島市西区東観音町3-21,0,0
2024-01-01,中細麺,￥800代,醤油,広島県広島市,中華そば八戒,広島県広島市西区三篠町3-23-1,0,0
2024-01-01,中細麺,￥800代,醤油,広島県広島市,面館,広島県広島市南区東雲1-17-4,0,0
2024-01-01,中太麺,￥900代,醤油,広島県尾道市,朱華園,広島県尾道市十四日元町4-12,0,0
2024-01-01,中太麺,￥900代,醤油,広島県尾道市,つたふじ,広島県尾道市土堂2-10-17,0,0
2024-01-01,中太麺,￥900代,味噌,広島県尾道市,東珍康,広島県尾道市栗原町6023-5,0,0
2024-01-01,太麺,￥900代,塩,広島県尾道市,萬来軒,広島県尾道市高須町5249,0,0
2024-01-01,極細麺,￥1000代,豚骨,広島県福山市,満麺亭,広島県福山市川口町4-20-15,0,0
2024-01-01,細麺,￥1000代,豚骨,広島県福山市,七福,広島県福山市東桜町1-1　繊維ビル内,0,0
2024-01-01,中細麺,￥1000代,豚骨,広島県福山市,らーめん十八番,広島県福山市鞆町後地3458-11,0,0
2024-01-01,中細麺,￥1100代,醤油,広島県福山市,一福食堂,広島県福山市大黒町２－１８,0,0
2024-01-01,中細麺,￥1200代,醤油,広島県福山市,中華そば　いちぢく,広島県福山市今町2-10　徳永ビルB1,0,0
2024-01-01,中細麺,￥1200代,醤油,広島県福山市,ほんてん,広島県福山市三吉町南二丁目3-19,0,0
2024-01-01,中細麺,￥1200代,醤油,広島県福山市,朱華楼,広島県福山市東深津町1-9-63,0,0
2024-01-01,中太麺,￥1200代,醤油,岡山県岡山市,やまと,岡山県岡山市表町1-9-7,0,0
2024-01-01,中太麺,￥1200代,醤油,岡山県岡山市,元祖とりそば　太田,岡山県岡山市表町1-7-24,0,0
2024-01-01,中太麺,￥1300代,醤油,岡山県岡山市,天神そば,岡山県岡山市天神町1-19,0,0
2024-01-01,太麺,￥600代,醤油,岡山県岡山市,山金,岡山県岡山市新保801-4,0,0
2024-01-01,極細麺,￥700代,味噌,岡山県岡山市,麺屋たくみ,岡山県岡山市中央町8-12,0,0
2024-01-01,細麺,￥800代,醤油,岡山県岡山市,龍や,岡山県岡山市中山下1-1-41,0,0
2024-01-01,中細麺,￥800代,醤油,岡山県岡山市,創作らぁめん　あぢや,岡山県岡山市関237-7,0,0
2024-01-01,中細麺,￥800代,醤油,岡山県岡山市,くわん屋,岡山県岡山市雄町12-2-2,0,0
2024-01-01,中細麺,￥800代,醤油,岡山県岡山市,山富士,岡山県岡山市本町5-13,0,0
2024-01-01,中細麺,￥900代,醤油,岡山県岡山市,そばの店　丸天,岡山県岡山市駅前町2-2-4,0,0
2024-01-01,中細麺,￥900代,醤油,岡山県岡山市,浅月　本店,岡山県岡山市奉還町2-5-25,0,0
2024-01-01,中太麺,￥900代,醤油,岡山県岡山市,中華そば　富士屋,岡山県岡山市奉還町2-3-8,0,0
2024-01-01,中太麺,￥900代,醤油,岡山県笠岡市,みやま,岡山県笠岡市神島3856-2,0,0
2024-01-01,中太麺,￥1000代,醤油,岡山県倉敷市,百万両　本店,岡山県倉敷市倉敷市連島中央5-28-35,0,0
2024-01-01,太麺,￥1000代,醤油,岡山県倉敷市,琥珀,岡山県倉敷市西阿知町11-2,0,0
2024-01-01,極細麺,￥1000代,醤油,岡山県笠岡市,とんぺい,岡山県笠岡市小平井2215-1,0,0
2024-01-01,細麺,￥1100代,醤油,岡山県笠岡市,中華そば　みやま,岡山県笠岡市神島3856-2,0,0
2024-01-01,中細麺,￥1200代,醤油,岡山県笠岡市,おっつぁん,岡山県笠岡市十一番町11-66　総合卸売市場内,0,0
2024-01-01,中細麺,￥1200代,醤油,岡山県笠岡市,坂本　中華そば店,岡山県笠岡市笠岡2698,0,0
2024-01-01,中細麺,￥1200代,醤油,岡山県笠岡市,中華そば　いではら,岡山県笠岡市笠岡2827,0,0
2024-01-01,中細麺,￥1200代,醤油,岡山県笠岡市,らーめん司,岡山県笠岡市笠岡5058-15,0,0
2024-01-01,中細麺,￥1200代,醤油,岡山県笠岡市,食事処　お多津,岡山県笠岡市中央町20-4　三洋旅館1Ｆ,0,0
2024-01-01,中太麺,￥1300代,醤油,鳥取県米子市,天心,鳥取県米子市東山町38-2,0,0
2024-01-01,中太麺,￥600代,醤油,福岡県北九州市,魁龍　小倉本店,福岡県北九州市小倉北区東篠崎2-1-6,0,0
2024-01-01,中太麺,￥700代,醤油,福岡県久留米市,大龍ラーメン　東合川店,福岡県久留米市東合川7-13-45,0,0
2024-01-01,太麺,￥800代,醤油,福岡県久留米市,沖食堂,福岡県久留米市篠山町330,0,0
2024-01-01,極細麺,￥800代,醤油,福岡県久留米市,丸星中華そばセンター,福岡県久留米市高野2-7-27,0,0
2024-01-01,細麺,￥800代,醤油,福岡県久留米市,大砲ラーメン　本店,福岡県久留米市通外町11-8,0,0
2024-01-01,中細麺,￥800代,醤油,福岡県久留米市,麦香麺　輪喰,福岡県久留米市北野町鳥巣552-2,0,0
2024-01-01,中細麺,￥900代,味噌,福岡県久留米市,満州屋が一番,福岡県久留米市日吉町13-7,0,0
2024-01-01,中細麺,￥900代,塩,福岡県久留米市,元祖南京千両　本家,福岡県久留米市野中町702-2,0,0
2024-01-01,中細麺,￥900代,豚骨,福岡県久留米市,ひろせ食堂,福岡県久留米市梅満町六反畑1112-4,0,0
2024-01-01,中細麺,￥900代,豚骨,佐賀県鳥栖市,三九ラーメン,佐賀県鳥栖市京町792,0,0
2024-01-01,中太麺,￥1000代,豚骨,佐賀県佐賀郡,いちげん,佐賀県佐賀郡川副町西古賀925-1,0,0
2024-01-01,中太麺,￥1000代,醤油,佐賀県武雄市,味納喜知,佐賀県武雄市橘町大字大日6784-3,0,0
2024-01-01,中太麺,￥1000代,醤油,熊本県熊本市,天外天,熊本県熊本市安政町2-15　河野ビル1F,0,0
2024-01-01,太麺,￥1100代,醤油,熊本県熊本市,黒亭,熊本県熊本市二本木1-2-29,0,0
2024-01-01,極細麺,￥1200代,醤油,熊本県熊本市,山水亭,熊本県熊本市上通1-18,0,0
2024-01-01,細麺,￥1200代,醤油,熊本県熊本市,大黒ラーメン,熊本県熊本市高平1-1-14,0,0
2024-01-01,中細麺,￥1200代,醤油,熊本県熊本市,桂花　本店,熊本県熊本市花畑町11-9K1ビル1F,0,0
2024-01-01,中細麺,￥1200代,醤油,熊本県熊本市,こむらさき　本店,熊本県熊本市上林町3-32,0,0
2024-01-01,中細麺,￥1200代,醤油,熊本県人吉市,好来,熊本県人吉市下青井町76,0,0
2024-01-01,中細麺,￥1300代,味噌,熊本県玉名市,桃苑,熊本県玉名市繁根木玉名市役所前,0,0
2024-01-01,中細麺,￥600代,醤油,熊本県玉名市,らーめんや天琴,熊本県玉名市高瀬408-5,0,0
2024-01-01,中太麺,￥700代,醤油,宮崎県宮崎市,栄養軒,宮崎県宮崎市江平西2-1-6,0,0
2024-01-01,中太麺,￥800代,醤油,宮崎県宮崎市,喜夢良　本店,宮崎県宮崎市橘通西2-3-13,0,0
2024-01-01,中太麺,￥800代,醤油,宮崎県宮崎郡,風来軒　総本店,宮崎県宮崎郡清武町加納1836-2,0,0
2024-01-01,太麺,￥800代,醤油,鹿児島県霧島市,とくだラーメン,鹿児島県霧島市隼人町真孝856,0,0
2024-01-01,極細麺,￥800代,醤油,鹿児島県鹿児島市,のぼるや,鹿児島県鹿児島市堀江町2-15,0,0
2024-01-01,細麺,￥900代,醤油,鹿児島県鹿児島市,くろいわ,鹿児島県鹿児島市東千石町9-9,0,0
2024-01-01,中細麺,￥900代,醤油,鹿児島県鹿児島市,こむらさき,鹿児島県鹿児島市東千石町11-19,0,0
2024-01-01,中細麺,￥900代,醤油,鹿児島県鹿児島市,ざぼんラーメン,鹿児島県鹿児島市与次郎1-6-20,0,0
2024-01-01,中細麺,￥900代,醤油,鹿児島県鹿児島市,和多屋　本店,鹿児島県鹿児島市東千石町11-2,0,0
2024-01-01,中細麺,￥1000代,醤油,鹿児島県鹿児島市,海乃屋,鹿児島県鹿児島市小松原2-33-18,0,0
2024-01-01,中細麺,￥1000代,醤油,沖縄県国頭郡,岸本食堂,沖縄県国頭郡本部町渡久地5,0,0
2024-01-01,中太麺,￥1000代,醤油,沖縄県国頭郡,山原そば,沖縄県国頭郡本部町字伊豆味70-1,0,0
2024-01-01,中太麺,￥1100代,醤油,沖縄県那覇市,てんtoてん,沖縄県那覇市織名4-5-2,0,0
2024-01-01,中太麺,￥1200代,醤油,沖縄県那覇市,御殿山,沖縄県那覇市首里石嶺町１-121-２,0,0
2024-01-01,太麺,￥1200代,醤油,沖縄県那覇市,首里そば,沖縄県那覇市首里赤田町1-7,0,0
2024-01-01,極細麺,￥1200代,醤油,沖縄県名護市,宮里そば,沖縄県名護市宮里1-27-2,0,0
2024-01-01,細麺,￥1200代,醤油,沖縄県南城市,玉家,沖縄県南城市大里字稲嶺57,0,0
2024-01-01,中細麺,￥1200代,醤油,沖縄県八重山郡,国境－はて－,沖縄県八重山郡与那国町字与那国22-４,0,0
2024-01-01,中細麺,￥1300代,醤油,沖縄県石垣市,キミ食堂,沖縄県石垣市登野城319-6,0,0
2024-01-01,中細麺,￥600代,醤油,沖縄県宮古島市,丸吉食堂,沖縄県宮古島市城辺字砂川975,0,0
2024-01-01,中細麺,￥700代,醤油,沖縄県宮古島市,菊栄食堂,沖縄県宮古島市平良字西里13-6,0,0
2024-01-01,中細麺,￥800代,醤油,沖縄県宮古島市,古謝そば屋,沖縄県宮古島市平良字下里1517-1,0,0
2024-01-01,中太麺,￥800代,醤油,沖縄県宮古島市,福久助,沖縄県宮古島市平良字下里934,0,0
2024-01-01,中太麺,￥800代,味噌,東京都台東区,来集軒,東京都台東区西浅草2-26-3,0,0
2024-01-01,中太麺,￥800代,塩,東京都台東区,光江,東京都台東区下谷2-22-6,0,0
2024-01-01,太麺,￥900代,豚骨,東京都中央区,萬福,東京都中央区銀座2-13-13,0,0
2024-01-01,極細麺,￥900代,豚骨,東京都千代田,栄屋ミルクホール,東京都千代田区多町2-11-7,0,0
2024-01-01,細麺,￥900代,豚骨,東京都千代田,さぶちゃん,東京都千代田区神田神保町2-24,0,0
2024-01-01,中細麺,￥900代,醤油,栃木県佐野市,宝来軒,栃木県佐野市浅沼町801-2,0,0
2024-01-01,中細麺,￥1000代,醤油,栃木県佐野市,とかの,栃木県佐野市相生町2831,0,0
2024-01-01,中細麺,￥1000代,醤油,栃木県佐野市,おやじの店,栃木県佐野市富岡795-1,0,0
2024-01-01,中細麺,￥1000代,醤油,栃木県那須塩原市,食堂釜彦,栃木県那須塩原市塩原265-10,0,0
2024-01-01,中細麺,￥1100代,醤油,栃木県那須塩原市,こばや食堂,栃木県那須塩原市塩原795,0,0
2024-01-01,中太麺,￥1200代,醤油,群馬県高崎市,だるま大使,群馬県高崎市剣崎町1186-12,0,0
2024-01-01,中太麺,￥1200代,醤油,群馬県佐波郡,手打ちらーめん玄,群馬県佐波郡玉村町斎田492-6,0,0
2024-01-01,中太麺,￥1200代,醤油,群馬県太田市,つけめんや麺治,群馬県太田市市場町773-1,0,0
2024-01-01,太麺,￥1200代,味噌,群馬県前橋市,食菜九州麺酒房　響,群馬県前橋市下小出町1-1-20,0,0
2024-01-01,極細麺,￥1200代,醤油,群馬県前橋市,麺屋　双喜,群馬県前橋市総社町総社2014-5,0,0
2024-01-01,細麺,￥1300代,醤油,群馬県多野郡,陽気軒,群馬県多野郡吉井町塩川37-4,0,0
2024-01-01,中細麺,￥600代,醤油,群馬県藤岡市,純手打ち羅阿麺　宮口軒,群馬県藤岡市上粟須250-4,0,0
2024-01-01,中細麺,￥700代,醤油,群馬県藤岡市,甚べえ,群馬県藤岡市中粟須341-3,0,0
2024-01-01,中細麺,￥800代,醤油,群馬県藤岡市,ラーメン藤,群馬県藤岡市下粟須122-1,0,0
2024-01-01,中細麺,￥800代,醤油,群馬県藤岡市,めん処　上州茶屋,群馬県藤岡市中1131-8,0,0
2024-01-01,中細麺,￥800代,醤油,群馬県藤岡市,みやご食堂,群馬県藤岡市藤岡230,0,0
2024-01-01,中太麺,￥800代,醤油,群馬県藤岡市,手もみラーメンもりもり亭,群馬県藤岡市藤岡1005-3,0,0
2024-01-01,中太麺,￥900代,醤油,群馬県藤岡市,笑楽,群馬県藤岡市藤岡342-33,0,0
2024-01-01,中太麺,￥900代,醤油,群馬県藤岡市,大龍,群馬県藤岡市藤岡2385-1,0,0
2024-01-01,太麺,￥900代,醤油,群馬県藤岡市,みやご食堂,群馬県藤岡市藤岡230,0,0
2024-01-01,極細麺,￥900代,醤油,群馬県藤岡市,むらちゃんラーメン,群馬県藤岡市立石1185-1,0,0
2024-01-01,細麺,￥1000代,醤油,茨城県取手市,横浜ラーメン　わかとら家,茨城県取手市戸頭1274-3,0,0
2024-01-01,中細麺,￥1000代,醤油,茨城県土浦市,らぁめんの店　小櫻,茨城県土浦市桜町4-2-15,0,0
2024-01-01,中細麺,￥1000代,醤油,茨城県水戸市,松五郎,茨城県水戸市上水戸3-3-25,0,0
2024-01-01,中細麺,￥1100代,醤油,茨城県水戸市,玄海,茨城県水戸市堀町959,0,0
2024-01-01,中細麺,￥1200代,醤油,茨城県水戸市,ラッキー飯店,茨城県水戸市元吉田町1507,0,0
2024-01-01,中細麺,￥1200代,醤油,茨城県水戸市,松喜吉,茨城県水戸市本町1-10-11,0,0
2024-01-01,中太麺,￥1200代,醤油,茨城県つくば市,スタミナラーメン　がむしゃ,茨城県つくば市筑穂1-13-2,0,0
2024-01-01,中太麺,￥1200代,醤油,茨城県日立市,スタミナラーメン三四郎,茨城県日立市大みか町4-4-12,0,0
2024-01-01,中太麺,￥1200代,醤油,茨城県ひたちなか市,寅さんラーメン,茨城県ひたちなか市大字田彦614,0,0
2024-01-01,太麺,￥1300代,醤油,茨城県ひたちなか市,甘辛三吉,茨城県ひたちなか市馬渡2561-15,0,0
2024-01-01,極細麺,￥600代,醤油,千葉県富津市,梅の家,千葉県富津市竹岡401,0,0
2024-01-01,細麺,￥700代,醤油,千葉県市原市,富士家,千葉県市原市姉崎1007,0,0
2024-01-01,中細麺,￥800代,味噌,千葉県鴨川市,担々麺 江ざわ,千葉県鴨川市北風原150-1,0,0
2024-01-01,中細麺,￥800代,塩,横浜中華街,聘珍樓,横浜中華街,0,0
2024-01-01,中細麺,￥800代,豚骨,神奈川県横浜市,玉泉亭,神奈川県横浜市伊勢佐木町5-127,0,0
2024-01-01,中細麺,￥800代,豚骨,神奈川県平塚市,老郷本店,神奈川県平塚市紅谷町17-23,0,0
2024-01-01,中細麺,￥900代,豚骨,神奈川県足柄下郡,味の大西,神奈川県足柄下郡湯河原町土肥1-9-14（ＪＲ東海道本線・湯河原駅）,0,0
2024-01-01,中太麺,￥900代,醤油,神奈川県小田原市,支那そば　むら田,神奈川県小田原市下大井393-2（ＪＲ御殿場線・上大,0,0
2024-01-01,中太麺,￥900代,醤油,神奈川県横浜市,家系総本山　吉村家,神奈川県横浜市西区南幸2-12-6,0,0
2024-01-01,中太麺,￥900代,醤油,神奈川県横浜市,杉田家（直系）,神奈川県横浜市磯子区新杉田3-5-101,0,0
2024-01-01,太麺,￥1000代,醤油,富山県魚津市,はじめ家（直系）,富山県魚津市吉島67-1,0,0
2024-01-01,極細麺,￥1000代,醤油,神奈川県横浜市,環２家（直系）,神奈川県横浜市港南区下永谷3-3-21,0,0
2024-01-01,細麺,￥1000代,醤油,千葉県柏市,王道家（直系）,千葉県柏市旭町2-1-6金子ビル1Ｆ,0,0
2024-01-01,中細麺,￥1100代,醤油,神奈川県藤沢市,まつり家（直系）,神奈川県藤沢市遠藤937-6,0,0
2024-01-01,中細麺,￥1200代,醤油,神奈川県横浜市,横横家（直系）,神奈川県横浜市金沢区六浦1-12-17,0,0
2024-01-01,中細麺,￥1200代,味噌,神奈川県厚木市,厚木家（直系）,神奈川県厚木市妻田東2-1940,0,0
2024-01-01,中細麺,￥1200代,醤油,香川県高松市,高松家（直系）,香川県高松市屋島西町1992-4,0,0
2024-01-01,中細麺,￥1200代,醤油,神奈川県横浜市,六角家　六角橋本店,神奈川県横浜市神奈川区西神奈川3-1-5,0,0
2024-01-01,中太麺,￥1200代,醤油,神奈川県横浜市,本牧家,神奈川県横浜市港南区下永谷3-1-5,0,0
2024-01-01,中太麺,￥1300代,醤油,神奈川県横浜市,介一家　山手店,神奈川県横浜市中区大和町3-34-8,0,0
2024-01-01,中太麺,￥600代,醤油,神奈川県横浜市,壱六家　磯子本店,神奈川県横浜市磯子区森2-2-7,0,0
2024-01-01,太麺,￥700代,醤油,神奈川県横浜市,横濱家　平台本店,神奈川県横浜市都筑区平台21-6,0,0
1968-01-01,中太麺,￥700代,豚骨,熊本県,味千ラーメン,市立体育館前駅,0,0
1976-01-01,中細麺,￥300以下,豚骨,福岡県,はかたや,博多駅,0,0
1960-01-01,細麺,￥1000代,豚骨,福岡県,一蘭,中洲川端駅,0,0
1967-01-01,細麺,￥700代,豚骨,福岡県,鳳凛,博多駅,0,0
@CsvOptions:,,,,,,,,
dataType=0,,,,,,,,
title=🍜全国有名ラーメン店一覧,,,,,,,,
searchPrefixDataIndex=4,,,,,,,,
searchPrefix=ラーメン,,,,,,,,
dataReference=<ul><li><a target%3d'_blank' href%3d'http://ramenjiyuku.web.fc2.com/'>有名ラーメン店の創業年表｜年代別@らーめん自由区</a></li></ul>,,,,,,,,
detailType=city,,,,,,,,
isMakeAutocompleteData=1,,,,,,,,
chartName[imageTooltip]=img,,,,,,,,
chartCity[imagePath]=@tube,,,,,,,,
chartCity[imageTooltip]=all,,,,,,,,
chartCity[orderYmd]=1,,,,,,,,
chartCity[orderUI]=1,,,,,,,,
chartDate[elasticY]=0,,,,,,,,
chartDate[width]=1000,,,,,,,,
chartDate[format]=YYYY,,,,,,,,
chartSex[chartType]=bar,,,,,,,,
chartSex[isLegend]=0,,,,,,,,
chartSex[unit]=null,,,,,,,,
chartAge[unit]=null,,,,,,,,
chartJob[isPanGmap]=1,,,,,,,,
chartJob[isPanGmapMarker]=1,,,,,,,,
editUrl=https://docs.google.com/spreadsheets/d/186UHvNBXlavGoJ19eBIPhbFRvqPnO6y9SWUAzMsvoL8/edit?gid=1781238052#gid=1781238052