発売日,クロスレビュー(評価),容量(bit),ジャンル,メーカー,タイトル,価格,ジョブカテゴリ,カウント,メモリ(S-RAM)(Kbit)
1990-11-21,34,2,ACT,任天堂,スーパーマリオワールド,"￥8,000","￥8,000代",355,16
1990-11-21,37,2,RAC,任天堂,F-ZERO,"￥7,000","￥7,000代",90,16
1990-12-01,-,2,PUZ,ケムコ,ボンバザル,"￥6,500","￥6,500代",0,0
1990-12-16,-,4,ACT,エニックス,アクトレイザー,"￥8,000","￥8,000代",40,64
1990-12-16,31,2,SLG,イマジニア,ポピュラス,"￥8,800","￥9,000代",0,64
1990-12-21,-,4,ACT,カプコン,ファイナルファイト,"￥8,500","￥8,500代",0,0
1990-12-21,33,2,SHT,コナミ,グラディウスⅢ,"￥7,800","￥8,000代",0,0
1990-12-21,-,2,SPT,任天堂,パイロットウイングス,"￥8,000","￥8,000代",48,0
1990-12-29,-,3,ACT,バンプレスト,SDザ・グレイトバトル,"￥8,200","￥8,000代",0,0
1991-02-23,-,4,SPT,HAL研究所,ジャンボ尾崎のホールインワン,"￥8,900","￥9,000代",0,0
1991-03-20,-,4,RAC,ジャレコ,BIGRUN,"￥8,700","￥8,500代",0,0
1991-03-29,-,4,SHT,タイトー,ダライアスツイン,"￥8,500","￥8,500代",0,0
1991-04-05,30,4,SPT,T＆Eソフト,遙かなるオーガスタ,"￥9,800","￥10,000代",0,64
1991-04-06,30,2,ACT,バンダイ,ウルトラマン,"￥7,800","￥8,000代",0,0
1991-04-26,33,2,SLG,任天堂,シムシティ,"￥8,000","￥8,000代",90,256
1991-05-17,-,4,SPT,ジャレコ,スーパープロフェッショナルベースボール,"￥8,700","￥8,500代",0,0
1991-05-24,-,4,RPG,ケムコ,ドラッケン,"￥8,500","￥8,500代",0,64
1991-05-28,-,4,RPG,セタ,ガデュリン,"￥8,800","￥9,000代",0,64
1991-06-21,-,4,RPG,トンキンハウス,イースⅢワンダラーズフロムイース,"￥8,800","￥9,000代",0,64
1991-07-02,-,4,SPT,セタ,スーパースタジアム,"￥8,800","￥9,000代",0,64
1991-07-06,-,4,SLG,バンダイ,機動戦士ガンダムF91フォーミュラー戦記0122,"￥9,500","￥9,500代",0,64
1991-07-12,-,2,SPT,カルチャーブレーン,スーパーウルトラベースボール,"￥8,800","￥9,000代",0,64
1991-07-13,-,4,SHT,アイレム,スーパーアールタイプ,"￥8,500","￥8,500代",0,0
1991-07-19,-,4,ACT,コナミ,がんばれゴエモンゆき姫救出絵巻,"￥8,800","￥9,000代",0,0
1991-07-19,36,4,RPG,スクウェア,ファイナルファンタジーⅣ,"￥8,800","￥9,000代",143,64
1991-07-20,-,4,SPT,バンプレスト,バトルドッジボール闘球大激突,"￥9,600","￥9,500代",0,64
1991-07-26,-,4,SHT,カプコン,エリア88,"￥8,500","￥8,500代",0,0
1991-08-09,30,4,SPT,エピック・ソニーレコード,白熱プロ野球ガンバリーグ,"￥8,500","￥8,500代",0,64
1991-08-23,-,2,TAB,セタ,初段森田将棋,"￥8,800","￥9,000代",0,64
1991-08-30,-,2,SPT,トンキンハウス,スーパーテニスワールドサーキット,"￥7,800","￥8,000代",0,0
1991-08-31,-,4,SHT,HAL研究所,ハイパーゾーン,"￥8,500","￥8,500代",0,0
1991-09-13,-,4,ACT,エピック・ソニーレコード,ジェリーボーイ,"￥8,500","￥8,500代",0,0
1991-09-15,-,4,SLG,光栄,スーパー三國志Ⅱ,"￥14,800","￥15,000代",0,256
1991-09-20,-,2,SPT,イマジニア,プロサッカー,"￥8,000","￥8,000代",0,16
1991-10-04,-,4,ACT,カプコン,超魔界村,"￥8,500","￥8,500代",0,0
1991-10-25,-,4,SHT,ジャレコ,SUPERE.D.F.,"￥8,700","￥8,500代",0,0
1991-10-29,31,4,RPG,スクウェア,ファイナルファンタジーⅣイージータイプ,"￥9,000","￥9,000代",0,64
1991-10-31,-,4,ACT,コナミ,悪魔城ドラキュラ,"￥8,800","￥9,000代",0,0
1991-11-21,39,4,A-RPG,任天堂,ゼルダの伝説神々のトライフォース,"￥8,000","￥8,000代",116,64
1991-11-29,-,4,SHT,東映動画,雷電伝説,"￥8,700","￥8,500代",0,0
1991-12-06,-,4,ACT,データイースト,JOE＆MAC戦え原始人,"￥8,500","￥8,500代",0,0
1991-12-13,30,4,ACT,ナムコ,スーパーワギャンランド,"￥8,300","￥8,500代",0,0
1991-12-13,-,4,RPG,ケムコ,ラグーン,"￥8,500","￥8,500代",0,64
1991-12-13,31,2,SPT,ヒューマン,スーパーフォーメーションサッカー,"￥7,700","￥7,500代",0,0
1991-12-13,-,2,TAB,エポック社,ちびまる子ちゃん「はりきり365日」の巻,"￥8,800","￥9,000代",0,0
1991-12-18,35,4,PUZ,サンソフト,レミングス,"￥8,500","￥8,500代",0,0
1991-12-20,30,4,RPG,ビクターエンタテインメント,ダンジョンマスター,"￥9,800","￥10,000代",0,256
1991-12-20,-,4,SHT,アスミック,ディメンションフォース,"￥8,500","￥8,500代",0,0
1991-12-20,-,4,SPT,ヒューマン,スーパーファイヤープロレスリング,"￥8,500","￥8,500代",0,0
1991-12-21,-,4,RPG,エンジェル,SDガンダム外伝ナイトガンダム物語大いなる遺産,"￥9,500","￥9,500代",0,64
1991-12-21,-,4,SLG,光栄,スーパー信長の野望武将風雲録,"￥11,800","￥12,000代",0,256
1991-12-27,-,2,ACT,ナツメ,反省ザルジローくんの大冒険,"￥7,000","￥7,000代",0,0
1991-12-27,-,4,SHT,東芝EMI,サンダースピリッツ,"￥8,600","￥8,500代",0,0
1991-12-28,-,4,RPG,カルチャーブレーン,スーパーチャイニーズワールド,"￥8,800","￥9,000代",0,0
1991-12-29,-,3,SLG,イマジニア,シムアース,"￥9,600","￥9,500代",0,64
1991-12-29,-,4,SLG,バンプレスト,バトルコマンダー八武衆修羅の兵法,"￥9,800","￥10,000代",0,256
1992-01-11,-,4,ACT,ハドソン,高橋名人の大冒険島,"￥8,500","￥8,500代",0,0
1992-01-17,-,2,SPT,イマジニア,プロフットボール,"￥7,900","￥8,000代",0,0
1992-01-25,-,4,RPG,バンダイ,ドラゴンボールZ超サイヤ伝説,"￥9,500","￥9,500代",0,64
1992-01-28,31,4,RPG,スクウェア,ロマンシングサ・ガ,"￥9,500","￥9,500代",98,64
1992-01-31,32,4,RPG,エニックス,ソウルブレイダー,"￥8,800","￥9,000代",0,64
1992-02-14,-,4,RPG,エポック社,ドラゴンスレイヤー英雄伝説,"￥9,800","￥10,000代",0,16
1992-02-21,-,4,RAC,セタ,エキゾースト・ヒート,"￥8,900","￥9,000代",0,64
1992-02-28,-,4,ACT,アイ・ジー・エス,ロケッティア,"￥8,900","￥9,000代",0,0
1992-02-28,-,4,ACT,コナミ,魂斗羅スピリッツ,"￥8,500","￥8,500代",0,0
1992-03-06,-,4,SPT,データイースト,スーパーバーディラッシュ,"￥8,800","￥9,000代",0,64
1992-03-07,-,4,ADV,チュンソフト,弟切草,"￥8,800","￥9,000代",0,64
1992-03-19,-,4,RAC,タカラ,新世紀GPXサイバーフォーミュラ,"￥8,800","￥9,000代",0,0
1992-03-19,-,2,RAC,ビクターエンタテインメント,R.P.M.Racing,"￥8,800","￥9,000代",0,16
1992-03-19,-,5,RPG,光栄,スーパー伊忍道打倒信長,"￥11,800","￥12,000代",0,64
1992-03-20,-,4,ACT,アスミック,超攻合神サーディオン,"￥8,800","￥9,000代",0,64
1992-03-20,-,4,ACT,カプコン,ファイナルファイトガイ,"￥8,500","￥8,500代",0,0
1992-03-27,31,2,ACT,アスキー,SMASH・T.V.,"￥7,800","￥8,000代",0,0
1992-03-27,-,4,ACT,ジャレコ,ラッシングビート,"￥8,700","￥8,500代",0,0
1992-03-27,-,4,ACT,日本コンピュータシステム,らんま1／2町内激闘篇,"￥8,800","￥9,000代",0,0
1992-03-27,-,4,ACT,バンプレスト,ザ・グレイトバトルⅡラストファイターツイン,"￥8,200","￥8,000代",0,0
1992-03-27,-,4,ACT,レーザーソフト,スーパーヴァリス赤き月の乙女,"￥8,500","￥8,500代",0,0
1992-03-27,-,2,RAC,ケムコ,トップレーサー,"￥7,800","￥8,000代",0,0
1992-03-27,-,4,RAC,ナグザット,バトルグランプリ,"￥8,500","￥8,500代",0,0
1992-03-27,-,4,RPG,HAL研究所,カードマスターリムサリアの封印,"￥8,900","￥9,000代",0,64
1992-03-27,-,4,SHT,アテナ,S.T.G.(エスティージー),"￥8,900","￥9,000代",0,0
1992-03-27,-,2,SPT,タイトー,ハットトリックヒーロー,"￥8,000","￥8,000代",0,0
1992-03-27,-,4,SPT,ナムコ,スーパーファミスタ,"￥7,900","￥8,000代",0,0
1992-03-28,-,2,ACT,バンダイ,まじかる☆タルるートくんMAGICADVENTURE,"￥8,000","￥8,000代",0,64
1992-04-03,-,4,RPG,ポニーキャニオン,ウルティマⅥ偽りの予言者,"￥9,800","￥10,000代",0,64
1992-04-05,-,4,SLG,光栄,エアーマネジメント大空に賭ける,"￥11,800","￥12,000代",0,64
1992-04-05,-,4,TAB,ツクダオリジナル,オセロワールド,"￥8,700","￥8,500代",0,0
1992-04-10,-,4,SPT,T＆Eソフト,ペブルビーチの波濤,"￥9,800","￥10,000代",0,64
1992-04-21,-,4,ACT,データム・ポリスター,豪槍神雷伝説武者,"￥8,800","￥9,000代",0,16
1992-04-24,-,4,RPG,シグマ商事,摩訶摩訶,"￥8,700","￥8,500代",0,64
1992-04-24,-,4,RPG,データイースト,ヘラクレスの栄光Ⅲ神々の沈黙,"￥8,800","￥9,000代",0,64
1992-04-24,-,4,SPT,アクレイムジャパン,WWFスーパーレッスルマニア,"￥8,800","￥9,000代",0,0
1992-04-24,-,4,SPT,ジャレコ,スーパーカップサッカー,"￥9,000","￥9,000代",0,64
1992-04-28,-,4,PUZ,ホット・ビィ,スーパー上海ドラゴンズアイ,"￥7,800","￥8,000代",0,0
1992-04-28,-,4,RAC,ビデオシステム,F-1GRANDPRIX,"￥9,700","￥9,500代",0,64
1992-04-28,32,4,SHT,東宝,スーパーアレスタ,"￥8,700","￥8,500代",0,0
1992-04-28,-,2,SPT,ソフエル,拳闘王ワールドチャンピオン,"￥8,000","￥8,000代",0,0
1992-05-01,-,4,ACT,サミー,バトルブレイズ,"￥8,700","￥8,500代",0,0
1992-05-23,-,4,RPG,バンダイ,甲竜伝説ヴィルガスト消えた少女,"￥9,000","￥9,000代",0,64
1992-05-29,-,4,ACT,カプコン,マジックソード,"￥8,500","￥8,500代",0,0
1992-05-29,-,4,SLG,ウルフ・チーム,斬Ⅱスピリッツ,"￥9,800","￥10,000代",0,64
1992-06-10,35,7,ACT,カプコン,ストリートファイターⅡ,"￥9,800","￥10,000代",290,0
1992-06-19,-,4,SPT,HAL研究所,スーパーダンクショット,"￥8,600","￥8,500代",0,0
1992-06-19,-,4,TAB,アイマックス,スーパー将棋,"￥8,800","￥9,000代",0,64
1992-06-26,-,4,ACT,タイトー,キャメルトライ,"￥8,500","￥8,500代",0,0
1992-06-26,-,4,SLG,エンジェル,横山光輝三国志,"￥9,500","￥9,500代",0,64
1992-06-26,-,4,SPT,キングレコード,アストラルバウト,"￥9,030","￥9,000代",0,0
1992-06-26,-,4,SPT,ケイ・アミューズメントリース,甲子園2,"￥8,900","￥9,000代",0,64
1992-07-03,-,4,ACT,日本コンピュータシステム,プリンスオブペルシャ,"￥8,800","￥9,000代",0,0
1992-07-03,-,2,RAC,パック・イン・ビデオ,スーパーオフロード,"￥6,900","￥7,000代",0,0
1992-07-03,-,4,RPG,トンキンハウス,LightFantasy,"￥8,900","￥9,000代",0,64
1992-07-03,-,4,SHT,コナミ,パロディウスだ!神話からお笑いへ,"￥8,500","￥8,500代",0,0
1992-07-03,-,2,SPT,アテナ,スーパーボウリング,"￥8,300","￥8,500代",0,0
1992-07-03,-,2,SPT,イマジニア,PGAツアーゴルフ,"￥8,500","￥8,500代",0,64
1992-07-10,-,4,ETC,タイトー,ゆうゆのクイズでGO!GO!,"￥8,500","￥8,500代",0,0
1992-07-10,-,4,RPG,東映動画,北斗の拳5天魔流星伝哀・絶章,"￥8,900","￥9,000代",0,64
1992-07-14,35,4,ETC,任天堂,マリオペイント,"￥9,800","￥10,000代",0,256
1992-07-17,-,4,ACT,アイレム,ダイナウォーズ恐竜王国への大冒険,"￥8,800","￥9,000代",0,0
1992-07-17,-,4,ACT,エピック・ソニーレコード,HOOK,"￥8,500","￥8,500代",0,0
1992-07-17,-,4,RAC,ロジーク,鈴木亜久里のF1スーパードライビング,"￥8,800","￥9,000代",0,64
1992-07-17,31,4,SPT,テクモ,キャプテン翼Ⅲ皇帝の挑戦,"￥8,900","￥9,000代",0,64
1992-07-17,-,4,TAB,ココナッツジャパンエンターテイメント,パチンコウォーズ,"￥9,500","￥9,500代",0,0
1992-07-23,-,4,ACT,ナムコ,サンドラの大冒険ワルキューレとの出逢い,"￥8,300","￥8,500代",0,0
1992-07-24,30,4,ACT,コナミ,T.M.N.T.タートルズインタイム,"￥8,500","￥8,500代",0,0
1992-07-24,-,4,ACT,東芝EMI,サイバリオン,"￥8,600","￥8,500代",0,0
1992-07-24,-,4,RAC,日本物産,スーパーエフワンサーカス(01),"￥8,800","￥9,000代",0,64
1992-07-24,-,4,SHT,アトラス,ブレイゾン,"￥8,500","￥8,500代",0,0
1992-07-24,-,4,SLG,ハドソン,アースライト,"￥8,500","￥8,500代",0,64
1992-07-24,-,4,SPT,サミー,ウルティメイトフットボール,"￥8,700","￥8,500代",0,0
1992-07-28,-,4,RPG,ユタカ,3×3EYES(サザンアイズ)聖魔降臨伝,"￥9,500","￥9,500代",0,64
1992-07-31,-,4,ACT,アトラス,機甲警察メタルジャック,"￥8,800","￥9,000代",0,0
1992-07-31,-,6,ACT,カルチャーブレーン,飛龍の拳Sゴールデンファイター,"￥9,700","￥9,500代",0,0
1992-07-31,-,4,ACT,タカラ,キング・オブ・ザ・モンスターズ,"￥8,800","￥9,000代",0,0
1992-07-31,-,4,SPT,サンソフト,炎の闘球児ドッジ弾平,"￥8,500","￥8,500代",0,0
1992-08-05,-,4,SLG,光栄,スーパー大航海時代,"￥11,800","￥12,000代",0,64
1992-08-07,-,4,ACT,アスキー,スピンディジーワールド,"￥8,800","￥9,000代",0,0
1992-08-07,-,4,ACT,カプコン,スーパーパン,"￥7,500","￥7,500代",0,0
1992-08-07,-,2,PUZ,BPS,パイプドリーム,"￥7,500","￥7,500代",0,0
1992-08-07,-,4,RPG,テクノスジャパン,初代熱血硬派くにおくん,"￥8,900","￥9,000代",0,16
1992-08-07,-,4,SHT,ケムコ,ファランクス,"￥8,900","￥9,000代",0,0
1992-08-07,-,4,SPT,ジャレコ,スーパープロフェッショナルベースボールⅡ,"￥9,000","￥9,000代",0,64
1992-08-07,-,4,TAB,ハドソン,スーパー桃太郎電鉄Ⅱ,"￥8,800","￥9,000代",0,64
1992-08-11,-,2,ACT,アルトロン,ホーム・アローン,"￥8,800","￥9,000代",0,0
1992-08-21,-,2,ACT,ユタカ,キン肉マンDIRTYCHALLENGER,"￥7,800","￥8,000代",0,0
1992-08-22,-,2,TAB,アイマックス,スーパー麻雀,"￥8,000","￥8,000代",0,0
1992-08-27,32,2,RAC,任天堂,スーパーマリオカート,"￥8,900","￥9,000代",382,16
1992-08-28,-,4,ACT,バンプレスト,CBキャラウォーズ失われたギャーグ,"￥8,500","￥8,500代",0,0
1992-08-28,-,2,SPT,マイクロアカデミー,ウルトラベースボール実名版,"￥8,800","￥9,000代",0,64
1992-09-11,-,4,SHT,コナミ,アクスレイ,"￥8,800","￥9,000代",0,0
1992-09-11,-,4,SHT,テイチク,アクロバットミッション,"￥8,800","￥9,000代",0,0
1992-09-12,-,2,ACT,エンジェル,SD機動戦士ガンダムV作戦始動,"￥7,800","￥8,000代",0,0
1992-09-12,-,2,TAB,光栄,スーパー麻雀大会,"￥9,800","￥10,000代",0,64
1992-09-18,-,4,SLG,ユタカ,SDガンダムXスーパーガチャポンワールド,"￥9,500","￥9,500代",0,64
1992-09-18,-,4,SPT,T＆Eソフト,ワイアラエの奇蹟,"￥9,800","￥10,000代",0,64
1992-09-24,-,5,SLG,光栄,提督の決断,"￥14,800","￥15,000代",0,256
1992-09-25,-,4,ACT,タイトー,ソニックブラストマン,"￥8,500","￥8,500代",0,0
1992-09-25,-,4,SLG,アスキー,大戦略エキスパート,"￥9,800","￥10,000代",0,256
1992-09-25,-,4,SLG,徳間書店インターメディアカンパニー,銀河英雄伝説,"￥9,800","￥10,000代",0,64
1992-09-25,-,2,TAB,パルソフト,ぎゅわんぶらあ自己中心派麻雀皇位戦,"￥8,800","￥9,000代",0,0
1992-09-27,36,6,RPG,エニックス,ドラゴンクエストV天空の花嫁,"￥9,600","￥9,500代",280,64
1992-09-29,-,2,SLG,ナムコ,スカイミッション,"￥8,300","￥8,500代",0,0
1992-10-09,-,2,SLG,エポック社,ロードモナーク,"￥8,800","￥9,000代",0,64
1992-10-16,-,4,ACT,テクノスジャパン,リターン・オブ・双截龍,"￥8,600","￥8,500代",0,0
1992-10-22,-,4,SLG,光栄,スーパーロイヤルブラッド,"￥9,800","￥10,000代",0,64
1992-10-23,-,4,ACT,ミサワエンターテインメント,アダムスファミリー,"￥8,800","￥9,000代",0,0
1992-10-23,-,4,RAC,日本物産,スーパーF-1サーカスリミテッド,"￥9,200","￥9,000代",0,64
1992-10-29,-,4,SHT,ナムコ,コズモギャングザビデオ,"￥7,900","￥8,000代",0,0
1992-10-30,36,6,RPG,アトラス,真・女神転生,"￥9,800","￥10,000代",0,64
1992-10-30,-,4,RPG,トンキンハウス,サイバーナイト,"￥8,900","￥9,000代",0,64
1992-11-06,-,2,ACT,ヒロ,スーパーリニアボール,"￥8,000","￥8,000代",0,0
1992-11-08,-,6,SLG,光栄,三國志Ⅲ,"￥14,800","￥15,000代",0,256
1992-11-13,-,6,RPG,アスミック,レナス古代機械の記憶,"￥9,600","￥9,500代",0,64
1992-11-13,-,4,SHT,ココナッツジャパンエンターテイメント,スーパーSWIV,"￥9,500","￥9,500代",0,0
1992-11-20,30,4,ACT,カプコン,ミッキーのマジカルアドベンチャー,"￥8,500","￥8,500代",0,0
1992-11-20,-,6,ACT,東映動画,北斗の拳6激闘伝承拳覇王への道,"￥8,900","￥9,000代",0,0
1992-11-20,-,4,ACT,レーザーソフト,対決!!ブラスナンバーズ,"￥8,500","￥8,500代",0,0
1992-11-20,-,4,ETC,トミー,アメリカ横断ウルトラクイズ,"￥8,700","￥8,500代",0,0
1992-11-20,-,4,RAC,ヒューマン,ヒューマン・グランプリ,"￥9,700","￥9,500代",0,256
1992-11-20,-,4,RPG,アスキー,ウィザードリィV災渦の中心,"￥9,800","￥10,000代",0,64
1992-11-20,-,6,RPG,バンプレスト,ヒーロー戦記プロジェクトオリュンポス,"￥9,600","￥9,500代",0,64
1992-11-21,-,2,PUZ,データム・ポリスター,CACOMAKNIGHT(カコマナイト),"￥7,800","￥8,000代",0,0
1992-11-27,-,2,ACT,アイレム,ガンフォース,"￥8,300","￥8,500代",0,0
1992-11-27,-,4,ACT,KANEKO,パワーアスリート,"￥8,500","￥8,500代",0,0
1992-11-27,-,6,ACT,タカラ,餓狼伝説宿命の闘い,"￥9,800","￥10,000代",0,0
1992-11-27,30,4,ACT,ビクターエンタテインメント,アウター・ワールド,"￥8,800","￥9,000代",0,0
1992-11-27,-,4,RPG,やのまん,ソング・マスター,"￥9,000","￥9,000代",0,64
1992-11-27,-,4,SLG,サミー,バルバロッサ,"￥9,800","￥10,000代",0,64
1992-11-27,30,2,SLG,ジャレコ,ロイヤルコンクエスト,"￥8,500","￥8,500代",0,0
1992-11-27,-,4,SPT,ケイ・アミューズメントリース,あしたのジョー,"￥8,900","￥9,000代",0,0
1992-11-27,-,4,SPT,トンキンハウス,バレーボールTwin,"￥8,900","￥9,000代",0,64
1992-12-04,-,4,PUZ,ケイ・アミューズメントリース,ミステリーサークル,"￥8,300","￥8,500代",0,0
1992-12-04,30,4,SPT,アイレム,メジャータイトル,"￥8,800","￥9,000代",0,0
1992-12-04,-,4,SPT,東宝,芹沢信雄のバーディトライ,"￥9,600","￥9,500代",0,64
1992-12-04,-,4,SPT,ホット・ビィ,スーパーブラックバス,"￥9,800","￥10,000代",0,0
1992-12-06,34,7,RPG,スクウェア,ファイナルファンタジーV,"￥9,800","￥10,000代",245,64
1992-12-11,-,6,ACT,カルチャーブレーン,飛龍の拳Sハイパーバージョン,"￥9,700","￥9,500代",0,0
1992-12-11,-,4,ACT,RIOT,PsychoDream(サイコドリーム),"￥8,900","￥9,000代",0,0
1992-12-11,-,6,RPG,サンソフト,弁慶外伝沙の章,"￥9,600","￥9,500代",0,64
1992-12-11,-,6,SPT,エピック・ソニーレコード,白熱プロ野球ガンバリーグ'93,"￥9,500","￥9,500代",0,64
1992-12-11,-,4,SPT,タカラ,大相撲魂,"￥9,000","￥9,000代",0,64
1992-12-11,-,4,SPT,バンプレスト,バトルサッカーフィールドの覇者,"￥9,500","￥9,500代",0,64
1992-12-11,-,4,TAB,ココナッツジャパンエンターテイメント,パチ夫くんスペシャル,"￥9,800","￥10,000代",0,64
1992-12-14,-,4,SHT,ビック東海,機動装甲ダイオン,"￥8,500","￥8,500代",0,0
1992-12-18,-,2,ACT,データイースト,戦え原始人2ルーキーの大冒険,"￥8,000","￥8,000代",0,0
1992-12-18,-,4,ACT,コナミ,タイニー・トゥーンアドベンチャーズ,"￥8,000","￥8,000代",0,0
1992-12-18,32,4,ACT,日本コンピュータシステム,重装機兵ヴァルケン,"￥8,800","￥9,000代",0,0
1992-12-18,-,4,ACT,ビクターエンタテインメント,スーパー・スター・ウォーズ,"￥8,800","￥9,000代",0,0
1992-12-18,-,4,PUZ,BPS,スーパーテトリス2+ボンブリス,"￥8,500","￥8,500代",0,16
1992-12-18,-,4,RAC,バリエ,中嶋悟監修SUPERF1HERO,"￥8,900","￥9,000代",0,0
1992-12-18,-,4,RPG,ユタカ,SDガンダム外伝2円卓の騎士,"￥9,500","￥9,500代",0,64
1992-12-18,-,4,SHT,ソフエル,フライングヒーローぶぎゅるーの大冒険,"￥8,800","￥9,000代",0,0
1992-12-18,-,4,SLG,ヘクト,ステルス,"￥9,700","￥9,500代",0,64
1992-12-18,-,4,SPT,ナムコ,スーパー大相撲熱戦大一番,"￥8,800","￥9,000代",0,0
1992-12-18,-,4,SPT,パック・イン・ビデオ,アメージングテニス,"￥8,800","￥9,000代",0,0
1992-12-18,-,4,TAB,ナグザット,ナグザットスーパーピンボール邪鬼破壊,"￥8,500","￥8,500代",0,0
1992-12-18,-,4,TAB,日本物産,スーパーニチブツマージャン(03),"￥8,800","￥9,000代",0,64
1992-12-19,30,4,SLG,スクウェア,半熟英雄ああ、世界よ半熟なれ,"￥9,500","￥9,500代",0,64
1992-12-21,-,6,ACT,ゲームプラン21,46億年物語はるかなるエデンへ,"￥9,600","￥9,500代",0,64
1992-12-22,-,4,ACT,サンソフト,LOONEYTUNESロードランナーVSワイリーコヨーテ,"￥8,600","￥8,500代",0,0
1992-12-22,-,6,ACT,ジャレコ,ラッシング・ビート乱複製都市,"￥9,600","￥9,500代",0,0
1992-12-22,-,2,ACT,タカラ,少年アシベゴマちゃんのゆうえんち大冒険,"￥7,800","￥8,000代",0,0
1992-12-22,-,4,ACT,ナツメ,奇々怪界謎の黒マント,"￥8,500","￥8,500代",0,0
1992-12-23,-,6,ACT,テクノスジャパン,コンバットライブス,"￥9,300","￥9,500代",0,0
1992-12-25,-,6,ACT,日本コンピュータシステム,らんま1／2爆烈乱闘篇,"￥9,600","￥9,500代",0,0
1992-12-25,-,4,SPT,テクモ,テクモスーパーNBAバスケットボール,"￥8,900","￥9,000代",0,64
1992-12-25,-,4,SPT,ヒューマン,スーパーファイヤープロレスリング2,"￥8,500","￥8,500代",0,0
1992-12-25,-,4,SPT,ビデオシステム,スーパーバレーⅡ,"￥8,900","￥9,000代",0,64
1992-12-25,-,2,SPT,ミサワエンターテインメント,SUPERKICKOFF(スーパーキックオフ),"￥7,700","￥7,500代",0,64
1992-12-25,-,4,TAB,アイ・ジー・エス,哭きの竜麻雀飛翔伝,"￥9,800","￥10,000代",0,64
1992-12-25,-,4,TAB,タイトー,大爆笑人生劇場,"￥8,500","￥8,500代",0,0
1992-12-28,-,4,ETC,ヨネザワ,史上最強のクイズ王決定戦SUPER,"￥8,900","￥9,000代",0,64
1992-12-28,-,4,RAC,メルダック,THEKINGOFRALLYパリ・モスクワ・ペキン,"￥8,800","￥9,000代",0,0
1993-01-03,31,6,RPG,ハドソン,エルファリア,"￥9,500","￥9,500代",0,64
1993-01-08,-,4,ACT,アイ・ジー・エス,エイリアンVSプレデター,"￥9,800","￥10,000代",0,0
1993-01-14,-,4,RPG,アイ・ジー・エス,BURAI八玉の勇士伝説(ブライ),"￥9,800","￥10,000代",0,16
1993-01-16,-,6,SLG,光栄,ヨーロッパ戦線,"￥12,800","￥13,000代",0,256
1993-01-22,-,4,ACT,データム・ポリスター,負けるな!魔剣道,"￥8,800","￥9,000代",0,0
1993-01-22,-,4,RPG,ロジーク,マイト・アンド・マジックBOOK2,"￥8,800","￥9,000代",0,64
1993-01-22,-,5,SLG,イマジニア,ポピュラス2,"￥9,800","￥10,000代",0,0
1993-01-22,-,4,SLG,ヒューマン,ドラゴンズ・アース,"￥8,500","￥8,500代",0,0
1993-01-25,-,4,ACT,ユタカ,うしおととら,"￥8,800","￥9,000代",0,0
1993-01-29,-,4,ACT,ベック,スーパービックリマン,"￥7,800","￥8,000代",0,0
1993-01-29,-,2,ACT,アクレイムジャパン,クリスティーワールド,"￥8,000","￥8,000代",0,0
1993-01-29,-,2,PUZ,バップ,Q*bert3,"￥7,000","￥7,000代",0,0
1993-01-29,-,2,PUZ,パック・イン・ビデオ,スーパー倉庫番,"￥7,800","￥8,000代",0,0
1993-01-29,-,4,SLG,やのまん,信長公記,"￥12,500","￥12,500代",0,256
1993-01-29,31,4,SPT,ナムコ,ナムコットオープン,"￥8,800","￥9,000代",0,64
1993-01-29,-,2,SPT,ミサワエンターテインメント,ワールドクラスラグビー,"￥7,900","￥8,000代",0,0
1993-02-05,-,4,ACT,バンダイ,ゲゲゲの鬼太郎復活!!天魔大王,"￥8,800","￥9,000代",0,0
1993-02-12,30,4,SPT,EAV,プロフットボール'93,"￥8,900","￥9,000代",0,0
1993-02-19,-,2,ACT,エポック社,ドラえもんのび太と妖精の国,"￥8,000","￥8,000代",0,0
1993-02-19,-,4,ADV,トミー,ウォーリーをさがせ!絵本の国の大冒険,"￥9,500","￥9,500代",0,64
1993-02-19,-,4,SLG,アスミック,鋼鉄の騎士,"￥9,800","￥10,000代",0,64
1993-02-19,-,4,TAB,POW,喜国雅彦の雀闘士銅鑼王,"￥8,900","￥9,000代",0,0
1993-02-21,34,4,SHT,任天堂,スターフォックス,"￥9,800","￥10,000代",80,256
1993-02-26,-,4,ACT,アクレイムジャパン,バートの不思議な夢の大冒険,"￥8,800","￥9,000代",0,0
1993-02-26,31,4,ACT,コナミ,バットマンリターンズ,"￥8,800","￥9,000代",0,0
1993-02-26,-,4,ACT,ビクターエンタテインメント,バトルテック,"￥9,800","￥10,000代",0,16
1993-02-26,-,2,PUZ,ナムコ,コズモギャングザパズル,"￥7,900","￥8,000代",0,0
1993-02-26,-,6,RAC,ビデオシステム,F-1GRANDPRIXPARTⅡ,"￥9,800","￥10,000代",0,64
1993-02-26,-,6,RPG,サンソフト,Xak(サーク),"￥9,600","￥9,500代",0,64
1993-02-26,-,4,SLG,イマジニア,シムアント,"￥12,800","￥13,000代",0,256
1993-02-26,-,4,SLG,エンジェル,織田信長覇王の軍団,"￥9,500","￥9,500代",0,64
1993-02-26,-,4,SLG,光栄,リーディングカンパニー,"￥12,800","￥13,000代",0,64
1993-02-26,-,4,SPT,EAV,NBAプロバスケットボールブルズVSブレイザーズ,"￥8,900","￥9,000代",0,0
1993-03-05,-,4,ADV,ヘクト,イーハトーヴォ物語,"￥9,700","￥9,500代",0,16
1993-03-05,-,4,RAC,セタ,エキゾースト・ヒートF1ドライバーへの軌跡,"￥9,800","￥10,000代",0,32
1993-03-05,-,4,RPG,コブラチーム,ジョジョの奇妙な冒険,"￥9,500","￥9,500代",0,64
1993-03-05,-,4,RPG,サンソフト,アルバートオデッセイ,"￥9,600","￥9,500代",0,64
1993-03-05,31,4,RPG,データイースト,METALMAX2,"￥9,500","￥9,500代",0,64
1993-03-05,-,4,SPT,エレクトロ・ブレイン・ジャパン,スーパーキックボクシング,"￥8,800","￥9,000代",0,0
1993-03-05,-,4,SPT,T＆Eソフト,デビルズコース,"￥9,800","￥10,000代",0,64
1993-03-05,30,4,TAB,トミー,モノポリー,"￥9,700","￥9,500代",0,64
1993-03-12,-,4,ACT,ヘクト,カリフォルニアゲームズⅡ,"￥8,800","￥9,000代",0,0
1993-03-12,-,4,ACT,マイクロワールド,EDONO牙(エドノキバ),"￥8,900","￥9,000代",0,0
1993-03-12,33,7,SLG,クエスト,伝説のオウガバトル,"￥9,600","￥9,500代",0,64
1993-03-12,-,6,SPT,ケイ・アミューズメントリース,2020年スーパーベースボール,"￥8,900","￥9,000代",0,0
1993-03-12,-,4,SPT,ナムコ,スーパーファミスタ2,"￥7,900","￥8,000代",0,0
1993-03-19,-,4,RAC,インフォコム,ナイジェル・マンセルF1チャレンジ,"￥8,800","￥9,000代",0,0
1993-03-19,-,4,RPG,ナグザット,超魔界大戦!どらぼっちゃん,"￥8,800","￥9,000代",0,16
1993-03-19,-,6,RPG,ポニーキャニオン,ジャングルウォーズ2古代魔法アティモスの謎,"￥9,500","￥9,500代",0,64
1993-03-19,-,4,SHT,アテナ,バイオメタル,"￥8,980","￥9,000代",0,0
1993-03-19,-,4,SPT,ジャレコ,USAICEHOCKEY,"￥9,000","￥9,000代",0,64
1993-03-20,-,7,ACT,バンダイ,ドラゴンボールZ超武闘伝,"￥9,800","￥10,000代",145,0
1993-03-25,-,4,ACT,ナムコ,スーパーワギャンランド2,"￥8,300","￥8,500代",0,0
1993-03-25,-,6,SLG,光栄,スーパー蒼き狼と白き牝鹿元朝秘史,"￥11,800","￥12,000代",0,64
1993-03-26,-,2,ACT,ケムコ,ブルースブラザース,"￥7,800","￥8,000代",0,0
1993-03-26,-,7,ACT,ジャレコ,DEADDANCE(デッドダンス),"￥9,700","￥9,500代",0,0
1993-03-26,-,4,ACT,バンダイ,ウルトラセブン,"￥8,800","￥9,000代",0,0
1993-03-26,-,5,ACT,バンプレスト,ザ・グレイトバトルⅢ,"￥8,700","￥8,500代",0,0
1993-03-26,-,4,ETC,ヴィジット,ザ・心理ゲーム悪魔のココロジー,"￥9,800","￥10,000代",0,64
1993-03-26,-,4,RPG,ウルフ・チーム,ノイギーア海と風の鼓動,"￥9,800","￥10,000代",0,16
1993-03-26,-,4,SHT,EAV,デザートストライク湾岸作戦,"￥8,900","￥9,000代",0,0
1993-03-26,-,4,SHT,コナミ,Pop'nツインビー,"￥8,900","￥9,000代",0,0
1993-03-26,-,4,SLG,イマジニア,パワーモンガー魔将の謀略,"￥12,800","￥13,000代",0,0
1993-03-26,-,4,SPT,テクモ,つっぱり大相撲立身出世編,"￥9,000","￥9,000代",0,64
1993-03-26,-,4,SPT,マイクロワールド,インターナショナル・テニスツアー,"￥8,900","￥9,000代",0,0
1993-04-02,-,4,SLG,光栄,エアーマネジメントⅡ航空王をめざせ,"￥12,800","￥13,000代",0,64
1993-04-03,-,6,RPG,カプコン,ブレスオブファイア竜の戦士,"￥9,800","￥10,000代",0,64
1993-04-03,-,6,SPT,テクモ,キャプテン翼Ⅳプロのライバルたち,"￥9,700","￥9,500代",0,64
1993-04-07,-,6,SLG,光栄,太閤立志伝,"￥11,800","￥12,000代",0,256
1993-04-09,-,4,ACT,ココナッツジャパンエンターテイメント,アクションパチ夫,"￥9,500","￥9,500代",0,0
1993-04-16,-,6,RPG,アイマックス,デュアルオーブ聖霊珠伝説,"￥9,700","￥9,500代",0,64
1993-04-16,-,4,TAB,ビデオシステム,The麻雀・闘牌伝,"￥8,900","￥9,000代",0,64
1993-04-23,-,4,ACT,ジャレコ,怒りの要塞,"￥8,700","￥8,500代",0,0
1993-04-23,-,2,ACT,パック・イン・ビデオ,スーパーバトルタンク,"￥7,800","￥8,000代",0,0
1993-04-23,-,6,RPG,ゲームプラン21,エルナード,"￥9,600","￥9,500代",0,64
1993-04-23,-,4,RPG,ユタカ,龍騎兵団ダンザルブ,"￥9,500","￥9,500代",0,64
1993-04-28,30,2,ACT,ハドソン,スーパーボンバーマン,"￥7,800","￥8,000代",0,0
1993-04-28,-,4,SPT,サミー,スーパーダンクスター,"￥7,900","￥8,000代",0,0
1993-05-14,-,2,ETC,エポック社,バーコードバトラー戦記スーパー戦士出撃せよ!,"￥7,680","￥7,500代",0,64
1993-05-14,-,4,TAB,BPS,対局囲碁ゴライアス,"￥14,800","￥15,000代",0,256
1993-05-21,-,4,SPT,アクレイムジャパン,NBAオールスターチャレンジ,"￥8,800","￥9,000代",0,0
1993-05-22,-,5,ACT,カプコン,ファイナルファイト2,"￥9,000","￥9,000代",0,0
1993-05-28,32,4,ACT,ヒューマン,セプテントリオン,"￥8,500","￥8,500代",0,0
1993-05-28,31,4,TAB,ケイエスエス,パチンコ物語パチスロもあるでよ!!,"￥9,800","￥10,000代",0,0
1993-06-04,-,6,RPG,エポック社,ドラゴンスレイヤー英雄伝説Ⅱ,"￥9,800","￥10,000代",0,64
1993-06-11,-,4,ACT,日本物産,コスモポリスギャリバン,"￥8,800","￥9,000代",0,0
1993-06-11,30,2,SPT,ヒューマン,スーパーフォーメーションサッカー2,"￥8,500","￥8,500代",0,16
1993-06-11,-,2,TAB,アテナ,プロ麻雀極,"￥9,600","￥9,500代",0,0
1993-06-18,-,6,RPG,ビック東海,神聖紀オデッセリア,"￥9,500","￥9,500代",0,64
1993-06-18,-,2,TAB,セタ,早指し二段森田将棋,"￥14,800","￥15,000代",0,32
1993-06-21,-,4,SHT,任天堂,スペースバズーカ,"￥6,500","￥6,500代",0,0
1993-06-21,-,4,SHT,任天堂,スーパースコープ6(スーパースコープ付属カセット),"￥9,800","￥10,000代",0,0
1993-06-25,-,2,ACT,アルトロン,トムとジェリー,"￥8,900","￥9,000代",0,0
1993-06-25,-,2,ACT,コナミ,ドラゴンズマジック,"￥8,800","￥9,000代",0,0
1993-06-25,-,4,ACT,システムサコム,激突弾丸自動車決戦バトルモービル,"￥8,800","￥9,000代",0,0
1993-06-25,-,4,ACT,バンダイ,マジンガーZ,"￥8,800","￥9,000代",0,0
1993-06-25,-,4,RAC,アトラス,GP-1,"￥8,800","￥9,000代",0,0
1993-06-25,30,7,RPG,セタ,シルヴァ・サーガⅡ,"￥9,800","￥10,000代",0,64
1993-06-25,-,4,RPG,タイトー,エストポリス伝記,"￥8,900","￥9,000代",0,64
1993-06-25,-,6,SLG,ウルフ・チーム,三国志正史天舞スピリッツ,"￥12,800","￥13,000代",0,256
1993-06-25,-,4,SPT,ナムコ,スーパーファミリーテニス,"￥7,900","￥8,000代",0,0
1993-07-02,-,2,ACT,ケムコ,ファーストサムライ魔狂人伝説,"￥7,800","￥8,000代",0,0
1993-07-09,-,4,ACT,ユタカ,仮面ライダーSD出撃ライダーマシン,"￥8,800","￥9,000代",0,0
1993-07-09,-,4,ACT,アクレイムジャパン,エイリアン3,"￥8,800","￥9,000代",0,0
1993-07-09,-,2,PUZ,BPS,ヨッシーのクッキー,"￥6,600","￥6,500代",0,0
1993-07-09,-,4,SPT,アクレイムジャパン,スーパーハイインパクト,"￥8,800","￥9,000代",0,0
1993-07-11,36,8,ACT,カプコン,ストリートファイターⅡターボ,"￥9,980","￥10,000代",210,0
1993-07-14,32,7,ACT,任天堂,スーパーマリオコレクション,"￥9,800","￥10,000代",212,64
1993-07-14,-,4,SHT,任天堂,ヨッシーのロードハンティング,"￥6,500","￥6,500代",0,0
1993-07-16,-,6,ACT,アイマックス,デスブレイド,"￥9,700","￥9,500代",0,0
1993-07-16,-,1,ACT,キャラクターソフト,サンリオワールドスマッシュボール!,"￥6,980","￥7,000代",0,0
1993-07-16,-,6,RPG,コナミ,摩陀羅2,"￥9,800","￥10,000代",0,64
1993-07-16,-,2,SLG,アスミック,スーパーエアダイバー,"￥8,900","￥9,000代",0,0
1993-07-16,-,4,SPT,ヴァージンゲーム,マジックジョンソンのスーパースラムダンク,"￥8,900","￥9,000代",0,0
1993-07-16,-,2,SPT,ココナッツジャパンエンターテイメント,ワールド・サッカー,"￥9,500","￥9,500代",0,64
1993-07-16,-,7,SPT,日本コンピュータシステム,全日本プロレス,"￥9,900","￥10,000代",0,0
1993-07-23,-,4,ACT,東芝EMI,スーパーバック・トゥ・ザ・フューチャー2,"￥9,000","￥9,000代",0,0
1993-07-23,-,4,ACT,ビクターエンタテインメント,スーパー・ジェームスポンドⅡ,"￥8,800","￥9,000代",0,0
1993-07-23,-,6,RPG,ホット・ビィ,バズー!魔法世界,"￥9,800","￥10,000代",0,64
1993-07-23,-,4,SHT,アスキー,ウイングコマンダー,"￥9,800","￥10,000代",0,0
1993-07-23,-,4,SLG,イマジニア,メガロマニア時空大戦略,"￥12,800","￥13,000代",0,0
1993-07-23,31,6,SLG,バンプレスト,第3次スーパーロボット大戦,"￥9,800","￥10,000代",0,64
1993-07-23,-,7,SPT,アクレイムジャパン,WWFロイヤルランブル,"￥9,800","￥10,000代",0,0
1993-07-23,-,6,SPT,バンプレスト,バトルドッジボールⅡ,"￥9,600","￥9,500代",0,0
1993-07-29,-,6,RAC,日本物産,スーパーF1サーカス2,"￥9,500","￥9,500代",0,64
1993-07-30,-,4,ACT,アイレム,ニトロパンクスマイトヘッズ,"￥8,800","￥9,000代",0,0
1993-07-30,-,4,ACT,バリエ,パティームーン,"￥8,900","￥9,000代",0,0
1993-07-30,-,6,ACT,バンダイ,クレヨンしんちゃん嵐を呼ぶ園児,"￥9,500","￥9,500代",0,0
1993-07-30,-,4,ACT,ベック,宇宙の騎士テッカマンブレード,"￥8,800","￥9,000代",0,0
1993-07-30,-,5,SHT,ビデオシステム,ソニックウイングス,"￥8,900","￥9,000代",0,0
1993-07-30,-,7,TAB,ジャレコ,美少女雀士スーチーパイ,"￥9,700","￥9,500代",0,0
1993-07-30,-,5,TAB,タイトー,大爆笑人生劇場ドキドキ青春編,"￥8,800","￥9,000代",0,0
1993-08-05,-,2,SLG,光栄,スーパー信長の野望・全国版,"￥8,800","￥9,000代",0,64
1993-08-06,33,7,RPG,スクウェア,聖剣伝説2,"￥9,800","￥10,000代",150,64
1993-08-06,-,6,RPG,T＆Eソフト,ソード・ワールドSFC,"￥9,800","￥10,000代",0,64
1993-08-06,-,6,SPT,テクノスジャパン,くにおくんのドッジボールだよ全員集合!,"￥9,600","￥9,500代",0,64
1993-08-06,-,4,SPT,ナムコ,Jリーグサッカープライムゴール,"￥8,500","￥8,500代",0,0
1993-08-06,-,6,SPT,ハドソン,スーパーパワーリーグ,"￥9,500","￥9,500代",0,64
1993-08-06,-,4,SPT,ヒューマン,ヒューマンベースボール,"￥8,600","￥8,500代",0,0
1993-08-06,-,6,SPT,ポニーキャニオン,大仁田厚「FMW」キミは時代よる熱くなれるか,"￥9,800","￥10,000代",0,0
1993-08-10,-,4,ETC,アイマックス,スーパー競馬,"￥9,700","￥9,500代",0,64
1993-08-12,-,7,ACT,サンソフト,ワールドヒーローズ,"￥9,800","￥10,000代",0,0
1993-08-20,-,2,SPT,アルトロン,スーパースラップショット,"￥8,500","￥8,500代",0,0
1993-08-27,-,6,ACT,エンジェル,美少女戦士セーラームーン,"￥9,800","￥10,000代",0,0
1993-08-27,-,4,ACT,任天堂,マリオとワリオ,"￥6,800","￥7,000代",0,0
1993-08-27,-,4,ETC,ヘクト,サラブレッドブリーダー,"￥9,700","￥9,500代",0,64
1993-08-27,32,6,SLG,エニックス,樹帝戦紀,"￥9,600","￥9,500代",0,64
1993-08-27,-,4,SPT,アクレイムジャパン,MVPベースボール,"￥8,800","￥9,000代",0,0
1993-08-27,-,2,SPT,ケムコ,XZONE,"￥6,500","￥6,500代",0,0
1993-08-27,-,2,SPT,バンダイ,DESTRUCTIVE(デストラクティブ),"￥6,800","￥7,000代",0,0
1993-09-03,-,2,ACT,トンキンハウス,スーパータリカン,"￥7,500","￥7,500代",0,0
1993-09-10,-,4,ACT,コブラチーム,サンダーバード国際救助隊出動せよ,"￥8,800","￥9,000代",0,0
1993-09-10,-,4,ETC,イマジニア,ラスベガスドリーム,"￥9,800","￥10,000代",0,16
1993-09-10,-,7,ETC,光栄,ウイニングポスト,"￥12,800","￥13,000代",0,256
1993-09-10,-,2,RPG,スクウェア,ミスティッククエスト,"￥7,900","￥8,000代",0,64
1993-09-14,-,7,SPT,バリエ,新日本プロレスリング超戦士IN闘強導夢,"￥9,800","￥10,000代",0,0
1993-09-17,-,4,ADV,ユタカ,課長島耕作スーパービジネスアドベンチャー,"￥9,800","￥10,000代",0,64
1993-09-17,-,4,SPT,コナミ,NFLフットボール,"￥9,000","￥9,000代",0,0
1993-09-17,-,4,SPT,フォーラム,ファイナルセット,"￥8,500","￥8,500代",0,0
1993-09-19,32,6,RPG,チュンソフト,トルネコの大冒険不思議のダンジョン,"￥9,600","￥9,500代",80,64
1993-09-22,-,4,ACT,データイースト,戦国伝承,"￥8,800","￥9,000代",0,0
1993-09-22,-,6,SPT,T＆Eソフト,マスターズ遙かなるオーガスタ2,"￥9,900","￥10,000代",0,64
1993-09-23,-,4,ACT,エンジェル,SD機動戦士ガンダム2,"￥8,800","￥9,000代",0,0
1993-09-23,-,4,ACT,バナレックス,GS美神除霊師はナイスバディ(ゴーストスイーパー美神),"￥8,800","￥9,000代",0,0
1993-09-24,-,4,SHT,タイトー,ダライアスフォース,"￥8,800","￥9,000代",0,0
1993-09-24,-,2,SPT,パック・イン・ビデオ,GO!GO!ドッジリーグ,"￥7,800","￥8,000代",0,0
1993-09-24,-,2,TAB,ナグザット,本格麻雀徹萬,"￥7,800","￥8,000代",0,0
1993-09-30,-,2,SPT,徳間書店インターメディアカンパニー,東尾修監修スーパープロ野球スタジアム,"￥8,900","￥9,000代",0,64
1993-10-01,-,7,RPG,やのまん,TRINEA-トリネア-,"￥9,800","￥10,000代",0,16
1993-10-01,-,2,SHT,アルトロン,レッド・オクトーバー,"￥8,800","￥9,000代",0,0
1993-10-01,-,6,SPT,ジャレコ,スーパー3Dベースボール,"￥12,800","￥13,000代",0,64
1993-10-08,32,4,ACT,T＆Eソフト,バイキングの大迷惑,"￥8,800","￥9,000代",0,0
1993-10-08,-,4,ETC,キングレコード,スーパー競走馬風のシルフィード,"￥9,300","￥9,500代",0,64
1993-10-15,-,4,RAC,ナムコ,スズカエイトアワーズ,"￥8,800","￥9,000代",0,16
1993-10-21,-,2,ETC,ココナッツジャパンエンターテイメント,スーパーカジノシーザースパレス,"￥8,900","￥9,000代",0,0
1993-10-22,-,4,ACT,タカラ,ミラクルガールズともみとみかげの不思議世界の大冒険,"￥8,800","￥9,000代",0,0
1993-10-22,-,5,RPG,サミー,ARCUSSPIRITS(アークス・スピリッツ),"￥8,900","￥9,000代",0,0
1993-10-22,-,6,RPG,東宝、小学館プロダクション,らんま1／2朱猫団的秘宝,"￥9,800","￥10,000代",0,64
1993-10-29,-,6,ACT,エニックス,アクトレイザー2沈黙への聖戦,"￥9,300","￥9,500代",0,0
1993-10-29,-,7,ACT,ケイ・アミューズメントリース,龍虎の拳,"￥9,800","￥10,000代",0,0
1993-10-29,-,4,ACT,タカラ,装甲騎兵ボトムズザ・バトリングロード,"￥9,800","￥10,000代",0,0
1993-10-29,-,4,ETC,ビクターエンタテインメント,クラシック・ロード,"￥9,800","￥10,000代",0,64
1993-10-29,-,7,RPG,カルチャーブレーン,スーパーチャイニーズワールド2,"￥9,800","￥10,000代",0,0
1993-10-29,-,4,SHT,バンプレスト、ザムス,超時空要塞マクロススクランブルバルキリー,"￥8,800","￥9,000代",0,0
1993-10-29,-,2,SLG,エピック・ソニーレコード,ユートピア,"￥9,500","￥9,500代",0,256
1993-10-29,-,4,SPT,エポック社,はた山ハッチのパロ野球ニュース!実名版,"￥9,800","￥10,000代",0,64
1993-10-29,-,2,SPT,ミサワエンターテインメント,ジミーコナーズのプロテニスツアー,"￥8,900","￥9,000代",0,0
1993-10-29,-,7,TAB,日本物産,スーパーニチブツマージャン2全国制覇篇,"￥9,800","￥10,000代",0,0
1993-10-29,-,4,TAB,ポニーキャニオン,将棋風林火山,"￥8,800","￥9,000代",0,16
1993-11-05,-,4,RPG,テクモ,アクタリオン,"￥8,900","￥9,000代",0,64
1993-11-05,-,4,SPT,パック・イン・ビデオ,ファイナルノックアウト,"￥8,800","￥9,000代",0,0
1993-11-12,-,6,ACT,バンダイ,仮面ライダー,"￥9,800","￥10,000代",0,0
1993-11-12,-,4,PUZ,エピック・ソニーレコード,SolsticeⅡ(ソルスティス2),"￥9,500","￥9,500代",0,64
1993-11-12,-,6,RAC,ロジーク,ファイナル・ストレッチ,"￥9,800","￥10,000代",0,16
1993-11-12,-,4,SPT,イマジニア,若貴大相撲夢の兄弟対決,"￥9,800","￥10,000代",0,64
1993-11-12,-,4,TAB,トミー,スーパーUNO,"￥8,500","￥8,500代",0,0
1993-11-19,-,7,ACT,東芝EMI,バトルマスター究極の戦士たち,"￥9,800","￥10,000代",0,0
1993-11-19,-,6,RPG,トンキンハウス,イースIVMaskofTheSun,"￥9,800","￥10,000代",0,64
1993-11-19,-,4,TAB,ココナッツジャパンエンターテイメント,パチスロラブストーリー,"￥9,800","￥10,000代",0,0
1993-11-19,-,4,TAB,バリエ,遊人雀獣学園,"￥8,900","￥9,000代",0,0
1993-11-23,-,2,SPT,マイクロネット,RIDDICKBOWEBOXING(リディック･ボウボクシング),"￥8,400","￥8,500代",0,16
1993-11-26,-,4,ACT,アスキー,アルディライトフット,"￥9,800","￥10,000代",0,0
1993-11-26,31,5,ACT,カプコン,アラジン,"￥9,000","￥9,000代",0,0
1993-11-26,-,8,ACT,タカラ,餓狼伝説2,"￥9,980","￥10,000代",0,0
1993-11-26,-,7,ACT,トミー,アクセルブリッド,"￥9,800","￥10,000代",0,0
1993-11-26,-,4,ADV,徳間書店,ヤダモンワンダランドドリーム,"￥8,800","￥9,000代",0,64
1993-11-26,-,4,RAC,タイトー,スーパーH.Q.クリミナルチェイサー,"￥8,900","￥9,000代",0,0
1993-11-26,-,7,RPG,やのまん,アレサ(ARETHA),"￥9,800","￥10,000代",0,64
1993-11-26,-,4,SLG,アスミック,F-15スーパーストライクイーグル,"￥9,600","￥9,500代",0,0
1993-11-26,-,4,SPT,サミー,ダイナミックスタジアム,"￥8,500","￥8,500代",0,64
1993-11-26,-,2,SPT,ジャレコ,武田修宏のスーパーカップサッカー,"￥9,500","￥9,500代",0,16
1993-11-26,-,4,SPT,ソフエル,鬼塚勝也スーパーバーチャルボクシング,"￥9,800","￥10,000代",0,0
1993-11-26,31,6,SPT,テクモ,テクモスーパーボウル,"￥9,800","￥10,000代",0,64
1993-11-26,-,4,SPT,データイースト,ABCマンデーナイトフットボール,"￥9,000","￥9,000代",0,64
1993-11-26,-,2,TAB,サミー,実戦パチスロ必勝法,"￥9,500","￥9,500代",0,64
1993-11-27,-,7,RPG,エニックス,ガイア幻想紀,"￥9,800","￥10,000代",0,64
1993-11-30,-,6,RPG,バンプレスト、ザムス,Soul＆Sword(ソウルアンドソード),"￥9,800","￥10,000代",0,64
1993-12-02,-,2,TAB,アイマックス,スーパー麻雀2本格4人打ち,"￥8,800","￥9,000代",0,64
1993-12-03,-,7,ACT,コナミ,T.M.N.T.ミュータントウォーリアーズ,"￥9,800","￥10,000代",0,0
1993-12-03,-,4,SPT,EAV,NBAプロバスケットボール'94ブルズVSサンズ,"￥9,800","￥10,000代",0,64
1993-12-03,-,6,SPT,タイトー,スーパー究極ハリキリスタジアム,"￥9,500","￥9,500代",0,64
1993-12-03,-,4,TAB,POW,喜国雅彦の雀闘士銅鑼王2,"￥8,900","￥9,000代",0,0
1993-12-09,-,7,SLG,光栄,信長の野望・覇王伝,"￥12,800","￥13,000代",0,256
1993-12-10,-,4,ACT,アクティビジョンジャパン,プロック,"￥8,900","￥9,000代",0,0
1993-12-10,-,4,ACT,ヴァージンゲーム,クールスポット,"￥8,900","￥9,000代",0,0
1993-12-10,-,4,ETC,ミサワエンターテインメント,競馬エイトスペシャル(秘)馬券購入術,"￥9,000","￥9,000代",0,64
1993-12-10,-,4,PUZ,バンプレスト,す～ぱ～ぷよぷよ,"￥8,200","￥8,000代",170,0
1993-12-10,-,7,RPG,スクウェア,ロマンシングサ・ガ2,"￥9,900","￥10,000代",117,64
1993-12-10,-,7,SHT,アイレム,R-TYPEⅢ(アールタイプ3),"￥9,800","￥10,000代",0,0
1993-12-10,-,4,SPT,エピック・ソニーレコード,白熱プロ野球'94ガンバリーグ3,"￥8,900","￥9,000代",0,64
1993-12-10,-,4,TAB,アスミック,決戦!ドカポン王国Ⅳ伝説の勇者たち,"￥8,900","￥9,000代",0,64
1993-12-17,-,4,ACT,エポック社,ドラえもん2のび太のトイズランド大冒険,"￥8,000","￥8,000代",0,0
1993-12-17,-,6,ACT,カプコン,ロックマンX,"￥9,500","￥9,500代",0,0
1993-12-17,-,7,ACT,ジャレコ,ラッシング・ビート修羅,"￥9,700","￥9,500代",0,0
1993-12-17,-,4,ACT,スクウェア,アルカエスト,"￥8,800","￥9,000代",0,0
1993-12-17,-,7,ACT,バンダイ,ドラゴンボールZ超武闘伝2,"￥9,800","￥10,000代",120,0
1993-12-17,-,6,ACT,ビクターエンタテインメント,スーパー・スター・ウォーズ帝国の逆襲,"￥9,800","￥10,000代",0,0
1993-12-17,-,7,RPG,アスキー,ワンダラスマジック,"￥9,800","￥10,000代",0,64
1993-12-17,-,6,RPG,インテック,歴史大河RPG夢幻の如く,"￥9,800","￥10,000代",0,64
1993-12-17,-,7,SPT,イマジニアズーム,ドラッキーの草やきう,"￥9,800","￥10,000代",0,0
1993-12-17,-,6,SPT,テクノスジャパン,ダウンタウン熱血べーすぼーる物語,"￥9,800","￥10,000代",0,64
1993-12-17,-,4,TAB,ココナッツジャパンエンターテイメント,パチンコウォーズ2,"￥9,800","￥10,000代",0,0
1993-12-17,-,4,TAB,ヘクト,ホーリーストライカー,"￥8,800","￥9,000代",0,0
1993-12-18,35,6,RPG,エニックス,ドラゴンクエストⅠ・Ⅱ,"￥9,600","￥9,500代",120,64
1993-12-22,-,4,ACT,アイレム,がんばれ大工の源さん,"￥8,900","￥9,000代",0,0
1993-12-22,-,4,ACT,EAV,スペース・ファンキーB.O.B.,"￥8,900","￥9,000代",0,0
1993-12-22,31,7,ACT,コナミ,がんばれゴエモン2奇天烈将軍マッギネス,"￥9,800","￥10,000代",0,64
1993-12-22,33,7,ACT,サンソフト,フラッシュバック,"￥9,600","￥9,500代",0,0
1993-12-22,-,7,ACT,タカラ,キング・オブ・ザ・モンスターズ2,"￥9,800","￥10,000代",0,0
1993-12-22,-,4,ETC,ケイエスエス,BINGBING!BINGO(ビンビンビンゴ),"￥8,900","￥9,000代",0,0
1993-12-22,-,4,PUZ,サンソフト,へべれけのぽぷーん,"￥8,200","￥8,000代",0,0
1993-12-22,-,4,RAC,ケムコ,トップレーサー2,"￥8,500","￥8,500代",0,0
1993-12-22,-,6,SLG,東宝,超ゴジラ,"￥9,800","￥10,000代",0,0
1993-12-22,-,7,SLG,ナムコ,幽☆遊☆白書,"￥9,600","￥9,500代",0,0
1993-12-22,-,4,SPT,日本テレネット,エースをねらえ!,"￥9,400","￥9,500代",0,0
1993-12-24,30,7,ACT,アクレイムジャパン,モータルコンバット,"￥9,800","￥10,000代",0,0
1993-12-24,-,8,ACT,東映動画,北斗の拳7聖剣列伝伝承者への道,"￥9,700","￥9,500代",0,0
1993-12-24,-,2,PUZ,アルトロン,リトルマジック,"￥8,900","￥9,000代",0,0
1993-12-24,-,4,PUZ,BPS,テトリス武闘外伝,"￥8,000","￥8,000代",0,0
1993-12-24,-,4,RAC,ヒューマン,ヒューマングランプリ2,"￥9,500","￥9,500代",0,64
1993-12-24,-,7,RPG,ソフエル,モンスターメーカー3,"￥9,800","￥10,000代",0,64
1993-12-24,-,7,RPG,ハドソン,新桃太郎伝説,"￥9,800","￥10,000代",0,64
1993-12-24,-,4,SPT,EAV,NFLプロフットボール'94,"￥9,800","￥10,000代",0,0
1993-12-25,-,7,ACT,マジファクト,美神伝説Zoku,"￥9,800","￥10,000代",0,0
1993-12-28,-,5,ACT,やのまん,サッカーキッド,"￥8,800","￥9,000代",0,0
1993-12-28,-,7,SPT,日本コンピュータシステム,全日本プロレスダッシュ世界最強タッグ,"￥9,800","￥10,000代",0,0
1993-12-29,-,7,ACT,バンダイ,美少女戦士セーラームーンR,"￥9,800","￥10,000代",0,0
1993-12-29,-,6,SLG,エンジェル,横山光輝三国志Ⅱ,"￥9,800","￥10,000代",0,64
1993-12-29,30,6,SPT,ヒューマン,スーパーファイヤープロレスリング3ファイナルバウト,"￥9,700","￥9,500代",0,64
1994-01-03,-,4,RAC,ナムコ,ロックンロールレーシング,"￥7,900","￥8,000代",0,0
1994-01-07,-,4,ACT,コナミ,ツインビーレインボーベルアドベンチャー,"￥9,000","￥9,000代",0,64
1994-01-07,-,4,ACT,日本コンピュータシステム,バトルトードインバトルマニアック,"￥9,800","￥10,000代",0,0
1994-01-07,-,4,SPT,ミサワエンターテインメント,ワールドクラスラグビー2国内激闘編'93,"￥9,300","￥9,500代",0,64
1994-01-08,-,4,TAB,メルダック,スーパーピンボールビハインドザマスク,"￥9,800","￥10,000代",0,0
1994-01-14,-,2,TAB,バップ,必勝777ファイターパチスロ竜宮伝説,"￥9,500","￥9,500代",0,0
1994-01-21,-,4,PUZ,BPS,スーパーテトリス2+ボンブリス限定版,"￥8,500","￥8,500代",0,16
1994-01-21,36,9,SLG,任天堂,ファイアーエムブレム紋章の謎,"￥9,800","￥10,000代",78,64
1994-01-28,-,6,ACT,コブラチーム,バスタード!暗黒の破壊神,"￥9,800","￥10,000代",0,0
1994-01-28,-,6,ACT,タイトー,ザ・ニンジャウォーリアーズアゲイン,"￥9,300","￥9,500代",0,0
1994-01-28,-,5,ACT,バンプレスト,ザ・グレイトバトル外伝2祭だワッショイ,"￥9,500","￥9,500代",0,0
1994-01-28,30,6,RPG,エニックス,ブレインロード,"￥9,600","￥9,500代",0,64
1994-01-28,-,6,RPG,バンプレスト,ガイアセイバーヒーロー最大の作戦,"￥9,800","￥10,000代",0,64
1994-01-28,-,6,SLG,アスミック,鋼鉄の騎士2砂漠のロンメル軍団,"￥12,800","￥13,000代",0,64
1994-01-28,-,6,SLG,アトラス,魔神転生,"￥9,800","￥10,000代",0,64
1994-02-04,-,4,PUZ,アルトロン,オリビアのミステリー,"￥9,800","￥10,000代",0,0
1994-02-04,-,6,SPT,ヒューマン,スーパーファイヤープロレスリング3イージータイプ,"￥7,900","￥8,000代",0,0
1994-02-04,-,4,TAB,アスク講談社,伊藤果六段の将棋道場,"￥9,600","￥9,500代",0,64
1994-02-10,32,6,ACT,イマジニア,ウルフェンシュタイン3D,"￥9,800","￥10,000代",0,0
1994-02-11,-,4,ACT,ココナッツジャパンエンターテイメント,バーチャルウォーズ,"￥11,000","￥11,000代",0,0
1994-02-11,-,4,ACT,東芝EMI,ソード・マニアック,"￥8,800","￥9,000代",0,0
1994-02-11,-,6,SLG,ウルフ・チーム,緋王伝魔物達との誓い,"￥11,800","￥12,000代",0,256
1994-02-11,-,6,SLG,光栄,トップマネジメントⅡ,"￥14,800","￥15,000代",0,64
1994-02-11,-,4,TAB,EAV,スーパーヅガンハコテン城からの招待状,"￥8,800","￥9,000代",0,0
1994-02-18,-,4,ACT,エピック・ソニーレコード,迦楼羅王(カルラオウ),"￥8,900","￥9,000代",0,0
1994-02-18,-,4,ACT,データイースト,戦え原始人3主役はやっぱりJOE＆MAC,"￥8,500","￥8,500代",0,0
1994-02-18,-,5,ACT,バンプレスト、ザムス,鉄腕アトム,"￥9,000","￥9,000代",0,0
1994-02-18,33,7,ETC,アスキー,ダービースタリオンⅡ,"￥12,800","￥13,000代",0,256
1994-02-18,-,4,SLG,セタ,デザートファイター,"￥9,800","￥10,000代",0,64
1994-02-25,-,6,ACT,キングレコード,総合格闘技アストラルバウト2,"￥9,700","￥9,500代",0,0
1994-02-25,-,4,ACT,ベック,サイボーグ009,"￥8,800","￥9,000代",0,0
1994-02-25,-,4,RAC,メルダック,宇宙レースアストロゴー!ゴー!,"￥9,800","￥10,000代",0,64
1994-02-25,-,4,SHT,アクレイムジャパン,T-2ザ・アーケードゲーム,"￥8,900","￥9,000代",0,0
1994-02-25,-,7,SLG,光栄,大航海時代Ⅱ,"￥11,800","￥12,000代",0,256
1994-02-25,-,4,SPT,パック・イン・ビデオ,ラモス瑠偉のワールドワイドサッカー,"￥9,500","￥9,500代",0,0
1994-02-25,-,4,SPT,ビーアイ,ストバスヤロウ将,"￥9,000","￥9,000代",0,0
1994-02-25,-,2,TAB,カロッツェリアジャパン,パチスロランドぱちぱちコインの伝説,"￥9,800","￥10,000代",0,0
1994-02-26,34,6,TAB,エニックス,いただきストリート2ネオンサインはバラ色に,"￥9,800","￥10,000代",0,64
1994-02-28,-,6,ETC,日本物産,スーパー本命GⅠ制覇,"￥9,800","￥10,000代",0,64
1994-03-04,-,7,ACT,カプコン,ザ・キングオブドラゴンズ,"￥9,800","￥10,000代",0,0
1994-03-04,-,2,PUZ,イマジニア,スーパーループス,"￥8,900","￥9,000代",0,0
1994-03-04,-,6,RPG,アトラス,カブキロックス,"￥9,800","￥10,000代",0,64
1994-03-04,-,4,SPT,EAV,ジーコサッカー,"￥9,800","￥10,000代",0,0
1994-03-04,-,4,SPT,ナムコ,スーパーファミスタ3,"￥8,800","￥9,000代",0,64
1994-03-11,-,5,ACT,サンソフト,すごいへべれけ,"￥8,900","￥9,000代",0,0
1994-03-11,-,6,ACT,バンダイ,機動戦士Vガンダム,"￥9,800","￥10,000代",0,0
1994-03-11,-,4,RPG,カルチャーブレーン,ファーストクィーンオルニック戦記,"￥9,800","￥10,000代",0,64
1994-03-11,-,6,SLG,イマジニア,ギャラクシーロボ,"￥9,800","￥10,000代",0,64
1994-03-11,-,7,SLG,日本テレネット、ウルフ・チーム,斬IIIスピリッツ,"￥12,800","￥13,000代",0,256
1994-03-11,34,7,SPT,コナミ,実況パワフルプロ野球'94,"￥9,000","￥9,000代",0,0
1994-03-11,-,7,SPT,コナミ,リーサルエンフォーサーズ,"￥9,800","￥10,000代",0,0
1994-03-18,-,6,ACT,タイトー,ソニックブラストマンⅡ,"￥9,500","￥9,500代",0,0
1994-03-18,-,4,ETC,アスミック,ダービージョッキー騎手王への道,"￥9,800","￥10,000代",0,64
1994-03-18,-,7,ETC,ジャレコ,きんぎょ注意報!とびだせ!ゲーム学園,"￥9,800","￥10,000代",0,0
1994-03-18,33,7,RPG,アトラス,真・女神転生Ⅱ,"￥9,990","￥10,000代",0,64
1994-03-18,-,4,RPG,カプコン,アイ・オブ・ザ・ビホルダー,"￥12,800","￥13,000代",0,256
1994-03-18,-,7,RPG,ショウエイシステム,イデアの日,"￥9,700","￥9,500代",0,64
1994-03-18,-,5,SLG,光栄,独立戦争,"￥11,800","￥12,000代",0,64
1994-03-18,-,4,SPT,ナグザット,スーパーナグザットオープンゴルフで勝負だどらぼっちゃん,"￥9,500","￥9,500代",0,64
1994-03-18,-,6,SPT,ハドソン,Jリーグスーパーサッカー,"￥9,500","￥9,500代",0,64
1994-03-18,-,5,TAB,タカラ,スーパー人生ゲーム,"￥9,800","￥10,000代",0,16
1994-03-18,-,4,TAB,データイースト,サイド・ポケット,"￥8,500","￥8,500代",0,0
1994-03-18,-,4,TAB,バンプレスト、ザムス,あさめしまえにゃんこ,"￥8,800","￥9,000代",0,0
1994-03-18,-,4,TAB,パック・イン・ビデオ,ぎゅわんぶらあ自己中心派2ドラポンクエスト,"￥8,900","￥9,000代",0,0
1994-03-19,32,9,ACT,任天堂,スーパーメトロイド,"￥9,800","￥10,000代",71,64
1994-03-25,-,6,ACT,アスキー,メルファンドストーリーズ,"￥9,800","￥10,000代",0,0
1994-03-25,-,4,ACT,イマジニア,スペースエース,"￥9,800","￥10,000代",0,0
1994-03-25,-,4,ACT,エニックス,南国少年パプワくん,"￥8,800","￥9,000代",0,0
1994-03-25,-,2,ACT,ケムコ,スーパートロールアイランド,"￥8,900","￥9,000代",0,0
1994-03-25,-,7,ADV,ナムコ,ザブルークリスタルロッド,"￥9,800","￥10,000代",0,64
1994-03-25,-,4,PUZ,日本コンピュータシステム,あらいぐまラスカル,"￥8,900","￥9,000代",0,0
1994-03-25,-,2,RPG,キャラクターソフト,けろけろけろっぴの冒険日記,"￥6,980","￥7,000代",0,0
1994-03-25,31,5,RPG,データイースト,シャドウラン,"￥9,800","￥10,000代",0,64
1994-03-25,-,6,RPG,バンプレスト,剣勇伝説ヤイバ(YAIBA),"￥9,800","￥10,000代",0,64
1994-03-25,-,2,SHT,タイトー,スペースインベーダーTHEORIGINALGAME,"￥4,980","￥5,000代",0,0
1994-03-25,-,6,SLG,バンプレスト,スーパーロボット大戦EX,"￥9,800","￥10,000代",37,64
1994-03-25,-,4,SPT,アクレイムジャパン,チャンピオンズワールドクラスサッカー,"￥8,900","￥9,000代",0,0
1994-03-25,-,5,SPT,カプコン,ロックマンズサッカー,"￥9,000","￥9,000代",0,0
1994-03-25,-,4,SPT,ヨネザワ,スーパーホッケー'94,"￥8,900","￥9,000代",0,0
1994-03-25,-,7,TAB,セタ,スーパーリアル麻雀PIV,"￥9,800","￥10,000代",0,0
1994-03-25,-,4,TAB,ナグザット,スーパー五目ならべ連珠,"￥8,800","￥9,000代",0,0
1994-03-26,-,6,SPT,バンダイ,テレビアニメスラムダンク四強激突!!,"￥9,800","￥10,000代",0,0
1994-03-30,-,9,SPT,カプコン,マッスルボマー,"￥9,980","￥10,000代",0,0
1994-03-30,-,2,TAB,コナミ,真・麻雀,"￥9,000","￥9,000代",0,64
1994-03-31,-,2,SPT,日本物産,アンドレ・アガシテニス,"￥8,800","￥9,000代",0,0
1994-04-01,-,4,RAC,フォーラム,スーパーインディチャンプ,"￥9,200","￥9,000代",0,64
1994-04-01,-,2,TAB,バップ,スーパーダブル役満,"￥9,000","￥9,000代",0,0
1994-04-02,37,9,RPG,スクウェア,ファイナルファンタジーⅥ,"￥11,400","￥11,500代",255,64
1994-04-06,-,6,SLG,光栄,項劉記,"￥12,800","￥13,000代",0,64
1994-04-08,-,7,ACT,ダイナミック企画,紫炎ザ・ブレイドチェイサー,"￥9,600","￥9,500代",0,0
1994-04-08,-,4,SPT,EAV,NHLプロホッケー'94,"￥9,800","￥10,000代",0,0
1994-04-08,-,2,TAB,ナグザット,スーパー囲碁碁王,"￥14,800","￥15,000代",0,0
1994-04-15,-,4,ACT,アルトロン,ピンクパンサー,"￥9,500","￥9,500代",0,0
1994-04-15,-,6,ACT,バンダイ,ろくでなしBLUES対決!東京四天王,"￥9,800","￥10,000代",0,0
1994-04-15,-,4,RPG,ヘクト,夢迷宮きぐるみ大冒険,"￥9,800","￥10,000代",0,64
1994-04-22,-,7,RAC,ビデオシステム,F-1GRANDPRIXPARTⅢ,"￥9,900","￥10,000代",0,64
1994-04-22,-,7,SHT,データム・ポリスター,メルヘンアドベンチャーコットン100%,"￥9,300","￥9,500代",0,0
1994-04-22,-,6,SLG,ベック,機動警察パトレイバー,"￥9,800","￥10,000代",0,64
1994-04-28,-,8,ACT,東宝、小学館プロダクション,らんま1／2超技乱舞篇,"￥9,980","￥10,000代",0,0
1994-04-28,-,4,ACT,ハドソン,スーパーボンバーマン2,"￥8,500","￥8,500代",0,0
1994-04-28,-,4,ETC,アテナ,笑っていいとも!タモリンピック,"￥9,500","￥9,500代",0,0
1994-04-28,-,4,ETC,ヴァージンゲーム,ダイナマイト・ザ・ラスベガス,"￥8,900","￥9,000代",0,0
1994-04-28,-,2,SPT,タカラ,平成イヌ物語バウポップンスマッシュ!!,"￥7,800","￥8,000代",0,0
1994-04-28,-,4,TAB,日本物産,スーパーパチスロマージャン,"￥9,500","￥9,500代",0,16
1994-04-28,-,4,TAB,バンプレスト、ザムス,フォーチュン・クエストダイスをころがせ!,"￥9,800","￥10,000代",0,0
1994-04-29,-,7,ACT,テクノスジャパン,新・熱血硬派くにおたちの挽歌,"￥9,800","￥10,000代",0,0
1994-04-29,-,6,RPG,日本テレネット,ダークキングダム,"￥9,800","￥10,000代",0,64
1994-04-29,-,7,SPT,アクレイムジャパン,NBAJAM(ジャム),"￥9,800","￥10,000代",0,0
1994-04-29,-,6,SPT,アスク講談社,ナイスDEショット,"￥9,800","￥10,000代",0,64
1994-05-01,31,6,SPT,エポック社,Jリーグエキサイトステージ'94,"￥9,800","￥10,000代",0,64
1994-05-13,-,4,SPT,ビーアイ,伊達公子のバーチャルテニス,"￥9,000","￥9,000代",0,0
1994-05-20,-,4,TAB,ココナッツジャパンエンターテイメント,パチ夫くんSPECIAL2,"￥9,980","￥10,000代",0,64
1994-05-27,-,8,ACT,データイースト,ファイターズヒストリー,"￥9,800","￥10,000代",0,0
1994-05-27,-,2,ACT,バンダイ,クレヨンしんちゃん2大魔王の逆襲,"￥6,800","￥7,000代",0,0
1994-05-27,-,2,ETC,ケイエスエス,競馬予想馬券錬金術,"￥9,500","￥9,500代",0,64
1994-05-27,-,2,PUZ,テクノスジャパン,くにおのおでん,"￥6,900","￥7,000代",0,0
1994-05-27,-,6,RAC,BPS,ドリフトキング首都高バトル'94土屋圭市＆坂東正明,"￥9,800","￥10,000代",0,64
1994-05-27,-,7,SHT,パック・イン・ビデオ,スーパーバトルタンク2,"￥9,800","￥10,000代",0,0
1994-05-27,-,4,SLG,バンダイ,SDガンダムGX,"￥9,800","￥10,000代",0,64
1994-06-04,32,4,RAC,任天堂,ワイルドトラックス,"￥9,800","￥10,000代",0,512
1994-06-08,-,7,ETC,ヘクト,サラブレッドブリーダーⅡ,"￥12,800","￥13,000代",0,256
1994-06-10,-,6,ACT,カプコン,ナイツオブザラウンド,"￥9,500","￥9,500代",0,0
1994-06-10,-,7,ACT,ナムコ,幽☆遊☆白書2格闘の章,"￥9,600","￥9,500代",0,0
1994-06-10,-,4,ACT,日本ファルコム,ぽっぷるメイル,"￥8,800","￥9,000代",0,64
1994-06-14,-,1,ETC,任天堂,スーパーゲームボーイ,"￥7,000","￥7,000代",0,0
1994-06-17,-,7,ACT,カルチャーブレーン,SD飛龍の拳,"￥9,800","￥10,000代",0,0
1994-06-17,-,6,ACT,ナツメ,奇々怪界-月夜草子-,"￥9,500","￥9,500代",0,0
1994-06-17,-,7,ACT,パック・イン・ビデオ,やまねこバブジーの大冒険,"￥9,800","￥10,000代",0,0
1994-06-17,-,4,RAC,日本物産,スーパー4WDTHEBAJA(バハ),"￥8,800","￥9,000代",0,0
1994-06-17,-,4,RPG,EAV,ウルティマ外伝黒騎士の陰謀,"￥9,800","￥10,000代",0,16
1994-06-17,-,4,SPT,ココナッツジャパンエンターテイメント,ワールドカップストライカー,"￥9,980","￥10,000代",0,64
1994-06-17,-,4,SPT,ヒューマン,スーパーフォーメーションサッカー'94,"￥9,800","￥10,000代",0,256
1994-06-17,-,4,SPT,ビクターエンタテインメント,FIFAインターナショナル・サッカー,"￥9,800","￥10,000代",0,0
1994-06-17,-,6,TAB,アイマックス,スーパー将棋2,"￥9,800","￥10,000代",0,64
1994-06-24,-,6,ACT,サンソフト,バックス・バニーはちゃめちゃ大冒険,"￥9,200","￥9,000代",0,0
1994-06-24,-,7,ACT,ジャレコ,ジュラシック・パーク,"￥9,800","￥10,000代",0,0
1994-06-24,-,6,PUZ,DEN'Z,ジグザグキャットダチョウ倶楽部も大騒ぎダ,"￥9,500","￥9,500代",0,64
1994-06-24,-,6,RPG,バンプレスト,スレイヤーズ,"￥9,800","￥10,000代",0,64
1994-06-24,-,7,SHT,パック・イン・ビデオ,スーパードッグファイト,"￥9,800","￥10,000代",0,0
1994-06-24,-,4,TAB,イマジニア,スーパービリヤード,"￥9,800","￥10,000代",0,0
1994-06-25,30,10,ACT,カプコン,スーパーストリートファイターⅡ,"￥10,900","￥11,000代",129,0
1994-06-25,-,6,RPG,光栄,ブランディッシュ,"￥10,800","￥11,000代",0,256
1994-06-25,-,4,SPT,日本コンピュータシステム,全日本プロレスファイトだポン!,"￥9,800","￥10,000代",0,0
1994-06-28,-,4,SPT,ヒューマン,テコンドー,"￥8,900","￥9,000代",0,0
1994-07-01,-,9,ACT,ザウルス,ワールドヒーローズ2,"￥9,980","￥10,000代",0,0
1994-07-01,-,4,TAB,POW,遊人のふりふりガールズ,"￥8,900","￥9,000代",0,0
1994-07-08,-,4,ACT,ハドソン,美女と野獣,"￥8,500","￥8,500代",0,0
1994-07-08,-,4,PUZ,BPS,テトリスフラッシュ,"￥8,000","￥8,000代",0,0
1994-07-08,-,6,RPG,エニックス,スラップスティック,"￥9,600","￥9,500代",0,64
1994-07-08,-,6,SPT,イマジニアズーム,ドラッキーのAりーぐさっかー,"￥9,800","￥10,000代",0,0
1994-07-08,-,4,SPT,パック・イン・ビデオ,つり太郎,"￥9,800","￥10,000代",0,16
1994-07-15,-,6,ACT,アスミック,バトルZEQUE伝(ゼクウ),"￥9,800","￥10,000代",0,0
1994-07-15,-,7,ACT,ヴァージンゲーム,ジャングルブック,"￥9,800","￥10,000代",0,0
1994-07-15,-,2,PUZ,データム・ポリスター,キーパー,"￥7,200","￥7,000代",0,0
1994-07-15,-,2,PUZ,バンダイ,美少女戦士セーラームーンSこんどはパズルでおしおきよ!,"￥6,800","￥7,000代",0,0
1994-07-15,-,7,RAC,日本物産,スーパーF1サーカス3,"￥9,900","￥10,000代",0,64
1994-07-15,-,7,RPG,T＆Eソフト,ソード・ワールドSFC2いにしえの巨人伝説,"￥9,900","￥10,000代",0,64
1994-07-15,-,6,RPG,ビクターエンタテインメント,サンサーラ・ナーガ2,"￥9,800","￥10,000代",0,64
1994-07-15,-,2,TAB,ポニーキャニオン,歌舞伎町リーチ麻雀東風戦,"￥8,800","￥9,000代",0,256
1994-07-15,-,2,TAB,魔法,パチスロ研究,"￥9,500","￥9,500代",0,0
1994-07-22,-,2,ACT,カプコン,グーフィーとマックス海賊島の大冒険,"￥7,800","￥8,000代",0,0
1994-07-22,-,6,ACT,ハドソン,超原人,"￥8,800","￥9,000代",0,0
1994-07-22,-,4,PUZ,ホリ電機,ジグソーパーティ,"￥8,200","￥8,000代",0,0
1994-07-22,-,7,RAC,メディアリング,ゼロヨンチャンプRR,"￥9,980","￥10,000代",0,64
1994-07-22,-,7,SPT,ヒューマン,ファイプロ女子オールスタードリームスラム,"￥9,500","￥9,500代",0,0
1994-07-22,-,2,TAB,アテナ,プロ麻雀極Ⅱ,"￥9,800","￥10,000代",0,64
1994-07-28,-,2,SPT,カルチャーブレーン,スーパーウルトラベースボール2,"￥9,800","￥10,000代",0,64
1994-07-29,-,4,ACT,インフォコム,ズールのゆめぼうけん,"￥8,800","￥9,000代",0,0
1994-07-29,-,10,ACT,タカラ,餓狼伝説SPECIAL,"￥10,900","￥11,000代",0,0
1994-07-29,-,4,PUZ,T＆Eソフト,ロードランナーツインジャスティとリバティの大冒険,"￥8,800","￥9,000代",0,0
1994-07-29,-,6,RPG,日本テレネット,天使の詩白き翼の祈り,"￥9,980","￥10,000代",0,64
1994-07-29,-,6,SPT,サンソフト,ワールドカップUSA'94,"￥9,800","￥10,000代",0,64
1994-07-29,-,4,SPT,タイトー,ハットトリックヒーロー2,"￥8,900","￥9,000代",0,0
1994-07-29,-,6,SPT,魔法,甲子園3,"￥9,800","￥10,000代",0,64
1994-07-29,-,4,TAB,アイマックス,スーパーパチンコ,"￥9,800","￥10,000代",0,16
1994-07-29,-,4,TAB,ケイエスエス,パチスロ物語ユニバーサル・スペシャル,"￥9,800","￥10,000代",0,0
1994-07-29,-,7,TAB,日本物産,スーパーニチブツマージャン3吉本劇場篇,"￥10,800","￥11,000代",0,0
1994-08-03,-,8,SPT,ハドソン,スーパーパワーリーグ2,"￥9,800","￥10,000代",0,64
1994-08-05,-,7,ACT,ケムコ,G2ジェノサイド,"￥9,800","￥10,000代",0,0
1994-08-05,-,4,ACT,ジャレコ,すーぱー忍者くん,"￥7,900","￥8,000代",0,0
1994-08-05,-,4,PUZ,アルトロン,アリョールうごく絵Ver2.0,"￥9,800","￥10,000代",0,0
1994-08-05,-,4,PUZ,タカラ,魔法ぽいぽいぽいっと!,"￥8,800","￥9,000代",0,0
1994-08-05,-,6,RPG,バンプレスト,鬼神降臨伝ONI,"￥9,800","￥10,000代",0,64
1994-08-05,-,4,SPT,アイマックス,スーパー高校野球一球入魂,"￥9,800","￥10,000代",0,64
1994-08-05,-,6,SPT,ナムコ,Jリーグサッカープライムゴール2,"￥8,800","￥9,000代",0,0
1994-08-05,-,2,TAB,アイマックス,スーパー花札,"￥8,800","￥9,000代",0,16
1994-08-05,-,4,TAB,ココナッツジャパンエンターテイメント,PinballPINBALL,"￥9,980","￥10,000代",0,0
1994-08-12,-,4,ACT,タイトー,ザ・フリントストーンズ,"￥8,500","￥8,500代",0,0
1994-08-12,-,7,PUZ,サンソフト,レミングス2,"￥9,800","￥10,000代",0,16
1994-08-12,-,4,SHT,ナツメ,WILDGUNS(ワイルドガンズ),"￥9,200","￥9,000代",0,0
1994-08-12,-,4,SLG,光栄,スーパー三國志,"￥9,800","￥10,000代",0,0
1994-08-12,-,6,SPT,タイトー,スーパー究極ハリキリスタジアム2,"￥9,500","￥9,500代",0,64
1994-08-12,-,8,SPT,バリエ,新日本プロレスリング'94バトルフィールドIN闘強導夢,"￥11,800","￥12,000代",0,0
1994-08-12,-,4,SPT,ヒューマン,スーパーファイナルマッチテニス,"￥8,900","￥9,000代",0,0
1994-08-12,-,6,TAB,テクノスジャパン,ポパイいじわる魔女シーハッグの巻,"￥9,500","￥9,500代",0,0
1994-08-19,-,2,TAB,シャノアール,麻雀悟空天竺,"￥9,800","￥10,000代",0,64
1994-08-19,-,2,TAB,バップ,必勝777ファイターⅡパチスロ(秘)情報,"￥9,500","￥9,500代",0,0
1994-08-26,-,7,ACT,ヴィジット,アップルシードプロメテウスの神託,"￥9,800","￥10,000代",0,0
1994-08-26,-,9,ACT,カルチャーブレーン,押忍!!空手部,"￥10,800","￥11,000代",0,0
1994-08-26,-,7,ACT,ケムコ,スーパードラッケン,"￥9,800","￥10,000代",0,64
1994-08-26,-,9,ACT,ショウエイシステム,松村邦洋伝最強の歴史をぬりかえろ!,"￥9,900","￥10,000代",0,0
1994-08-26,-,6,ACT,ナムコ,ハロー!パックマン,"￥8,300","￥8,500代",0,0
1994-08-26,-,7,RPG,トンキンハウス,サイバーナイトⅡ地球帝国の野望,"￥9,900","￥10,000代",0,64
1994-08-26,-,4,SPT,ケイエスエス,横綱物語,"￥9,800","￥10,000代",0,64
1994-08-27,-,9,RPG,任天堂,MOTHER2ギーグの逆襲(マザー2),"￥9,800","￥10,000代",0,64
1994-08-31,-,2,PUZ,キャラクターソフト,サンリオ上海,"￥6,980","￥7,000代",0,0
1994-08-31,-,5,PUZ,サンソフト,へべれけのおいしいパズルはいりませんか,"￥8,900","￥9,000代",0,0
1994-09-02,-,7,RPG,スクウェア,ライブ・ア・ライブ,"￥9,900","￥10,000代",0,64
1994-09-09,-,4,ACT,ヒューマン,ザ・ファイヤーメン,"￥9,300","￥9,500代",0,0
1994-09-09,-,2,SHT,ビクターエンタテインメント,チョップリフターⅢ,"￥7,800","￥8,000代",0,0
1994-09-15,-,4,ACT,コナミ,スパークスター,"￥9,800","￥10,000代",0,0
1994-09-15,-,4,PUZ,サンソフト,上海Ⅲ,"￥8,900","￥9,000代",0,0
1994-09-16,-,4,ACT,アスミック,おでかけレスタ～れれれのれ,"￥8,900","￥9,000代",0,0
1994-09-16,-,2,ETC,カロッツェリアジャパン,リーディングジョッキー,"￥9,800","￥10,000代",0,64
1994-09-16,-,4,TAB,サミー,実戦パチスロ必勝法2,"￥9,980","￥10,000代",0,64
1994-09-18,-,4,ACT,バンダイ,ジャングルの王者ターちゃん世界漫遊大格闘の巻,"￥8,800","￥9,000代",0,0
1994-09-20,-,2,ETC,アテナ,描いて・作って・遊べるデザエモン,"￥12,900","￥13,000代",0,1024
1994-09-21,-,6,ACT,任天堂,カービィボウル,"￥7,900","￥8,000代",0,64
1994-09-22,-,10,ACT,タカラ,サムライスピリッツ,"￥10,900","￥11,000代",0,0
1994-09-22,-,2,ACT,ナムコ,リブルラブル,"￥6,300","￥6,500代",0,0
1994-09-22,-,4,RAC,バリエ,中嶋悟監修F-1HERO'94,"￥9,800","￥10,000代",0,64
1994-09-22,-,7,RPG,アスキー,ウィザップ!暗黒の王,"￥9,900","￥10,000代",0,64
1994-09-22,-,6,SPT,キングレコード,ラリー・ニクソン・スーパー・バスフィッシング,"￥9,800","￥10,000代",0,64
1994-09-22,-,4,SPT,ヒューマン,スーパーフォーメーションサッカー'94ワールドカップファイナルデータ,"￥9,800","￥10,000代",0,256
1994-09-22,-,4,TAB,イマジニア,本家花札,"￥9,800","￥10,000代",0,0
1994-09-23,-,7,ACT,バンプレスト,ゴーストチェイサー電精,"￥9,800","￥10,000代",0,0
1994-09-23,-,7,SLG,光栄,アンジェリーク,"￥9,800","￥10,000代",0,16
1994-09-23,-,7,SPT,スターフィッシュデータ,スーパーブラックバス2,"￥9,800","￥10,000代",0,64
1994-09-23,-,4,TAB,ビック東海,TOKORO'Sマージャン,"￥9,500","￥9,500代",0,0
1994-09-23,-,4,TAB,四次元,麻雀戦国物語,"￥9,300","￥9,500代",0,64
1994-09-29,-,7,ACT,バンダイ,ドラゴンボールZ超武闘伝3,"￥9,800","￥10,000代",90,0
1994-09-30,-,4,ACT,アクレイムジャパン,クラッシュ・ダミー,"￥8,900","￥9,000代",0,0
1994-09-30,-,7,ACT,アクレイムジャパン,バーチャルバート,"￥9,800","￥10,000代",0,0
1994-09-30,-,4,ETC,イマジニア,競馬エイトスペシャル2,"￥9,980","￥10,000代",0,64
1994-09-30,-,4,ETC,コナミ,タイニー・トゥーンアドベンチャーズ～ドタバタ大運動会～,"￥9,000","￥9,000代",0,0
1994-09-30,-,2,RAC,日本コンピュータシステム,バイク大好き!走り屋魂,"￥9,600","￥9,500代",0,16
1994-09-30,-,7,RAC,ヒューマン,ヒューマングランプリ3F1トリプルバトル,"￥10,500","￥10,500代",0,64
1994-09-30,-,7,RPG,アスキー,ダウン・ザ・ワールド,"￥9,800","￥10,000代",0,64
1994-09-30,-,7,SPT,ジャレコ,天龍源一郎のプロレスレヴォリューション,"￥9,800","￥10,000代",0,0
1994-09-30,-,6,SPT,DEN'Z,バークレーのパワーダンク,"￥9,200","￥9,000代",0,0
1994-09-30,-,4,TAB,光栄,麻雀大会Ⅱ,"￥9,800","￥10,000代",0,64
1994-10-07,-,7,ACT,セタ,ノスフェラトゥ,"￥9,800","￥10,000代",0,0
1994-10-07,-,4,ACT,ソフエル,MR.NUTZ,"￥8,800","￥9,000代",0,0
1994-10-07,-,6,SLG,アスミック,シヴィライゼーション世界七大文明,"￥12,800","￥13,000代",0,256
1994-10-14,-,9,ACT,アトラス,豪血寺一族,"￥10,500","￥10,500代",0,0
1994-10-14,-,4,ACT,DEN'Z,UFO仮面ヤキソバンケストラーの黒い陰謀,"￥5,890","￥6,000代",0,0
1994-10-15,-,4,TAB,POW,パチンコファン勝利宣言,"￥9,800","￥10,000代",0,64
1994-10-16,-,4,SPT,ナツメ,下野正希のFishingToBassing,"￥9,800","￥10,000代",0,64
1994-10-19,-,1,PUZ,魔法,はらぺこバッカ,"￥4,980","￥5,000代",0,0
1994-10-21,-,7,ACT,カプコン,デモンズ・ブレイゾン魔界村紋章編,"￥9,800","￥10,000代",0,0
1994-10-21,-,4,ACT,ケムコ,キッドクラウンのクレイジーチェイス,"￥8,800","￥9,000代",0,0
1994-10-21,-,4,RAC,ナムコ,スーパーファミリーサーキット,"￥8,800","￥9,000代",0,64
1994-10-21,-,7,RPG,データイースト,ヘラクレスの栄光IV神々からの贈り物,"￥9,900","￥10,000代",0,64
1994-10-21,-,7,SPT,テクノスジャパン,船木誠勝HYBRIDWRESTLER闘技伝承,"￥9,800","￥10,000代",0,64
1994-10-21,-,4,SPT,トンキンハウス,スーパーラグビー,"￥9,000","￥9,000代",0,64
1994-10-21,-,4,TAB,サンソフト,必殺パチンココレクション,"￥9,800","￥10,000代",0,64
1994-10-21,-,2,TAB,ナグザット,本格麻雀徹萬Ⅱ,"￥8,900","￥9,000代",0,16
1994-10-28,-,2,ACT,アルトロン,化学者ハリーの波乱万丈,"￥8,900","￥9,000代",0,0
1994-10-28,-,6,ACT,サンソフト,少年忍者サスケ,"￥9,800","￥10,000代",0,64
1994-10-28,-,4,ACT,BPS,爆投ドッチャーズバンプス島は大さわぎ,"￥8,500","￥8,500代",0,0
1994-10-28,-,2,ETC,ココナッツジャパンエンターテイメント,スーパーカジノ2,"￥9,800","￥10,000代",0,0
1994-10-28,-,2,PUZ,イマジニアズーム,ドラッキーのパズルツアー'94,"￥8,200","￥8,000代",0,0
1994-10-28,-,7,RPG,アトラス,真・女神転生if…,"￥9,990","￥10,000代",0,64
1994-10-28,-,7,SLG,日本クラリービジネス,イルバニアンの城,"￥9,980","￥10,000代",0,64
1994-10-28,-,8,SLG,やのまん,フェーダ(FEDA)エンブレムオブジャスティス,"￥9,990","￥10,000代",0,64
1994-10-28,-,6,SPT,テクモ,テクモスーパーベースボール,"￥9,800","￥10,000代",0,64
1994-10-28,-,4,SPT,パック・イン・ビデオ,マルチプレイバレーボール,"￥8,900","￥9,000代",0,0
1994-10-28,-,6,SPT,ユタカ,DEARBOYS,"￥9,800","￥10,000代",0,64
1994-10-28,-,4,TAB,ケイエスエス,卒業番外篇ねぇ麻雀しよ!,"￥9,800","￥10,000代",0,64
1994-10-28,-,4,TAB,タイトー,本格派囲碁碁聖,"￥14,800","￥15,000代",0,64
1994-10-28,-,4,TAB,日本テレネット,SANKYOFever!フィーバー!,"￥9,800","￥10,000代",0,0
1994-11-11,-,9,ACT,アクレイムジャパン,モータルコンバットⅡ究極神拳,"￥11,800","￥12,000代",0,0
1994-11-11,-,7,ACT,カプコン,ミッキーとミニーマジカルアドベンチャー2,"￥9,500","￥9,500代",0,0
1994-11-11,-,4,ACT,ジャレコ,ファイヤー・ファイティング,"￥9,890","￥10,000代",0,0
1994-11-11,-,4,ACT,バンダイ,ゴン,"￥8,800","￥9,000代",0,0
1994-11-11,-,7,SPT,コナミ,実況ワールドサッカーPERFECTELEVEN,"￥9,980","￥10,000代",0,64
1994-11-18,-,7,ACT,ハドソン,鋼HAGANE,"￥9,500","￥9,500代",0,0
1994-11-18,-,2,ACT,バンダイ,パニックインなかよしワールド,"￥6,800","￥7,000代",0,0
1994-11-18,-,7,ACT,四次元,花の慶次-雲のかなたに-,"￥9,800","￥10,000代",0,0
1994-11-18,-,2,ETC,ココナッツジャパンエンターテイメント,中野浩一監修競輪王,"￥9,980","￥10,000代",0,64
1994-11-18,-,4,PUZ,コナミ,ツヨシしっかりしなさい対戦ぱずるだま,"￥8,500","￥8,500代",0,0
1994-11-18,-,6,RAC,アトラス,GP-1RS(ラピッドストリーム),"￥9,800","￥10,000代",0,64
1994-11-18,-,6,RPG,アスク講談社,マグナブラバン遍歴の勇者,"￥9,800","￥10,000代",0,64
1994-11-18,-,4,RPG,ポニーキャニオン,ウルティマⅦザ・ブラックゲート,"￥9,800","￥10,000代",0,64
1994-11-18,-,6,SLG,ナムコ,ミリティア,"￥8,800","￥9,000代",0,0
1994-11-18,-,6,SPT,ヒューマン,ドリームバスケットボールDUNK＆HOOP,"￥9,600","￥9,500代",0,0
1994-11-18,-,4,TAB,ソフエル,モンスターメーカーキッズ王様になりたい,"￥9,200","￥9,000代",0,64
1994-11-18,-,4,TAB,日本物産,スーパー五目・将棋定跡研究篇,"￥9,500","￥9,500代",0,64
1994-11-18,-,4,TAB,バップ,パチンコ(秘)必勝法,"￥9,800","￥10,000代",0,0
1994-11-18,-,7,TAB,バリエ,遊人雀獣学園2,"￥9,800","￥10,000代",0,0
1994-11-25,30,9,ADV,チュンソフト,かまいたちの夜,"￥10,800","￥11,000代",70,64
1994-11-25,-,6,ETC,トミー,なるほど!ザ・ワールド,"￥9,500","￥9,500代",0,0
1994-11-25,-,2,PUZ,ビクターエンタテインメント,ノンタンといっしょくるくるぱずる,"￥7,800","￥8,000代",0,0
1994-11-25,-,7,SHT,コナミ,極上パロディウス,"￥9,800","￥10,000代",0,0
1994-11-25,-,4,SPT,ジャレコ,武田修宏のスーパーリーグサッカー,"￥9,800","￥10,000代",0,16
1994-11-25,-,6,SPT,バンプレスト,バトルサッカー2,"￥8,800","￥9,000代",0,0
1994-11-25,-,4,SPT,四次元,全国高校サッカー,"￥9,800","￥10,000代",0,64
1994-11-25,-,4,TAB,アイマックス,スーパー麻雀3辛口,"￥9,800","￥10,000代",0,64
1994-11-25,-,4,TAB,ココナッツジャパンエンターテイメント,元祖パチスロ日本一,"￥9,980","￥10,000代",0,0
1994-11-25,-,4,TAB,タイトー,大爆笑人生劇場大江戸日記,"￥9,000","￥9,000代",0,0
1994-11-25,-,7,TAB,ヒューマン,ただいま勇者募集中おかわり,"￥9,900","￥10,000代",0,64
1994-11-26,31,10,ACT,任天堂,スーパードンキーコング,"￥9,800","￥10,000代",300,16
1994-12-02,-,7,ACT,イマジニア,制服伝説プリティファイター,"￥9,980","￥10,000代",0,0
1994-12-02,-,4,RAC,UBIソフト,ストリートレーサー,"￥9,200","￥9,000代",0,0
1994-12-02,-,8,RPG,カプコン,ブレスオブファイアⅡ使命の子,"￥9,980","￥10,000代",0,64
1994-12-02,-,7,RPG,テイチク,ザ・ラストバトル,"￥9,800","￥10,000代",0,64
1994-12-02,-,7,RPG,やのまん,アレサⅡ(ARETHA2)アリエルの不思議な旅,"￥9,900","￥10,000代",0,64
1994-12-02,-,6,TAB,アスミック,ドカポン3・2・1嵐を呼ぶ友情,"￥9,600","￥9,500代",0,64
1994-12-09,-,9,ACT,ヴァージンゲーム,ライオン・キング,"￥9,980","￥10,000代",0,0
1994-12-09,-,9,ACT,東宝,ゴジラ怪獣大決戦,"￥9,980","￥10,000代",0,0
1994-12-09,-,9,ADV,エニックス,ワンダープロジェクトJ機械の少年ピーノ,"￥11,800","￥12,000代",0,64
1994-12-09,-,4,PUZ,タカラ,牌砦,"￥8,800","￥9,000代",0,0
1994-12-09,-,4,RAC,イマジニア,バトルクロス,"￥9,800","￥10,000代",0,0
1994-12-09,-,2,SHT,パック・イン・ビデオ,ヴォルテックス,"￥9,900","￥10,000代",0,512
1994-12-09,-,9,SLG,光栄,三國志Ⅳ,"￥14,800","￥15,000代",0,256
1994-12-09,-,7,SPT,テクモ,キャプテン翼V覇者の称号カンピオーネ,"￥9,980","￥10,000代",0,64
1994-12-09,-,7,TAB,テクノスジャパン,すごろクエスト++-ダイスニクス-,"￥9,900","￥10,000代",0,64
1994-12-09,-,4,TAB,ハドソン,スーパー桃太郎電鉄Ⅲ,"￥9,500","￥9,500代",0,64
1994-12-16,-,6,ACT,エポック社,ドラえもん3のび太と時の宝玉,"￥9,500","￥9,500代",0,0
1994-12-16,-,8,ACT,エンジェル,美少女戦士セーラームーンS場外乱闘!?主役争奪戦,"￥9,980","￥10,000代",0,0
1994-12-16,-,6,ACT,カプコン,ロックマンX2,"￥9,800","￥10,000代",0,0
1994-12-16,32,7,ACT,コナミ,がんばれゴエモン3獅子重禄兵衛のからくり卍固め,"￥9,800","￥10,000代",0,64
1994-12-16,-,6,ACT,トミー,ミッキーの東京ディズニーランド大冒険,"￥9,800","￥10,000代",0,0
1994-12-16,30,6,ACT,ナムコ,ワギャンパラダイス,"￥8,800","￥9,000代",0,0
1994-12-16,-,4,PUZ,アイマックス,どっすん!岩石バトル,"￥8,800","￥9,000代",0,0
1994-12-16,-,4,PUZ,BPS,スーパーテトリス3,"￥8,500","￥8,500代",0,16
1994-12-16,-,2,PUZ,四次元,スーパースネーキー,"￥7,800","￥8,000代",0,0
1994-12-16,-,4,RAC,アクレイムジャパン,ナイジェルマンセル・インディカー,"￥10,900","￥11,000代",0,0
1994-12-16,-,7,RAC,ココナッツジャパンエンターテイメント,FULLPOWER,"￥11,000","￥11,000代",0,0
1994-12-16,-,4,SPT,EAV,海釣り名人～スズキ編～,"￥9,800","￥10,000代",0,16
1994-12-16,-,6,SPT,EAV,NBALIVE'95,"￥9,800","￥10,000代",0,64
1994-12-16,-,6,SPT,イマジニア,スーパーレッスルエンジェルス,"￥9,980","￥10,000代",0,64
1994-12-16,-,6,SPT,ケイエスエス,蒼き伝説シュート!,"￥10,800","￥11,000代",0,64
1994-12-16,-,6,SPT,ナグザット,スーパーフィッシングビッグファイト,"￥9,800","￥10,000代",0,16
1994-12-16,-,4,SPT,パック・イン・ビデオ,スキーパラダイスWITHスノーボード,"￥8,900","￥9,000代",0,0
1994-12-16,-,2,TAB,アスク講談社,ビッグ一撃!パチスロ大攻略,"￥9,800","￥10,000代",0,64
1994-12-16,-,2,TAB,ココナッツジャパンエンターテイメント,花札王,"￥8,980","￥9,000代",0,0
1994-12-16,-,4,TAB,日本物産,祇園花,"￥7,980","￥8,000代",0,0
1994-12-16,-,4,TAB,POW,必勝!パチスロファン,"￥9,800","￥10,000代",0,64
1994-12-16,-,2,TAB,ボトムアップ,スーパー詰将棋1000,"￥9,800","￥10,000代",0,0
1994-12-17,-,6,ACT,バンプレスト,ザ・グレイトバトルⅣ,"￥9,600","￥9,500代",0,0
1994-12-20,-,7,SPT,テクモ,テクモスーパーボウルⅡSPECIALEDITION,"￥9,980","￥10,000代",0,256
1994-12-21,-,10,ACT,ザウルス,龍虎の拳2,"￥10,900","￥11,000代",0,0
1994-12-21,-,4,SPT,ツクダオリジナル,岡本綾子とマッチプレイゴルフコ･オリナゴルフクラブINハワイ,"￥9,700","￥9,500代",0,64
1994-12-22,-,7,ACT,ケムコ,アニマル武乱伝ブルータル,"￥9,800","￥10,000代",0,0
1994-12-22,-,10,ACT,T＆Eソフト,ライズオブザロボッツ,"￥10,900","￥11,000代",0,0
1994-12-22,-,4,ACT,東宝,ポコニャン!へんぽこりんアドベンチャー,"￥8,800","￥9,000代",0,0
1994-12-22,-,4,ETC,ヴァージンゲーム,バトルジョッキー,"￥9,800","￥10,000代",0,0
1994-12-22,-,5,RAC,サンソフト,はしれへべれけ,"￥9,500","￥9,500代",0,16
1994-12-22,-,9,RPG,ハドソン,大貝獣物語,"￥10,900","￥11,000代",0,64
1994-12-22,-,6,RPG,バンダイ,覇王大系リューナイトトロード･オブ･パラディン,"￥9,800","￥10,000代",0,64
1994-12-22,-,7,SLG,サンソフト,アルバートオデッセイ2邪神の胎動,"￥9,980","￥10,000代",0,64
1994-12-22,-,7,SLG,ナムコ,幽☆遊☆白書特別篇,"￥9,800","￥10,000代",0,0
1994-12-22,-,6,SLG,日本コンピュータシステム,パワーオブザハイアード,"￥9,800","￥10,000代",0,64
1994-12-22,-,4,SLG,ビクターエンタテインメント,スーパー・キャッスルズ,"￥9,800","￥10,000代",0,64
1994-12-22,-,5,SPT,イマジニア,サンスポフィッシング渓流王,"￥9,980","￥10,000代",0,16
1994-12-22,-,4,SPT,カルチャーブレーン,ウルトラベースボール実名版2,"￥9,800","￥10,000代",0,64
1994-12-22,-,10,SPT,ヒューマン,スーパーファイヤープロレスリングスペシャル,"￥11,500","￥11,500代",0,64
1994-12-22,-,4,TAB,ヴァージンゲーム,本格将棋風雲児龍王,"￥9,800","￥10,000代",0,64
1994-12-22,-,6,TAB,エンジェル,横山光輝三国志盤戯スゴロク英雄記,"￥9,800","￥10,000代",0,64
1994-12-22,-,4,TAB,ココナッツジャパンエンターテイメント,元祖パチンコ王,"￥9,980","￥10,000代",0,0
1994-12-22,-,1,TAB,ヘクト,麻雀倶楽部,"￥4,980","￥5,000代",0,0
1994-12-23,-,4,ACT,TNN,海腹川背,"￥9,800","￥10,000代",0,16
1994-12-23,-,5,ACT,バンプレスト,GOGOACKMAN,"￥9,000","￥9,000代",0,0
1994-12-23,-,7,SPT,ジャレコ,JWP女子プロレスピュア・レッスル・クイーンズ,"￥9,800","￥10,000代",0,0
1994-12-23,-,6,SPT,ジャレコ,スーパー燃えろ!!プロ野球,"￥9,800","￥10,000代",0,64
1994-12-23,-,4,TAB,日本物産,パチスロ勝負師(ギャンブラー),"￥8,980","￥9,000代",0,16
1994-12-27,-,6,ACT,エポック社,ルパン三世伝説の秘宝を追え!,"￥9,800","￥10,000代",0,0
1994-12-27,-,7,ACT,バンダイ,機動武闘伝Gガンダム,"￥9,800","￥10,000代",0,0
1994-12-29,-,9,RPG,アイマックス,デュアルオーブⅡ,"￥10,800","￥11,000代",0,64
1994-12-30,-,6,TAB,J・ウイング,スーパーヅガン2ツカンポファイター,"￥9,980","￥10,000代",0,0
1995-01-01,-,7,ETC,カタパルト,XBAND,"￥6,800","￥7,000代",0,512
1995-01-03,-,7,ACT,カプコン,X-MEN,"￥9,980","￥10,000代",0,0
1995-01-03,-,4,ACT,カプコン,ボンカーズ-ハリウッド大作戦!,"￥8,500","￥8,500代",0,0
1995-01-03,-,7,ACT,カルチャーブレーン,スーパーチャイニーズファイター,"￥9,800","￥10,000代",0,0
1995-01-03,-,4,ACT,ナムコ,パックインタイム,"￥7,900","￥8,000代",0,0
1995-01-03,-,6,ACT,ハドソン,高橋名人の大冒険島Ⅱ,"￥9,500","￥9,500代",0,64
1995-01-03,-,4,ACT,マジファクト,YOGIBEAR,"￥8,800","￥9,000代",0,0
1995-01-13,-,2,PUZ,タイトー,パズルボブル,"￥6,800","￥7,000代",0,0
1995-01-13,-,1,SHT,イマジニア,ギャラクシーウォーズ,"￥5,980","￥6,000代",0,0
1995-01-13,-,4,SPT,ヒューマン,わくわくスキーわんだあシュプール,"￥9,600","￥9,500代",0,64
1995-01-13,-,4,TAB,アスク講談社,実戦!麻雀指南,"￥9,800","￥10,000代",0,64
1995-01-13,-,4,TAB,ヴァージンゲーム,雀遊記悟空乱打,"￥8,900","￥9,000代",0,0
1995-01-20,34,10,ETC,アスキー,ダービースタリオンⅢ,"￥12,800","￥13,000代",120,256
1995-01-20,-,4,RAC,BPS,マイケル・アンドレッティインディカーチャレンジ,"￥9,800","￥10,000代",0,0
1995-01-20,-,9,SPT,バリエ,スターダストスープレックス,"￥9,980","￥10,000代",0,0
1995-01-27,-,7,ACT,アクレイムジャパン,ウルヴァリン,"￥10,900","￥11,000代",0,0
1995-01-27,-,6,SLG,アスミック,鋼鉄の騎士3突撃ヨーロッパ戦線,"￥12,800","￥13,000代",0,64
1995-01-27,-,4,TAB,カロッツェリアジャパン,みらくるカジノパラダイス,"￥9,800","￥10,000代",0,0
1995-01-27,-,6,TAB,ケイエスエス,パチンコ物語2名古屋シャチホコの帝王,"￥9,800","￥10,000代",0,0
1995-01-27,-,5,TAB,ビデオシステム,キテレツ大百科超時空すごろく,"￥8,900","￥9,000代",0,16
1995-02-03,-,6,SLG,イマジニア,放課後inBeppin女学院,"￥9,980","￥10,000代",0,64
1995-02-10,-,5,ACT,ポッポ,アイアンコマンドー鋼鉄の戦士,"￥9,800","￥10,000代",0,0
1995-02-10,-,4,ETC,ヴィジット,ザ・心理ゲーム2マジカルトリップ,"￥8,800","￥9,000代",0,0
1995-02-10,-,2,PUZ,カロッツェリアジャパン,ジャムズ,"￥7,800","￥8,000代",0,0
1995-02-10,-,4,PUZ,DEN'Z,だるま道場,"￥8,800","￥9,000代",0,0
1995-02-10,-,6,SLG,バンダイ,機動戦士ガンダムクロスディメンション0079,"￥9,800","￥10,000代",0,64
1995-02-10,-,2,TAB,タイトー,さいばらりえこのまあじゃんほうろうき,"￥9,800","￥10,000代",0,16
1995-02-13,-,4,ETC,任天堂,BS-Xそれは名前を盗まれた街の物語,"￥18,000","￥18,000代",0,256
1995-02-17,-,9,ACT,データイースト,ファイターズヒストリー溝口危機一髪,"￥9,900","￥10,000代",0,0
1995-02-17,-,6,ACT,バンダイ,ヤムヤム,"￥9,800","￥10,000代",0,64
1995-02-17,-,7,ACT,ビクターエンタテインメント,タイムコップ,"￥9,800","￥10,000代",0,0
1995-02-17,-,9,SLG,光栄,提督の決断Ⅱ,"￥14,800","￥15,000代",0,256
1995-02-17,-,7,SPT,バップ,柏木重孝のTOPWATERBASSING(トップウォーターバッシング),"￥14,800","￥15,000代",0,0
1995-02-17,-,2,TAB,アルトロン,チェスマスター,"￥9,800","￥10,000代",0,0
1995-02-17,-,6,TAB,サミー,銀玉親方の実戦パチンコ必勝法,"￥10,500","￥10,500代",0,64
1995-02-19,-,9,SLG,アトラス,魔神転生Ⅱスパイラルネメシス,"￥10,800","￥11,000代",0,64
1995-02-24,-,7,ETC,ビクターエンタテインメント,クラシック・ロードⅡ,"￥12,800","￥13,000代",0,256
1995-02-24,-,7,ETC,ベック,TurfMemories,"￥11,600","￥11,500代",0,256
1995-02-24,-,2,PUZ,バンダイ,美少女戦士セーラームーンSくるっくりん,"￥6,800","￥7,000代",0,0
1995-02-24,-,6,RAC,BPS,ドリフトキング首都高バトル2,"￥9,800","￥10,000代",0,64
1995-02-24,-,7,RAC,ビスコ,スーパードリフトアウト,"￥9,980","￥10,000代",0,64
1995-02-24,30,8,RPG,タイトー,エストポリス伝記Ⅱ,"￥9,980","￥10,000代",0,64
1995-02-24,31,9,SLG,スクウェア,FRONTMISSION(フロントミッション),"￥11,400","￥11,500代",0,64
1995-02-24,-,6,SLG,バリエ,NAGELIBRE静寂の水深,"￥9,800","￥10,000代",0,64
1995-02-24,-,7,SLG,バンプレスト,ファーランドストーリー,"￥10,800","￥11,000代",0,64
1995-02-24,-,9,SPT,アクレイムジャパン,NFLクォーターバッククラブ'95,"￥11,800","￥12,000代",0,16
1995-02-24,-,9,SPT,アクレイムジャパン,NBAJAMトーナメントエディション,"￥11,800","￥12,000代",0,16
1995-02-24,31,8,SPT,コナミ,実況パワフルプロ野球2,"￥9,980","￥10,000代",0,64
1995-02-24,-,9,SPT,バンダイ,テレビアニメスラムダンク2IH予選完全版!!,"￥10,800","￥11,000代",0,0
1995-02-24,-,6,TAB,ショウエイシステム,HEIWAパチンコワールド,"￥9,900","￥10,000代",0,16
1995-02-24,-,5,TAB,バンプレスト,バトルピンボール,"￥6,800","￥7,000代",0,0
1995-02-24,-,1,TAB,ヘクト,将棋倶楽部,"￥8,800","￥9,000代",0,0
1995-02-25,-,4,ACT,インテック,おとぼけ忍者コロシアム,"￥8,800","￥9,000代",0,0
1995-02-25,-,6,RPG,徳間書店インターメディアカンパニー,永遠のフィレーナ,"￥9,800","￥10,000代",0,64
1995-03-01,-,4,PUZ,ハドソン,スーパーボンバーマンぱにっくボンバーW,"￥8,900","￥9,000代",0,64
1995-03-03,-,7,ACT,バリエ,アンダーカバーコップス,"￥9,800","￥10,000代",0,0
1995-03-03,-,5,SHT,アスミック,スーパーエアダイバー2,"￥9,800","￥10,000代",0,0
1995-03-03,-,7,SPT,ナムコ,スーパーファミスタ4,"￥9,500","￥9,500代",0,64
1995-03-04,-,9,ACT,アトラス,ラストバイブルⅢ,"￥10,800","￥11,000代",0,64
1995-03-04,-,6,RAC,ツクダオリジナル,スーパーマッドチャンプ,"￥9,600","￥9,500代",0,0
1995-03-10,-,7,ACT,パック・イン・ビデオ,マジカルポップン,"￥9,800","￥10,000代",0,0
1995-03-11,34,10,RPG,スクウェア,クロノ・トリガー,"￥11,400","￥11,500代",203,64
1995-03-17,-,6,ACT,エポック社,スパイダーマンリーサルフォーズ,"￥9,800","￥10,000代",0,0
1995-03-17,-,7,ACT,カプコン,キャプテンコマンドー,"￥9,800","￥10,000代",0,0
1995-03-17,-,7,ACT,データム・ポリスター,負けるな!魔剣道2決めろ!妖怪総理大臣,"￥9,500","￥9,500代",0,0
1995-03-17,-,6,ETC,バップ,スプリンター物語めざせ一攫千金,"￥12,800","￥13,000代",0,64
1995-03-17,-,2,PUZ,BPS,スーパーボンブリス,"￥7,500","￥7,500代",0,16
1995-03-17,-,2,PUZ,ビック東海,おらがランド主催ベストファーマー収穫祭,"￥7,800","￥8,000代",0,0
1995-03-17,-,4,RAC,バンプレスト,バトルレーサーズ,"￥9,800","￥10,000代",0,16
1995-03-17,-,7,RPG,エニックス,熱血大陸バーニングヒーローズ,"￥10,800","￥11,000代",0,64
1995-03-17,-,6,RPG,徳間書店インターメディアカンパニー,ラブクエスト,"￥9,800","￥10,000代",0,16
1995-03-17,31,9,SLG,バンプレスト,第4次スーパーロボット大戦,"￥12,800","￥13,000代",38,64
1995-03-17,-,7,SPT,ハドソン,Jリーグスーパーサッカー'95実況スタジアム,"￥9,980","￥10,000代",0,64
1995-03-17,-,4,TAB,ビクターエンタテインメント,スーパー雀豪,"￥9,800","￥10,000代",0,64
1995-03-17,-,6,TAB,メルダック,スーパーピンボール2ザ・アメージングオデッセイ,"￥9,800","￥10,000代",0,0
1995-03-18,-,9,ETC,光栄,ウイニングポスト2,"￥12,800","￥13,000代",0,256
1995-03-21,-,7,ETC,テクモ,TURFHERO,"￥12,800","￥13,000代",0,256
1995-03-24,-,7,ACT,カプコン,ロックマン7宿命の対決!,"￥9,800","￥10,000代",0,0
1995-03-24,-,9,ACT,ナムコ,幽☆遊☆白書FINAL魔界最強列伝,"￥9,800","￥10,000代",0,0
1995-03-24,-,7,ADV,バンダイ,ドラゴンボールZ超悟空伝突撃編,"￥10,800","￥11,000代",0,64
1995-03-24,-,4,ETC,テイチク,スーパー馬券王'95,"￥9,980","￥10,000代",0,64
1995-03-24,-,7,SLG,パック・イン・ビデオ,ジ・アトラス,"￥10,800","￥11,000代",0,256
1995-03-24,-,4,TAB,イマジニア,高速思考将棋皇,"￥12,800","￥13,000代",0,64
1995-03-24,-,7,TAB,サンソフト,必殺パチンココレクション2,"￥9,980","￥10,000代",0,64
1995-03-25,-,9,ETC,光栄,エミットvol.1時の迷子,"￥11,800","￥12,000代",0,64
1995-03-25,-,9,ETC,光栄,エミットvol.2命がけの旅,"￥11,800","￥12,000代",0,64
1995-03-25,-,9,ETC,光栄,エミットvol.3私にさよならを,"￥11,800","￥12,000代",0,64
1995-03-30,-,4,SLG,光栄,復刻版スーパー三國志Ⅱ,"￥9,800","￥10,000代",0,256
1995-03-30,-,7,TAB,日本テレネット,京楽・三洋・豊丸Parlor!パーラー!(パーラーパーラー),"￥11,800","￥12,000代",0,64
1995-03-31,-,7,ACT,カプコン,ミッキーマニア,"￥9,500","￥9,500代",0,0
1995-03-31,-,6,ACT,サンソフト,であえ殿様あっぱれ一番,"￥9,800","￥10,000代",0,0
1995-03-31,-,6,ACT,トミー,エスパークス異次空からの来訪者,"￥9,500","￥9,500代",0,64
1995-03-31,31,4,ETC,アスキー,RPGツクールSUPERDANTE,"￥9,800","￥10,000代",0,256
1995-03-31,-,2,ETC,バリエ,最高速思考将棋・麻雀,"￥9,800","￥10,000代",0,64
1995-03-31,-,7,RPG,アトラス,旧約・女神転生,"￥10,800","￥11,000代",0,64
1995-03-31,-,6,SPT,TNN,史上最強リーグセリエAAceStriker,"￥9,980","￥10,000代",0,64
1995-03-31,-,6,SPT,ヒューマン,スーパーフォーメーションサッカー'95dellaセリエA,"￥9,980","￥10,000代",0,64
1995-03-31,-,4,TAB,イマジニア,近代麻雀スペシャル,"￥9,800","￥10,000代",0,0
1995-03-31,30,6,TAB,トミー,ザ・モノポリーゲーム2,"￥11,500","￥11,500代",0,64
1995-03-31,-,4,TAB,トミー,羽生名人のおもしろ将棋,"￥12,000","￥12,000代",0,256
1995-04-01,-,8,RPG,タイトー,レディーストーカー過去からの挑戦,"￥9,980","￥10,000代",0,64
1995-04-07,-,9,SPT,日本コンピュータシステム,全日本プロレス23・4武闘館,"￥10,080","￥10,000代",0,0
1995-04-10,-,6,SPT,リコー,Getinthehole(レーザーバーディー付属カセット),"￥46,800","￥47,000代",0,64
1995-04-14,-,4,ETC,ココナッツジャパンエンターテイメント,RESARCANAディアーナ・レイ占いの迷宮,"￥9,500","￥9,500代",0,0
1995-04-14,-,4,PUZ,日本物産,ぱずるんでス!,"￥8,980","￥9,000代",0,16
1995-04-21,-,9,ACT,エンジェル,なつきクライシスバトル,"￥10,800","￥11,000代",0,0
1995-04-21,-,7,RPG,エニックス,魔法陣グルグル,"￥10,800","￥11,000代",0,64
1995-04-21,-,7,RPG,やのまん,アレサ外伝リジョイスアレサ王国の彼方,"￥9,900","￥10,000代",0,64
1995-04-21,-,6,RPG,ユタカ,真・聖刻ラ・ワース,"￥9,800","￥10,000代",0,64
1995-04-21,-,4,SLG,バンダイ,ママレード・ボーイ,"￥9,800","￥10,000代",0,64
1995-04-21,-,6,SLG,ベック,新SD戦国伝大将軍列伝,"￥9,800","￥10,000代",0,64
1995-04-21,-,6,SPT,EAV,タクティカルサッカー,"￥9,800","￥10,000代",0,0
1995-04-21,-,6,TAB,セタ,スーパーリアル麻雀PVパラダイスオールスター4人打ち,"￥9,800","￥10,000代",0,0
1995-04-21,-,4,TAB,POW,宮路社長のパチンコファン勝利宣言2,"￥9,800","￥10,000代",0,64
1995-04-21,-,2,TAB,ボトムアップ,スーパートランプコレクション,"￥8,900","￥9,000代",0,0
1995-04-28,-,7,ACT,アクレイムジャパン,トゥルーライズ,"￥10,900","￥11,000代",0,0
1995-04-28,-,6,ACT,ハドソン,スーパーボンバーマン3,"￥8,900","￥9,000代",0,0
1995-04-28,-,7,ACT,ケムコ,ストーンプロテクターズ,"￥9,800","￥10,000代",0,0
1995-04-28,-,4,ACT,メディアリング,3次元格闘ボールズ,"￥9,800","￥10,000代",0,0
1995-04-28,-,4,ETC,ヴィジット,タロットミステリー,"￥9,800","￥10,000代",0,0
1995-04-28,-,4,RAC,ケムコ,プラネットチャンプTG3000,"￥9,500","￥9,500代",0,0
1995-04-28,34,6,SPT,エポック社,Jリーグエキサイトステージ'95,"￥9,800","￥10,000代",0,64
1995-04-28,31,6,SPT,パック・イン・ビデオ,川のぬし釣り2,"￥10,800","￥11,000代",0,64
1995-04-28,-,7,SPT,ヘクト,シミュレーションプロ野球,"￥12,800","￥13,000代",0,64
1995-04-28,-,4,TAB,アスキー,牌勢麻雀凌駕,"￥12,800","￥13,000代",0,64
1995-04-28,-,2,TAB,ギャップス,初段位認定初段プロ麻雀,"￥9,800","￥10,000代",0,16
1995-04-28,-,2,TAB,バンプレスト,スーパーパチンコ大戦,"￥6,900","￥7,000代",0,0
1995-05-19,-,7,ACT,三井不動産、電通,スヌーピーコンサート,"￥9,800","￥10,000代",0,0
1995-05-19,-,9,ACT,ライトスタッフ,バトルタイクーン,"￥10,980","￥11,000代",0,16
1995-05-19,-,6,ETC,アイマックス,スーパー競馬2,"￥11,800","￥12,000代",0,256
1995-05-19,-,4,SLG,EAV,シンジケート,"￥9,800","￥10,000代",0,16
1995-05-26,-,7,ACT,アクレイムジャパン,ウォーロック,"￥10,900","￥11,000代",0,0
1995-05-26,-,7,ACT,アクレイムジャパン,スターゲイト,"￥10,900","￥11,000代",0,0
1995-05-26,-,2,ACT,DEN'Z,スパークワールド,"￥8,500","￥8,500代",0,0
1995-05-26,-,4,ACT,ビクターエンタテインメント,グール・パトロール,"￥8,800","￥9,000代",0,0
1995-05-26,-,4,ETC,カルチャーブレーン,コンピュータ脳力解析ウルトラ馬券,"￥12,800","￥13,000代",0,64
1995-05-26,-,2,ETC,日本物産,ニチブツアーケードクラシックス,"￥5,980","￥6,000代",0,0
1995-05-26,-,4,PUZ,バンプレスト,す～ぱ～なぞぷよルルーのルー,"￥9,200","￥9,000代",0,64
1995-05-26,-,7,SLG,イマジニア,シムシティ2000,"￥12,800","￥13,000代",0,256
1995-05-26,-,2,TAB,セタ,早指し二段森田将棋2,"￥14,900","￥15,000代",0,32
1995-05-26,-,2,TAB,バップ,パチンコ連チャン天国スーパーCRスペシャル,"￥9,800","￥10,000代",0,0
1995-06-02,-,4,TAB,J・ウイング,真髄対局囲碁碁仙人,"￥15,500","￥15,500代",0,64
1995-06-09,-,4,ACT,角川書店,妖怪バスタールカの大冒険,"￥8,800","￥9,000代",0,0
1995-06-09,-,7,RPG,ハドソン,エルファリアⅡ,"￥9,980","￥10,000代",0,64
1995-06-10,-,6,TAB,DEN'Z,本家・SANKYOFEVER実機シミュレーション,"￥10,800","￥11,000代",0,0
1995-06-16,-,7,ADV,アテナ,夜光虫,"￥10,800","￥11,000代",0,64
1995-06-23,-,1,ACT,イマジニア,Mr.Do!(ミスタードゥ),"￥5,980","￥6,000代",0,0
1995-06-23,-,4,ACT,ケムコ,Pマン,"￥9,200","￥9,000代",0,0
1995-06-23,30,9,ACT,タカラ,アースワーム・ジム,"￥9,800","￥10,000代",0,0
1995-06-23,-,7,ACT,ビクターエンタテインメント,スーパー・スター・ウォーズジェダイの復讐,"￥10,800","￥11,000代",0,0
1995-06-23,-,6,ETC,イマジニア,実戦競艇,"￥11,800","￥12,000代",0,16
1995-06-23,-,8,RPG,バンダイ,ルインアーム,"￥10,800","￥11,000代",0,64
1995-06-23,-,7,RPG,ビック東海,プリンセス・ミネルバ,"￥9,900","￥10,000代",0,64
1995-06-23,-,4,TAB,ケイエスエス,西陣パチンコ物語,"￥10,800","￥11,000代",0,64
1995-06-23,-,2,TAB,パック・イン・ビデオ,トランプアイランド,"￥8,900","￥9,000代",0,0
1995-06-30,-,5,ETC,日本物産,スーパー競艇,"￥9,500","￥9,500代",0,64
1995-06-30,-,7,RAC,ヴァージンインタラクティブ,CircuitUSA(サーキットUSA),"￥9,800","￥10,000代",0,0
1995-06-30,-,4,RPG,バンダイ,とっても!ラッキーマンラッキークッキールーレットで突撃～!!,"￥8,800","￥9,000代",0,0
1995-06-30,-,7,RPG,バンプレスト,グランヒストリア幻史世界記,"￥11,400","￥11,500代",0,64
1995-06-30,-,5,SLG,光栄,復刻版提督の決断,"￥9,800","￥10,000代",0,256
1995-06-30,-,6,SLG,サミー,ガメラギャオス撃滅作戦,"￥9,980","￥10,000代",0,64
1995-06-30,-,7,SLG,徳間書店インターメディアカンパニー,リトルマスター～虹色の魔石～,"￥9,900","￥10,000代",0,64
1995-06-30,31,7,SLG,日本コンピュータシステム,デアラングリッサー,"￥10,800","￥11,000代",0,64
1995-06-30,-,7,SPT,アクレイムジャパン,大物ブラックバスフィッシング人造湖編,"￥12,800","￥13,000代",0,64
1995-06-30,-,9,SPT,バリエ,新日本プロレスリング公認'95闘強導夢BATTLE7,"￥11,800","￥12,000代",0,0
1995-06-30,-,9,SPT,ヒューマン,スーパーファイヤープロレスリングクイーンズスペシャル,"￥11,400","￥11,500代",0,64
1995-06-30,-,4,TAB,アテナ,プロ麻雀極Ⅲ,"￥9,800","￥10,000代",0,64
1995-07-07,-,4,ETC,バップ,真・一攫千金,"￥9,800","￥10,000代",0,0
1995-07-07,-,5,RAC,日本物産,スーパーF1サーカス外伝,"￥9,900","￥10,000代",0,64
1995-07-07,-,6,RPG,アウトリガー工房,史記英雄伝,"￥10,800","￥11,000代",0,64
1995-07-07,-,2,SHT,ハドソン,キャラバンシューティングコレクション,"￥6,800","￥7,000代",0,0
1995-07-07,-,7,SLG,BPS,できたてハイスクール,"￥9,990","￥10,000代",0,64
1995-07-07,-,4,TAB,カロッツェリアジャパン,パチンコチャレンジャー,"￥9,800","￥10,000代",0,0
1995-07-07,-,4,TAB,サミー,実戦パチスロ必勝法クラシック,"￥9,500","￥9,500代",0,64
1995-07-14,-,7,ACT,ポニーキャニオン,ピットフォールマヤの大冒険,"￥9,800","￥10,000代",0,0
1995-07-14,-,6,ETC,アイマックス,スーパー競輪,"￥9,800","￥10,000代",0,64
1995-07-14,-,4,ETC,日本物産,攻略カジノバー,"￥7,800","￥8,000代",0,0
1995-07-14,-,9,RAC,アトラス,KAT'SRUN全日本Kカー選手権,"￥10,800","￥11,000代",0,0
1995-07-14,-,10,RPG,エニックス,ミスティックアーク,"￥11,800","￥12,000代",0,64
1995-07-14,-,7,RPG,ビック東海,ラプラスの魔,"￥9,900","￥10,000代",0,64
1995-07-14,-,7,SPT,魔法,甲子園4,"￥9,800","￥10,000代",0,64
1995-07-14,-,2,TAB,POW,4人将棋,"￥9,800","￥10,000代",0,0
1995-07-21,-,7,ACT,コナミ,悪魔城ドラキュラXX,"￥9,800","￥10,000代",0,0
1995-07-21,-,9,ACT,テイジイエル(TGL),スーパーヴァリアブル・ジオ,"￥9,980","￥10,000代",0,0
1995-07-21,-,6,ACT,バンプレスト,GOGOACKMAN2,"￥9,500","￥9,500代",0,0
1995-07-21,-,9,ETC,NGP,武豊G1メモリー,"￥12,800","￥13,000代",0,256
1995-07-21,-,4,PUZ,東宝、小学館プロダクション,らんま1／2奥義邪暗拳,"￥8,800","￥9,000代",0,0
1995-07-21,-,7,RPG,テクノスジャパン,ダンクエスト魔神封印の伝説,"￥9,900","￥10,000代",0,64
1995-07-21,-,6,TAB,アスク講談社,ビッグ一撃パチスロ大攻略2ユニバーサル・コレクション,"￥10,800","￥11,000代",0,64
1995-07-21,-,4,TAB,魔法,将棋最強,"￥14,800","￥15,000代",0,64
1995-07-28,-,6,ACT,カルチャーブレーン,忍たま乱太郎,"￥9,800","￥10,000代",0,0
1995-07-28,-,6,ACT,ハドソン,超原人2,"￥8,900","￥9,000代",0,0
1995-07-28,-,7,ACT,ビクターエンタテインメント,インディ・ジョーンズ,"￥10,800","￥11,000代",0,0
1995-07-28,-,2,PUZ,サンソフト,ポポイっとへべれけ,"￥8,900","￥9,000代",0,0
1995-07-28,-,6,RPG,ポニーキャニオン,ウルティマ恐竜帝国,"￥9,800","￥10,000代",0,64
1995-07-28,-,7,RPG,メディアワークス,エメラルドドラゴン,"￥9,800","￥10,000代",0,64
1995-07-28,-,6,SLG,イマジニア,就職ゲーム,"￥11,800","￥12,000代",0,16
1995-07-28,-,7,SLG,ユーメディア,キャリアエース,"￥12,800","￥13,000代",0,0
1995-07-28,-,6,SPT,アルトロン,バスマスターズクラシック,"￥11,800","￥12,000代",0,0
1995-07-28,-,6,SPT,ユタカ,ウルトラリーグ燃えろ!サッカー大決戦!!,"￥9,800","￥10,000代",0,0
1995-07-28,-,2,TAB,日本物産,麻雀繁盛記,"￥6,800","￥7,000代",0,0
1995-08-04,-,7,ACT,ハドソン,鬼神童子ZENKI烈闘雷伝,"￥9,800","￥10,000代",0,0
1995-08-04,-,9,ADV,バンプレスト,学校であった怖い話,"￥11,800","￥12,000代",0,64
1995-08-04,-,9,RPG,BPS,超魔法大陸WOZZ(ウォズ),"￥10,800","￥11,000代",0,64
1995-08-04,-,4,SPT,ヴァージンインタラクティブ,稲妻サーブだ!スーパービーチバレー,"￥9,800","￥10,000代",0,0
1995-08-04,-,7,SPT,ナムコ,Jリーグサッカープライムゴール3,"￥9,800","￥10,000代",0,64
1995-08-05,33,7,ACT,任天堂,スーパーマリオヨッシーアイランド,"￥9,800","￥10,000代",177,256
1995-08-10,-,9,SPT,ハドソン,スーパーパワーリーグ3,"￥9,980","￥10,000代",0,64
1995-08-11,-,6,ACT,エポック社,ドナルドダックの魔法のぼうし,"￥9,800","￥10,000代",0,0
1995-08-11,-,4,ACT,ケムコ,ブラックソーン復讐の黒き棘,"￥9,400","￥9,500代",0,0
1995-08-11,-,6,ACT,テクモ,忍者龍剣伝巴,"￥7,980","￥8,000代",0,0
1995-08-11,-,6,PUZ,バンプレスト,すーぱーぐっすんおよよ,"￥9,980","￥10,000代",0,64
1995-08-11,30,9,RPG,光栄,ブランディッシュ2,"￥10,800","￥11,000代",0,256
1995-08-11,-,6,SLG,カプコン,天地を喰らう三国志群雄伝,"￥12,800","￥13,000代",0,64
1995-08-11,-,4,SPT,ココナッツジャパンエンターテイメント,ファイティングベースボール,"￥9,400","￥9,500代",0,0
1995-08-11,-,2,TAB,ケイエスエス,武宮正樹九段の囲碁大将,"￥14,800","￥15,000代",0,64
1995-08-11,-,7,TAB,サンソフト,ゲームの達人,"￥12,800","￥13,000代",0,0
1995-08-25,-,6,ACT,ケイエスエス,魔獣王,"￥10,800","￥11,000代",0,0
1995-08-25,-,4,ACT,ユーメディア,ころんらんど,"￥6,800","￥7,000代",0,0
1995-08-25,-,4,ETC,ヴィジット,ザ・心理ゲーム3,"￥9,800","￥10,000代",0,0
1995-08-25,-,7,RAC,ヒューマン,ヒューマングランプリ4F1ドリームバトル,"￥11,400","￥11,500代",0,64
1995-08-25,-,6,SPT,サミー,実戦!バスフィッシング必勝法INUSA,"￥9,800","￥10,000代",0,64
1995-08-25,-,7,SPT,トンキンハウス,松方弘樹のスーパートローリング,"￥9,900","￥10,000代",0,64
1995-08-25,-,7,TAB,日本テレネット,京楽・三洋・豊丸・大一・マルホンParlor!パーラー!2(パーラーパーラー2),"￥11,800","￥12,000代",0,64
1995-09-01,-,9,SLG,バンプレスト,バトルロボット烈伝,"￥12,800","￥13,000代",0,64
1995-09-01,-,6,TAB,アスキー,柿木将棋,"￥12,800","￥13,000代",0,1024
1995-09-08,-,9,SLG,パイオニアLDC,バウンティ・ソード,"￥11,400","￥11,500代",0,64
1995-09-08,-,5,TAB,タカラ,スーパー人生ゲーム2,"￥9,800","￥10,000代",0,16
1995-09-14,31,9,ADV,ヒューマン,クロックタワー,"￥11,400","￥11,500代",0,16
1995-09-14,31,4,PUZ,任天堂,マリオのスーパーピクロス,"￥7,900","￥8,000代",0,64
1995-09-14,-,4,TAB,サミー,桜井章一の雀鬼流麻雀必勝法,"￥9,980","￥10,000代",0,64
1995-09-15,-,5,ACT,バンプレスト,スーパー鉄球ファイト!,"￥9,000","￥9,000代",0,0
1995-09-15,-,4,ADV,エポック社,アリスのペイントアドベンチャー,"￥8,800","￥9,000代",0,0
1995-09-15,-,6,SPT,エポック社,セント・アンドリュース栄光と歴史のオールドコース,"￥9,800","￥10,000代",0,64
1995-09-15,-,4,TAB,バップ,必勝777ファイターⅢ黒竜王の復活,"￥10,800","￥11,000代",0,0
1995-09-22,-,7,ACT,日本コンピュータシステム,超兄貴爆烈乱闘篇,"￥11,800","￥12,000代",0,0
1995-09-22,-,7,ADV,バンダイ,ドラゴンボールZ超悟空伝覚醒編,"￥10,800","￥11,000代",0,64
1995-09-22,-,6,ETC,バンプレスト,四柱推命学入門真桃源郷,"￥11,800","￥12,000代",0,0
1995-09-22,-,2,PUZ,バンプレスト,陣牌,"￥7,800","￥8,000代",0,16
1995-09-22,-,2,PUZ,ヘクト,新・将棋倶楽部,"￥12,800","￥13,000代",0,256
1995-09-22,-,9,RPG,エンジェル,美少女戦士セーラームーン～AnotherStory～,"￥11,800","￥12,000代",0,64
1995-09-22,-,7,SHT,EAV,ジャングルストライク,"￥9,900","￥10,000代",0,0
1995-09-22,-,9,SPT,コナミ,実況ワールドサッカー2FIGHTINGELEVEN,"￥9,980","￥10,000代",0,64
1995-09-22,-,4,TAB,バリエ,朝日新聞連載加藤一二三九段将棋心技流,"￥12,300","￥12,500代",0,256
1995-09-29,-,7,ACT,ヴァージンインタラクティブ,美食戦隊薔薇野郎,"￥9,800","￥10,000代",0,0
1995-09-29,-,6,ACT,エニックス,ハーメルンのバイオリン弾き,"￥9,600","￥9,500代",0,0
1995-09-29,-,6,ETC,アスミック,ダービージョッキー2,"￥9,800","￥10,000代",0,64
1995-09-29,-,4,ETC,ケイエスエス,ウェディングピーチ,"￥9,800","￥10,000代",0,0
1995-09-29,-,7,RAC,KANEKO,全日本GT選手権,"￥9,980","￥10,000代",0,0
1995-09-29,-,9,RPG,アスキー,ウィザードリィⅥ禁断の魔筆,"￥12,800","￥13,000代",0,256
1995-09-29,-,10,RPG,データイースト,METALMAXRETURNS(メタルマックス･リターンズ),"￥12,800","￥13,000代",0,64
1995-09-29,-,9,RPG,東宝,火の皇子ヤマトタケル,"￥10,800","￥11,000代",0,64
1995-09-29,-,6,RPG,トミー,魔法騎士レイアース,"￥9,800","￥10,000代",0,64
1995-09-29,-,8,RPG,ナグザット,ホーリーアンブレラドンデラの無謀!!,"￥9,800","￥10,000代",0,64
1995-09-29,-,8,RPG,バンプレスト,ヴェルヌ・ワールド,"￥11,800","￥12,000代",0,64
1995-09-29,-,6,SLG,アスキー,サージェント・サンダース・コンバット!,"￥12,800","￥13,000代",0,256
1995-09-29,-,6,SLG,ケイエスエス,平安風雲伝,"￥11,800","￥12,000代",0,64
1995-09-29,-,7,SLG,パック・イン・ビデオ,AⅢS.V.,"￥10,800","￥11,000代",0,256
1995-09-29,30,9,SPT,コナミ,NBA実況バスケットウイニングダンク,"￥10,800","￥11,000代",0,64
1995-09-29,-,4,TAB,エニックス,常勝麻雀天牌,"￥8,900","￥9,000代",0,64
1995-09-29,-,6,TAB,エンジェル,ノーマーク爆牌党史上最強の雀士達,"￥10,800","￥11,000代",0,64
1995-09-29,-,9,TAB,ショウエイシステム,HEIWAパチンコワールド2,"￥10,800","￥11,000代",0,16
1995-09-30,-,10,RPG,スクウェア,聖剣伝説3,"￥11,400","￥11,500代",80,64
1995-10-06,-,2,ACT,ユタカ,すぱぽ～ん,"￥5,800","￥6,000代",0,0
1995-10-06,-,9,RPG,ビック東海,神聖紀オデッセリアⅡ,"￥10,800","￥11,000代",0,64
1995-10-06,34,9,SLG,クエスト,タクティクスオウガ,"￥11,400","￥11,500代",50,64
1995-10-06,-,8,SPT,BPS,激闘バーニングプロレス,"￥10,800","￥11,000代",0,64
1995-10-13,-,6,ACT,バンプレスト,ハイパーイリア,"￥9,600","￥9,500代",0,0
1995-10-13,-,7,PUZ,サンソフト,ゲームの鉄人THE上海,"￥9,980","￥10,000代",0,0
1995-10-20,-,7,ACT,キングレコード,RINGSアストラルバウト3,"￥9,800","￥10,000代",0,0
1995-10-20,-,4,PUZ,データイースト,マジカルドロップ,"￥8,500","￥8,500代",0,0
1995-10-20,30,10,RPG,エニックス,天地創造,"￥11,800","￥12,000代",0,64
1995-10-20,-,4,TAB,アイマックス,スーパー花札2,"￥9,800","￥10,000代",0,0
1995-10-27,-,8,ACT,アクレイムジャパン,ジャスティス・リーグ,"￥11,800","￥12,000代",0,0
1995-10-27,-,7,ACT,アクレイムジャパン,ジャッジ・ドレッド,"￥10,900","￥11,000代",0,0
1995-10-27,-,9,ACT,アクレイムジャパン,バットマンフォーエヴァー,"￥11,800","￥12,000代",0,0
1995-10-27,-,4,ACT,マジファクト,ガンガンガンチャン,"￥8,800","￥9,000代",0,0
1995-10-27,-,4,PUZ,任天堂,パネルでポン,"￥5,800","￥6,000代",0,0
1995-10-27,-,7,RAC,ビデオシステム,SDF-1グランプリ,"￥10,900","￥11,000代",0,64
1995-10-27,-,9,RPG,タカラ,魔天伝説戦慄のオーパーツ,"￥10,800","￥11,000代",0,64
1995-10-27,-,7,RPG,トンキンハウス,LightFantasyⅡ(ライトファンタジー2),"￥9,900","￥10,000代",0,64
1995-10-27,-,6,RPG,ハドソン,クリスタルビーンズフロムダンジョンエクスプローラー,"￥9,500","￥9,500代",0,16
1995-10-27,-,7,SLG,バンプレスト,天地無用!げ～む編,"￥10,800","￥11,000代",0,64
1995-10-27,-,9,SPT,アクレイムジャパン,フォアマンフォーリアル,"￥11,800","￥12,000代",0,0
1995-10-27,-,6,SPT,カルチャーブレーン,ウルトラベースボール実名版3,"￥9,800","￥10,000代",0,64
1995-10-27,-,6,SPT,バンダイ,テレビアニメスラムダンクSDヒートアップ!!,"￥9,800","￥10,000代",0,0
1995-10-27,-,6,SPT,ポニーキャニオン,白いリングへTwinkleLittleStar,"￥9,980","￥10,000代",0,64
1995-10-27,-,5,TAB,ケイエスエス,パチスロ物語パル工業スペシャル,"￥10,800","￥11,000代",0,0
1995-10-27,-,4,TAB,ベック,真哭きの竜麻雀飛翔伝,"￥8,900","￥9,000代",0,0
1995-11-02,-,6,SLG,エンジェル,紺碧の艦隊,"￥10,800","￥11,000代",0,64
1995-11-02,-,7,TAB,サンソフト,必殺パチンココレクション3,"￥9,980","￥10,000代",0,64
1995-11-10,-,4,ETC,ヴィジット,全国縦断ウルトラ心理ゲーム,"￥9,800","￥10,000代",0,0
1995-11-11,34,10,RPG,スクウェア,ロマンシングサ・ガ3,"￥11,400","￥11,500代",130,64
1995-11-17,-,7,ACT,ヴァージンインタラクティブ,レンダリング・レンジャーR2,"￥10,800","￥11,000代",0,0
1995-11-17,-,2,ACT,POW,ブロックくずし,"￥5,980","￥6,000代",0,0
1995-11-17,-,8,ADV,徳間書店,新スタートレックザ・ネクストジェネレーション(大いなる遺産IFDの謎を追え),"￥9,800","￥10,000代",0,0
1995-11-17,-,4,PUZ,サンソフト,上海万里の長城,"￥9,800","￥10,000代",0,0
1995-11-17,-,5,PUZ,ユタカ,ロゴス・パニックごあいさつ,"￥9,800","￥10,000代",0,0
1995-11-17,-,7,SPT,バンダイ,キャプテン翼Jザ･ウェイ･トゥ･ワールド･ユース,"￥9,800","￥10,000代",0,0
1995-11-17,-,4,SPT,四次元,全国高校サッカー2,"￥9,800","￥10,000代",0,64
1995-11-21,32,10,ACT,任天堂,スーパードンキーコング2,"￥9,800","￥10,000代",221,16
1995-11-24,-,7,ACT,ハドソン,鬼神童子ZENKI電影雷舞,"￥9,980","￥10,000代",0,0
1995-11-24,-,7,ACT,バンダイ,MIGHTYMORPHINPOWERRANGERS,"￥9,800","￥10,000代",0,0
1995-11-24,-,9,ADV,パック・イン・ビデオ,魔女たちの眠り,"￥10,800","￥11,000代",0,64
1995-11-24,-,4,ETC,カロッツェリアジャパン,リーディングジョッキー2,"￥9,800","￥10,000代",0,64
1995-11-24,-,4,TAB,タカラ,スーパー億万長者ゲーム,"￥9,800","￥10,000代",0,64
1995-11-25,-,9,RAC,メディアリング,ゼロヨンチャンプRR-Z,"￥11,900","￥12,000代",0,64
1995-12-01,-,7,ACT,カプコン,ロックマンX3,"￥9,800","￥10,000代",0,0
1995-12-01,-,7,ACT,コナミ,ちびまる子ちゃんめざせ!南のアイランド!!,"￥9,000","￥9,000代",0,0
1995-12-01,-,2,PUZ,サンソフト,おーちゃんのお絵かきロジック,"￥6,980","￥7,000代",0,16
1995-12-01,38,10,RPG,チュンソフト,不思議のダンジョン2風来のシレン,"￥11,800","￥12,000代",0,256
1995-12-01,-,6,SLG,アイマックス,B.B.GUN(ボールバレットガン),"￥11,800","￥12,000代",0,64
1995-12-01,-,9,SPT,アクレイムジャパン,BIGHURTベースボール,"￥11,800","￥12,000代",0,64
1995-12-01,-,4,TAB,アスミック,ドカポン外伝炎のオーディション,"￥8,800","￥9,000代",0,0
1995-12-01,-,4,TAB,ココナッツジャパンエンターテイメント,パチ夫くんSPECIAL3,"￥10,800","￥11,000代",0,64
1995-12-08,-,7,ACT,カプコン,ミッキーとドナルドマジカルアドベンチャー3,"￥9,800","￥10,000代",0,0
1995-12-08,-,4,ACT,ツクダオリジナル,アメリカンバトルドーム,"￥9,800","￥10,000代",0,0
1995-12-08,-,7,PUZ,コンパイル,す～ぱ～ぷよぷよ通,"￥8,800","￥9,000代",0,0
1995-12-08,-,2,PUZ,徳間書店,クロックワークス,"￥7,800","￥8,000代",0,64
1995-12-08,-,4,PUZ,バンダイ,美少女戦士セーラームーンSuperSふわふわパニック,"￥7,980","￥8,000代",0,0
1995-12-08,-,7,SLG,光栄,アンジェリークプレミアムBOX,"￥9,800","￥10,000代",0,256
1995-12-08,-,7,SPT,T＆Eソフト,MASTERSNew遙かなるオーガスタ3,"￥11,800","￥12,000代",0,512
1995-12-08,30,7,TAB,ハドソン,スーパー桃太郎電鉄DX,"￥9,500","￥9,500代",0,64
1995-12-09,34,10,RPG,エニックス,ドラゴンクエストVI幻の大地,"￥11,400","￥11,500代",320,64
1995-12-15,-,6,ACT,エポック社,ドラえもん4のび太と月の王国,"￥9,500","￥9,500代",0,0
1995-12-15,-,2,ACT,日本物産,ニチブツアーケードクラシックス2平安京エイリアン,"￥5,980","￥6,000代",0,0
1995-12-15,-,7,ACT,バンプレスト,GOGOACKMAN3,"￥9,800","￥10,000代",0,0
1995-12-15,-,0,ETC,光栄,エミットバリューセット,"￥19,800","￥20,000代",0,0
1995-12-15,-,12,RPG,ナムコ,テイルズオブファンタジア,"￥11,800","￥12,000代",0,64
1995-12-15,32,9,SHT,コナミ,実況おしゃべりパロディウス,"￥9,980","￥10,000代",0,64
1995-12-15,31,7,SLG,EAV,テーマパーク,"￥11,800","￥12,000代",0,256
1995-12-15,-,7,SLG,タカラ,プリンセスメーカーLegendofAnotherWorld,"￥9,980","￥10,000代",0,64
1995-12-15,-,9,SLG,BPS,聖獣魔伝ビースト＆ブレイド,"￥11,000","￥11,000代",0,64
1995-12-15,-,9,SPT,NGP,JBザ・スーパーバス,"￥11,800","￥12,000代",0,64
1995-12-15,-,10,SPT,スターフィッシュデータ,スーパーブラックバス3,"￥11,800","￥12,000代",0,64
1995-12-15,-,6,TAB,データイースト,もってけOh!ドロボー,"￥9,800","￥10,000代",0,0
1995-12-15,-,6,TAB,バンダイ,商人よ、大志を抱け!!,"￥9,800","￥10,000代",0,64
1995-12-15,-,6,TAB,BOSSコミュニケーションズ,本家・SANKYOFEVER実機シミュレーション2,"￥10,800","￥11,000代",0,0
1995-12-20,-,7,TAB,ケイエスエス,水木しげるの妖怪百鬼夜行,"￥11,800","￥12,000代",0,64
1995-12-22,-,9,ACT,カプコン,ファイナルファイトタフ,"￥9,980","￥10,000代",0,0
1995-12-22,-,9,ACT,コナミ,がんばれゴエモンきらきら道中僕がダンサーになった理由.,"￥9,980","￥10,000代",0,64
1995-12-22,-,4,ACT,バップ,黄龍の耳,"￥9,980","￥10,000代",0,0
1995-12-22,-,7,ACT,バンプレスト,3×3EYES(サザンアイズ)獣魔奉還,"￥10,800","￥11,000代",0,16
1995-12-22,-,6,ACT,バンプレスト,ザ・グレイトバトルV,"￥9,800","￥10,000代",0,0
1995-12-22,-,9,ADV,イマジニア,月面のアヌビス,"￥11,800","￥12,000代",0,64
1995-12-22,-,7,ADV,イマジニア,ざくろの味,"￥11,800","￥12,000代",0,64
1995-12-22,-,9,RPG,角川書店,ロードス島戦記,"￥10,800","￥11,000代",0,64
1995-12-22,-,6,RPG,カルチャーブレーン,スーパーチャイニーズワールド3,"￥9,800","￥10,000代",0,0
1995-12-22,-,11,RPG,ハドソン,天外魔境ZERO,"￥9,980","￥10,000代",0,64
1995-12-22,-,6,SLG,バンダイ,SDガンダムGNEXT,"￥12,800","￥13,000代",0,256
1995-12-22,-,7,SLG,バンプレスト,戦国の覇者天下布武への道,"￥12,800","￥13,000代",0,64
1995-12-22,-,9,SLG,バンプレスト,ファーランドストーリー2,"￥12,800","￥13,000代",0,64
1995-12-22,-,4,SLG,パック・イン・ビデオ,バトルサブマリン,"￥9,800","￥10,000代",0,0
1995-12-22,30,7,SPT,テクモ,テクモスーパーボウルⅢFINALEDITION,"￥12,800","￥13,000代",0,256
1995-12-22,-,10,SPT,ヒューマン,スーパーファイヤープロレスリングX,"￥11,900","￥12,000代",0,64
1995-12-22,-,4,TAB,ヴァージンインタラクティブ,将棋三昧,"￥9,800","￥10,000代",0,64
1995-12-27,-,9,SPT,ハドソン,最強高田延彦,"￥10,900","￥11,000代",0,0
1995-12-28,-,9,SLG,光栄,三國志英傑伝,"￥12,800","￥13,000代",0,256
1995-12-29,-,9,RPG,日本ファルコム,イースV失われた砂の都ケフィン,"￥12,800","￥13,000代",0,64
1995-12-29,-,6,TAB,アイマックス,スーパー将棋3棋太平,"￥12,800","￥13,000代",0,256
1995-12-29,-,7,TAB,タイトー,大爆笑人生劇場ずっこけサラリーマン編,"￥9,800","￥10,000代",0,64
1995-12-29,-,7,TAB,日本テレネット,京楽・三洋・豊丸・奥村・大一・マルホンParlor!パーラー!ⅣCR(パーラーパーラー4),"￥11,800","￥12,000代",0,64
1995-12-29,-,4,TAB,BPS,対局囲碁韋駄天,"￥14,800","￥15,000代",0,256
1996-01-12,-,7,RPG,徳間書店インターメディアカンパニー,魔導物語はなまる大幼稚園児,"￥9,900","￥10,000代",0,64
1996-01-19,-,4,ETC,バンプレスト,的中競馬塾,"￥9,980","￥10,000代",0,64
1996-01-19,-,7,SPT,パック・イン・ビデオ,磯釣り離島編,"￥10,800","￥11,000代",0,64
1996-01-19,-,9,TAB,日本テレネット,京楽・三洋・豊丸・奥村・太陽Parlor!パーラー!3(パーラーパーラー3),"￥11,800","￥12,000代",0,64
1996-01-26,-,4,PUZ,バンダイ,SDガンダムPowerFormationPuzzle,"￥8,800","￥9,000代",0,0
1996-01-26,-,7,RPG,データム・ポリスター,MADARASAGA幼稚園戦記まだら,"￥9,800","￥10,000代",0,64
1996-01-26,-,7,SLG,ケイエスエス,無人島物語,"￥12,800","￥13,000代",0,256
1996-01-26,-,9,SLG,光栄,信長の野望天翔記,"￥12,800","￥13,000代",0,256
1996-01-26,-,6,SPT,バンプレスト,スーパー野球道,"￥12,800","￥13,000代",0,256
1996-01-26,-,2,TAB,カロッツェリアジャパン,平成軍人将棋,"￥9,800","￥10,000代",0,0
1996-01-26,-,4,TAB,ヘクト,囲碁倶楽部,"￥12,800","￥13,000代",0,64
1996-01-31,31,7,ETC,アスキー,RPGツクール2,"￥12,800","￥13,000代",0,512
1996-02-02,-,10,RPG,バンプレスト,幕末降臨伝ONI,"￥12,800","￥13,000代",0,64
1996-02-09,-,10,SLG,コナミ,ときめきメモリアル伝説の樹の下で,"￥9,980","￥10,000代",0,64
1996-02-09,-,10,SLG,スクウェア,バハムートラグーン,"￥11,400","￥11,500代",47,64
1996-02-09,-,2,TAB,魔法,将棋最強Ⅱ実戦対局編,"￥10,800","￥11,000代",0,64
1996-02-16,-,4,TAB,アトラス,プロ棋士人生シミュレーション将棋の花道,"￥12,800","￥13,000代",0,256
1996-02-23,-,9,ACT,スクウェア,ガンハザード,"￥11,400","￥11,500代",0,64
1996-02-23,-,6,SHT,アスク講談社,バトルテック3050,"￥9,800","￥10,000代",0,0
1996-02-23,-,7,TAB,ハドソン,鬼神童子ZENKI天地鳴動,"￥9,980","￥10,000代",0,0
1996-02-29,30,9,SPT,コナミ,実況パワフルプロ野球3,"￥7,500","￥7,500代",0,64
1996-02-29,-,8,SPT,ナムコ,スーパーファミスタ5,"￥6,980","￥7,000代",38,64
1996-03-01,-,10,ADV,バンプレスト,晦-つきこもり-,"￥7,800","￥8,000代",0,64
1996-03-01,-,8,PUZ,ハドソン,鮫亀+キャラカセット(付属品BSMC-ZS5J-JPN),"￥8,980","￥9,000代",0,64
1996-03-01,-,7,SHT,アクレイムジャパン,レボリューションX,"￥11,800","￥12,000代",0,0
1996-03-01,-,7,SHT,イマジニア,ドゥーム(DOOM),"￥12,800","￥13,000代",0,512
1996-03-01,-,9,SLG,バンダイ,機動戦士ZガンダムAwaytoTheNewtype,"￥11,800","￥12,000代",0,64
1996-03-01,-,9,SPT,アクレイムジャパン,NFLクォーターバッククラブ'96,"￥11,800","￥12,000代",0,16
1996-03-01,-,9,SPT,アクレイムジャパン,レッスルマニア・ジ・アーケードゲーム,"￥11,800","￥12,000代",0,0
1996-03-08,-,7,PUZ,コンパイル,す～ぱ～ぷよぷよ通リミックス,"￥6,800","￥7,000代",0,0
1996-03-08,-,7,SLG,エンジェル,銀河戦国群雄伝ライ,"￥10,800","￥11,000代",0,64
1996-03-08,-,6,TAB,サミー,実戦パチンコ必勝法!2,"￥7,800","￥8,000代",0,64
1996-03-09,32,10,RPG,任天堂,スーパーマリオRPG,"￥7,500","￥7,500代",147,256
1996-03-15,30,9,ETC,アスキー,ダービースタリオン96,"￥12,800","￥13,000代",110,256
1996-03-15,-,9,RAC,BPS,峠・伝説最速バトル,"￥10,800","￥11,000代",0,64
1996-03-15,-,9,RPG,光栄,ブランディッシュ2エキスパート,"￥8,800","￥9,000代",0,256
1996-03-15,-,8,SLG,タイトー,カオスシード風水回廊記,"￥9,980","￥10,000代",0,64
1996-03-21,-,10,ACT,任天堂,星のカービィスーパーデラックス,"￥7,500","￥7,500代",110,64
1996-03-22,-,7,ACT,ハドソン,ドレミファンタジーミロンのドキドキ大冒険,"￥6,800","￥7,000代",0,0
1996-03-22,-,6,ACT,ユタカ,NEWヤッターマン難題かんだいヤジロベエ,"￥8,800","￥9,000代",0,0
1996-03-22,-,10,ETC,コナミ,実況競馬シミュレーションステイブルスター厩舎物語,"￥11,800","￥12,000代",0,256
1996-03-22,-,9,RPG,光栄,イースVエキスパート,"￥11,800","￥12,000代",0,64
1996-03-22,-,9,SLG,バンプレスト,スーパーロボット大戦外伝魔装機神,"￥7,800","￥8,000代",0,256
1996-03-22,-,6,SPT,魔法,96全国高校サッカー選手権,"￥7,800","￥8,000代",0,64
1996-03-22,-,6,TAB,アスク講談社,林海峯九段の囲碁大道,"￥14,800","￥15,000代",0,512
1996-03-22,-,4,TAB,バップ,ギャンブル放浪記,"￥8,500","￥8,500代",0,0
1996-03-29,-,9,ACT,エンジェル,美少女戦士セーラームーンSuperS全員参加!!主役争奪戦,"￥7,980","￥8,000代",0,0
1996-03-29,-,4,ACT,カルチャーブレーン,忍たま乱太郎2,"￥7,800","￥8,000代",0,0
1996-03-29,-,7,ACT,バンダイ,新機動戦記ガンダムWEndlessDuel,"￥7,500","￥7,500代",0,0
1996-03-29,-,9,ACT,バンダイ,ドラゴンボールZHyperDimension,"￥7,800","￥8,000代",0,64
1996-03-29,-,2,ETC,バンダイ,マップ＆コレクション(SDガンダムGNEXT専用),"￥3,800","￥4,000代",0,0
1996-03-29,-,4,PUZ,コナミ,それいけエビス丸からくり迷路,"￥5,800","￥6,000代",0,0
1996-03-29,-,7,RAC,イマジニア,GTレーシング,"￥10,800","￥11,000代",0,16
1996-03-29,-,9,SLG,光栄,アンジェリークヴォイス・ファンタジー,"￥9,800","￥10,000代",0,256
1996-03-29,-,8,SPT,ケイエスエス,美少女レスラー列伝ブリザードYuki乱入,"￥8,000","￥8,000代",0,64
1996-03-29,-,10,SPT,ヒューマン,スーパーファイヤープロレスリングXプレミアム,"￥8,000","￥8,000代",0,256
1996-03-29,-,6,SPT,ヒューマン,スーパーフォーメーションサッカー'96WCE,"￥7,500","￥7,500代",0,0
1996-03-29,-,6,TAB,日本テレネット,京楽・三洋・マルホンParlor!パーラー!5(パーラーパーラー5),"￥10,800","￥11,000代",0,64
1996-04-05,-,10,RPG,スクウェア,ルドラの秘宝,"￥8,000","￥8,000代",0,64
1996-04-05,-,4,TAB,サミー,実戦パチスロ必勝法!山佐伝説,"￥6,900","￥7,000代",0,64
1996-04-12,-,4,ETC,アスキー,音楽ツクールかなでーる,"￥9,980","￥10,000代",0,512
1996-04-12,-,9,RPG,エニックス,魔法陣グルグル2,"￥8,000","￥8,000代",0,64
1996-04-19,-,7,RPG,J・ウイング,蓬莱学園の冒険!転校生スクランブル,"￥7,980","￥8,000代",0,64
1996-04-26,-,10,ACT,カプコン,トイ・ストーリー,"￥7,500","￥7,500代",0,0
1996-04-26,-,7,ACT,ハドソン,スーパーボンバーマン4,"￥7,777","￥8,000代",36,0
1996-04-26,-,7,ETC,ナグザット,Jumpin'Derby(ジャンピンダービー),"￥9,800","￥10,000代",0,256
1996-04-26,-,4,ETC,日本物産,スーパー競艇2,"￥8,500","￥8,500代",0,64
1996-04-26,-,4,ETC,POW,一発逆転!!競馬・競輪・競艇,"￥9,800","￥10,000代",0,64
1996-04-26,-,7,SPT,エポック社,Jリーグエキサイトステージ'96,"￥7,980","￥8,000代",0,64
1996-04-26,-,9,TAB,ショウエイシステム,HEIWAパチンコワールド3,"￥7,800","￥8,000代",0,16
1996-04-26,-,4,TAB,日本テレネット,Parlor!Mini(パーラーミニ),"￥4,900","￥5,000代",0,0
1996-05-14,-,10,SLG,任天堂,ファイアーエムブレム聖戦の系譜,"￥7,500","￥7,500代",43,64
1996-05-24,-,7,PUZ,バンプレスト,すーぱーぐっすんおよよ2,"￥7,800","￥8,000代",0,16
1996-05-24,-,9,RPG,スクウェア,トレジャーハンターG,"￥7,900","￥8,000代",0,64
1996-05-24,-,9,RPG,パイオニアLDC,ごきんじょ冒険隊,"￥7,980","￥8,000代",0,16
1996-05-31,-,4,ACT,ユタカ,すぱぽーんDX,"￥5,800","￥6,000代",0,0
1996-05-31,-,9,ETC,アスキー,サウンドノベルツクール,"￥8,200","￥8,000代",0,512
1996-05-31,-,9,RPG,エニックス,ダークハーフ,"￥8,000","￥8,000代",0,64
1996-05-31,-,7,SPT,キングレコード,フィッシング甲子園,"￥9,800","￥10,000代",0,64
1996-06-01,-,8,SPT,ハドソン,Jリーグ'96ドリームスタジアム,"￥7,980","￥8,000代",0,512
1996-06-14,-,9,RPG,タカラ,アラビアンナイト砂漠の精霊王,"￥7,800","￥8,000代",0,64
1996-06-14,-,10,SLG,アスキー,ベストショットプロゴルフ,"￥8,200","￥8,000代",0,64
1996-06-28,-,6,ACT,バンダイ,スーファミターボ専用SDウルトラバトルウルトラマン伝説,"￥3,980","￥4,000代",0,16
1996-06-28,-,6,ACT,バンダイ,スーファミターボ専用SDウルトラバトルセブン伝説,"￥3,980","￥4,000代",0,16
1996-06-28,-,6,ACT,バンダイ,スーファミターボ専用ぽいぽい忍者ワールド,"￥3,980","￥4,000代",0,64
1996-06-28,-,1,ETC,バンダイ,スーファミターボ,"￥3,980","￥4,000代",0,0
1996-06-28,-,2,PUZ,カルチャーブレーン,パズル忍たま乱太郎忍術学園パズル大会の段,"￥6,980","￥7,000代",0,0
1996-06-28,-,6,PUZ,コンパイル,す～ぱ～なぞぷよ通ルルーの鉄腕繁盛記,"￥9,800","￥10,000代",0,64
1996-06-28,-,6,RPG,バンダイ,空想科学世界ガリバーボーイ,"￥7,800","￥8,000代",0,64
1996-06-28,-,10,RPG,バンプレスト,トラバース,"￥7,800","￥8,000代",0,64
1996-06-28,-,7,TAB,ケイエスエス,西陣パチンコ物語2,"￥10,800","￥11,000代",0,0
1996-06-28,-,4,TAB,日本テレネット,Parlor!Mini2(パーラーミニ2),"￥4,900","￥5,000代",0,0
1996-07-19,-,12,RPG,エニックス,スターオーシャン,"￥8,500","￥8,500代",0,64
1996-07-19,-,9,SPT,コナミ,実況パワフルプロ野球'96開幕版,"￥7,500","￥7,500代",0,64
1996-07-19,-,7,SPT,パック・イン・ビデオ,海のぬし釣り,"￥7,800","￥8,000代",0,64
1996-07-19,-,6,TAB,バンダイ,スーファミターボ専用ゲゲゲの鬼太郎妖怪ドンジャラ,"￥3,980","￥4,000代",0,0
1996-07-19,-,2,TAB,ボトムアップ,スーパートランプコレクション2,"￥5,800","￥6,000代",0,0
1996-07-26,-,10,RPG,アスミック,レナスⅡ封印の使徒,"￥9,980","￥10,000代",0,64
1996-07-26,-,4,SHT,ナグザット,スプリガン・パワード,"￥9,800","￥10,000代",0,0
1996-07-26,-,7,SLG,イマジニア,シムシティJr.,"￥8,200","￥8,000代",0,256
1996-07-26,-,9,SLG,タイトー,エナジーブレイカー,"￥7,980","￥8,000代",0,64
1996-07-26,-,9,SLG,ハドソン,アースライトルナ・ストライク,"￥7,980","￥8,000代",0,64
1996-07-26,-,6,SLG,バンダイ,スーファミターボ専用SDガンダムジェネレーション一年戦争記,"￥3,980","￥4,000代",0,64
1996-07-26,-,6,SLG,バンダイ,スーファミターボ専用SDガンダムジェネレーショングリプス戦記,"￥3,980","￥4,000代",0,64
1996-07-26,-,4,TAB,バリエ,テーブルゲーム大集合!将棋・麻雀・花札・トゥーサイド,"￥6,800","￥7,000代",0,0
1996-08-02,-,11,RPG,ハドソン,大貝獣物語Ⅱ,"￥8,200","￥8,000代",0,64
1996-08-09,-,2,ACT,カルチャーブレーン,忍たま乱太郎すぺしゃる,"￥8,800","￥9,000代",0,0
1996-08-09,-,6,RPG,トミー,赤ずきんチャチャ,"￥7,800","￥8,000代",0,64
1996-08-09,-,7,SLG,パック・イン・ビデオ,牧場物語,"￥7,800","￥8,000代",0,64
1996-08-09,-,7,SPT,ハドソン,スーパーパワーリーグ4,"￥7,980","￥8,000代",0,64
1996-08-23,-,6,ACT,バンダイ,スーファミターボ専用激走戦隊カーレンジャー全開!レーサー戦士,"￥3,980","￥4,000代",0,0
1996-08-23,-,6,SLG,バンダイ,スーファミターボ専用SDガンダムジェネレーションアクシズ戦記,"￥3,980","￥4,000代",0,64
1996-08-23,-,6,SLG,バンダイ,スーファミターボ専用SDガンダムジェネレーションバビロニア建国戦記,"￥3,980","￥4,000代",0,64
1996-08-24,-,7,SPT,ヘクト,古田敦也のシミュレーションプロ野球2,"￥8,000","￥8,000代",0,256
1996-08-30,-,2,ETC,アクレイムジャパン,ナンバーズパラダイス,"￥8,800","￥9,000代",0,64
1996-08-30,-,7,SLG,アスキー,大戦略エキスパートWWⅡ,"￥9,800","￥10,000代",0,1024
1996-08-30,-,7,TAB,サンソフト,必殺パチンココレクション4,"￥9,980","￥10,000代",0,64
1996-08-30,-,4,TAB,BOSSコミュニケーションズ,本家・SANKYOFEVER実機シミュレーション3,"￥7,480","￥7,500代",0,0
1996-09-13,-,10,SPT,コナミ,実況パワープロレスリング'96,"￥7,980","￥8,000代",0,64
1996-09-13,-,7,SPT,T＆Eソフト,ペブルビーチの波濤Newトーナメントエディション,"￥8,000","￥8,000代",0,512
1996-09-20,-,7,PUZ,データイースト,マジカルドロップ2,"￥7,800","￥8,000代",0,0
1996-09-20,-,10,RPG,アスキー,ウィザードリィ・外伝Ⅳ胎魔の鼓動,"￥8,000","￥8,000代",0,64
1996-09-27,-,6,PUZ,バンダイ,スーファミターボ専用クレヨンしんちゃん長ぐつドボン,"￥3,980","￥4,000代",0,0
1996-09-27,-,7,PUZ,バンダイ,スーファミターボ専用美少女戦士セーラームーンセーラースターズふわふわパニック2,"￥3,980","￥4,000代",0,0
1996-09-27,-,9,RPG,パック・イン・ビデオ,モンスタニア,"￥7,800","￥8,000代",0,64
1996-09-27,-,6,SLG,バンダイ,スーファミターボ専用SDガンダムジェネレーションコロニー格闘記,"￥3,980","￥4,000代",0,64
1996-09-27,-,6,SLG,バンダイ,スーファミターボ専用SDガンダムジェネレーションザンスカール戦記,"￥3,980","￥4,000代",0,64
1996-09-27,-,4,TAB,日本テレネット,Parlor!Mini3(パーラーミニ3),"￥4,900","￥5,000代",0,0
1996-09-27,-,4,TAB,日本物産,スーパーニチブツマージャン4基礎研究編,"￥7,500","￥7,500代",0,0
1996-10-04,-,9,ETC,光栄,ウイニングポスト2プログラム'96,"￥9,800","￥10,000代",0,256
1996-10-18,-,7,ACT,カプコン,マーヴルスーパーヒーローズウォーオブザジェム,"￥7,800","￥8,000代",0,0
1996-10-18,-,7,ETC,ヘクト,サラブレッドブリーダーⅢ,"￥8,200","￥8,000代",0,512
1996-10-25,-,7,TAB,アスキー,タワードリーム,"￥8,000","￥8,000代",0,64
1996-10-26,-,9,ADV,任天堂,マーヴェラスもうひとつの宝島,"￥6,800","￥7,000代",0,512
1996-11-23,-,10,ACT,任天堂,スーパードンキーコング3謎のクレミス島,"￥6,800","￥7,000代",177,16
1996-11-29,-,2,ETC,ボトムアップ,VS.コレクション,"￥6,980","￥7,000代",0,0
1996-11-29,-,7,TAB,タカラ,スーパー人生ゲーム3,"￥5,980","￥6,000代",0,64
1996-11-29,-,6,TAB,日本テレネット,Parlor!Mini4(パーラーミニ4),"￥5,800","￥6,000代",0,0
1996-11-29,-,7,TAB,日本物産,ニチブツコレクション1,"￥7,980","￥8,000代",0,0
1996-12-06,-,10,RPG,エニックス,ドラゴンクエストⅢそして伝説へ…,"￥8,700","￥8,500代",140,64
1996-12-06,-,9,TAB,ハドソン,桃太郎電鉄HAPPY,"￥8,300","￥8,500代",0,64
1996-12-19,-,4,TAB,ボトムアップ,すごろく銀河戦記,"￥6,980","￥7,000代",0,0
1996-12-20,-,10,ACT,カプコン,ストリートファイターZERO2,"￥7,800","￥8,000代",0,0
1996-12-20,-,9,ACT,カプコン,ドナルドダックのマウイマラード,"￥7,500","￥7,500代",0,0
1996-12-20,-,9,ACT,カプコン,ピノキオ,"￥7,500","￥7,500代",0,0
1996-12-20,-,4,PUZ,T＆Eソフト,Cu-On-PaSFC(クオンパ),"￥6,800","￥7,000代",0,64
1996-12-20,-,9,RPG,イマジニア,G.O.D目覚めよと呼ぶ声が聴こえ,"￥7,980","￥8,000代",0,64
1996-12-20,-,4,SHT,ハドソン,ボンバーマンビーダマン,"￥5,980","￥6,000代",0,64
1996-12-20,-,10,SLG,アスキー,ミニ四駆シャイニングスコーピオンレッツ＆ゴー!!,"￥8,800","￥9,000代",58,256
1996-12-20,-,6,TAB,ケイエスエス,西陣パチンコ3,"￥7,800","￥8,000代",0,0
1996-12-27,-,7,ACT,ヴァージンインタラクティブ,マスク,"￥9,800","￥10,000代",0,0
1996-12-27,-,9,SLG,バンプレスト,ドラゴンナイト4,"￥7,980","￥8,000代",0,64
1996-12-27,-,6,TAB,日本物産,ニチブツコレクション2,"￥7,980","￥8,000代",0,64
1997-01-15,-,2,ACT,タイトー,アルカノイド-DohItAgain-,"￥4,980","￥5,000代",0,0
1997-01-17,-,9,RPG,T＆Eソフト,BUSHI青龍伝二人の勇者,"￥7,980","￥8,000代",0,16
1997-01-17,-,4,SPT,カルチャーブレーン,プロ野球スター,"￥6,800","￥7,000代",0,64
1997-01-31,-,7,PUZ,アスキー,ピキーニャ!,"￥6,800","￥7,000代",0,64
1997-01-31,-,9,RPG,アスキー,ガンプル,"￥8,000","￥8,000代",0,64
1997-01-31,-,9,RPG,アスキー,ミランドラ,"￥7,800","￥8,000代",0,256
1997-02-21,-,10,SPT,任天堂,糸井重里のバス釣りNo.1,"￥7,800","￥8,000代",0,64
1997-02-28,-,4,ACT,カルチャーブレーン,忍たま乱太郎3,"￥6,980","￥7,000代",0,0
1997-02-28,-,7,ACT,ハドソン,スーパーボンバーマン5,"￥6,980","￥7,000代",0,64
1997-03-07,-,4,ACT,コナミ,アニマニアクス,"￥5,800","￥6,000代",0,0
1997-03-07,-,2,TAB,日本シスコン,パチスロ完全攻略ユニバーサル新台入荷Vol.1,"￥5,980","￥6,000代",0,64
1997-03-14,-,4,ACT,KSS,キャスパー,"￥4,980","￥5,000代",0,64
1997-03-14,-,2,TAB,バップ,スーパーダブル役満Ⅱ,"￥7,500","￥7,500代",0,0
1997-03-15,-,2,TAB,サミー,実戦パチスロ必勝法!TWIN,"￥5,980","￥6,000代",0,64
1997-03-20,-,9,SPT,コナミ,実況パワフルプロ野球3'97春,"￥6,800","￥7,000代",0,64
1997-03-28,-,9,RPG,アスキー,ソリッドランナー,"￥8,000","￥8,000代",0,64
1997-03-28,-,10,RPG,アスキー,ダークロウMeaningofDeath,"￥8,000","￥8,000代",0,64
1997-03-28,-,4,TAB,日本テレネット,Parlor!Mini5(パーラーミニ5),"￥4,900","￥5,000代",0,0
1997-04-18,-,2,TAB,カルチャーブレーン,プロ麻雀兵(つわもの),"￥6,980","￥7,000代",0,64
1997-04-25,-,2,PUZ,ココナッツジャパンエンターテイメント,プロ野球熱闘ぱずるスタジアム,"￥7,800","￥8,000代",0,0
1997-05-30,-,4,TAB,日本テレネット,Parlor!Mini6(パーラーミニ6),"￥4,980","￥5,000代",0,0
1997-08-01,-,7,SPT,ビクターインタラクティブ(パックインソフト),ふね太郎,"￥7,800","￥8,000代",0,64
1997-08-29,-,4,TAB,日本テレネット,Parlor!Mini7(パーラーミニ7),"￥4,900","￥5,000代",0,0
1997-09-12,-,2,TAB,サミー,実戦パチスロ必勝法!Twinvol.2,"￥5,980","￥6,000代",0,64
1997-09-30,-,10,ETC,任天堂,SFメモリカセット,"￥3,980","￥4,000代",0,256
1997-12-19,-,7,SHT,ハドソン,爆球連発!!スーパービーダマン,"￥4,980","￥5,000代",0,64
1998-01-01,-,4,ETC,NTTデータ,JRAPAT(NDSF付属カセット),"￥12,000","￥12,000代",0,0
1998-01-30,-,2,ETC,任天堂,スーパーゲームボーイ2,"￥5,800","￥6,000代",0,0
1998-01-30,-,4,TAB,日本テレネット,HEIWAParlor!Mini8パチンコ実機シミュレーションゲーム,"￥5,200","￥5,000代",0,0
1998-03-19,-,9,SPT,コナミ,実況パワフルプロ野球BASIC'98,"￥5,800","￥6,000代",0,64
1998-03-27,-,10,ACT,任天堂,星のカービィ3,"￥4,800","￥5,000代",36,256
1998-04-24,-,10,ACT,カプコン,ロックマン＆フォルテ,"￥5,800","￥6,000代",0,16
1998-05-23,-,9,ADV,任天堂,平成新・鬼ヶ島前編,"￥3,800","￥4,000代",0,16
1998-05-23,-,9,ADV,任天堂,平成新・鬼ヶ島後編,"￥3,800","￥4,000代",0,16
1998-05-23,-,7,PUZ,任天堂,レッキングクルー'98,"￥3,800","￥4,000代",0,64
1998-08-25,-,9,ETC,任天堂,ダービースタリオン98,"￥6,000","￥6,000代",0,256
1998-12-04,-,7,RPG,任天堂,ミニ四駆レッツ＆ゴー!!POWERWGP2,"￥3,800","￥4,000代",0,64
1999-06-25,-,4,PUZ,任天堂,POWER倉庫番,"￥4,200","￥4,000代",0,64
1999-06-25,-,7,PUZ,任天堂,カービィのきらきらきっず,"￥4,200","￥4,000代",0,16
1999-06-25,-,9,PUZ,任天堂,すってはっくん,"￥4,200","￥4,000代",0,64
1999-12-01,-,4,ETC,NTTデータ,JRAPATワイド対応(NDSF付属カセット),不明,不明,0,0
2000-01-21,-,10,SLG,任天堂,ファイアーエムブレムトラキア776,"￥5,200","￥5,000代",0,256
2000-11-29,-,9,ADV,任天堂,メタルスレイダーグローリーディレクターズカットプリライト版,"￥5,780","￥6,000代",0,0
@CsvOptions:,,,,,,,,,
dataType=0,,,,,,,,,
title=「スーパーファミコン」ソフト一覧,,,,,,,,,
"dataReference=<ul><li><a target%3d'_blank' href%3d""""http://pasofami.game.coocan.jp/game/game.htm"""">各種ゲーム機 カセット・ソフトタイトルリスト@pasofami</a></li><li><a target%3d'_blank' href%3d'https://www.gavas.jp/user_data/superfamicom_game_ranking.php'>スーパーファミコン歴代ソフト売上ランキング＠ピコピコ大百科</a></li><li><a target%3d'_blank' href%3d""""https://ja.wikipedia.org/wiki/%E3%82%B9%E3%83%BC%E3%83%91%E3%83%BC%E3%83%95%E3%82%A1%E3%83%9F%E3%82%B3%E3%83%B3%E3%81%AE%E3%82%B2%E3%83%BC%E3%83%A0%E3%82%BF%E3%82%A4%E3%83%88%E3%83%AB%E4%B8%80%E8%A6%A7"""">スーパーファミコンのゲームタイトル一覧@wikipedia</li></ul>",,,,,,,,,
detailType=city,,,,,,,,,
isMakeAutocompleteData=1,,,,,,,,,
chartName[imagePath]=/img/game/maker,,,,,,,,,
chartName[imageTooltip]=img,,,,,,,,,
chartCity[imagePath]=/img/game/smc,,,,,,,,,
chartCity[imageTooltip]=all,,,,,,,,,
chartCity[orderYmd]=1,,,,,,,,,
chartCity[orderUI]=1,,,,,,,,,
chartDate[elasticY]=0,,,,,,,,,
chartDate[width]=1000,,,,,,,,,
chartDate[format]=YYYY,,,,,,,,,
chartSex[unit]=null,,,,,,,,,
chartSex[chartType]=bar,,,,,,,,,
"chartAge[unit]=[""不明"",""2M"",""4M"",""6M"",""8M"",""10M"",""12M"",""16M"",""20M"",""24M"",""32M"",""40M"",""48M""]",,,,,,,,,
editUrl=https://docs.google.com/spreadsheets/d/1v7r5cQU_zPPv_tOJoPAEp9gsbYzjD7IduCogj51qBaM/edit?gid=365793977#gid=365793977,,,,,,,,,