発売日,クロスレビュー(評価),容量(bit),ジャンル,メーカー,タイトル,価格,ジョブカテゴリ,カウント,ハード・メモリ
1988-10-29,31,3,SHT,セガ,スーパーサンダーブレード,"￥5,800","￥6,000代",0,MD
1988-10-29,30,3,SHT,セガ,スペースハリアーII,"￥5,800","￥6,000代",0,MD
1988-11-27,-,3,ACT,セガ,獣王記,"￥5,800","￥6,000代",0,MD
1988-12-24,-,2,ACT,セガ,おそ松くんはちゃめちゃ劇場,"￥5,500","￥5,500代",0,MD
1989-02-10,-,2,ACT,セガ,アレックスキッド天空魔城,"￥5,500","￥5,500代",0,MD
1989-03-21,-,5,RPG,セガ,ファンタシースターII還らざる時の終わりに,"￥8,000","￥8,000代",11,MD
1989-04-22,-,3,SPT,セガ,スーパーリーグ,"￥5,800","￥6,000代",0,MD
1989-04-29,31,3,SLG,セガ,スーパー大戦略,"￥6,800","￥7,000代",0,MD
1989-06-15,-,3,SHT,テクノソフト,サンダーフォースIIMD,"￥6,800","￥7,000代",0,MD
1989-07-01,-,3,ACT,セガ,北斗の拳新世紀末救世主伝説,"￥6,000","￥6,000代",0,MD
1989-07-29,-,2,SPT,セガ,ワールドカップサッカー,"￥5,500","￥5,500代",0,MD
1989-08-03,31,4,ACT,セガ,大魔界村,"￥6,800","￥7,000代",8,MD
1989-09-09,-,3,SPT,セガ,尾崎直道のスーパーマスターズ,"￥6,000","￥6,000代",0,MD
1989-10-06,-,3,RPG,アスミック,スーパーハイドライド,"￥7,900","￥8,000代",0,MD
1989-10-06,-,3,RAC,セガ,スーパーハングオン,"￥6,000","￥6,000代",0,MD
1989-10-21,-,2,ACT,セガ,ランボーIII,"￥5,500","￥5,500代",0,MD
1989-11-18,-,3,SHT,セガ,フォゴットンワールズ,"￥6,000","￥6,000代",0,MD
1989-11-25,-,3,ACT,セガ,孔雀王2幻影城,"￥6,000","￥6,000代",0,MD
1989-12-02,-,3,ACT,セガ,ザ・スーパー忍,"￥6,000","￥6,000代",0,MD
1989-12-09,-,3,SHT,セガ,TATSUJIN,"￥6,000","￥6,000代",0,MD
1989-12-14,-,2,TAB,セガ,マージャンCOP竜白狼の野望,"￥5,500","￥5,500代",0,MD
1989-12-15,-,3,SLG,テクノソフト,ヘルツォーク・ツヴァイ,"￥6,800","￥7,000代",0,MD
1989-12-16,-,4,RPG,セガ,ヴァーミリオン,"￥8,500","￥8,500代",0,MD
1989-12-23,-,3,SHT,マイクロネット,カース,"￥6,800","￥7,000代",0,MD
1989-12-23,31,3,ACT,セガ,ゴールデンアックス,"￥6,000","￥6,000代",8,MD
1990-01-01,-,3,ETC,セガ,メガアンサー,"￥34,000","￥34,000代",0,MD
1990-01-13,-,2,PUZ,セガ,ズーム,"￥5,500","￥5,500代",0,MD
1990-01-30,-,2,PUZ,メサイヤ,史上最大の倉庫番,"￥5,200","￥5,000代",0,MD
1990-02-24,-,3,RPG,セガ,ソーサリアン,"￥7,000","￥7,000代",0,MD
1990-03-02,-,3,SPT,セガ,スーパーリアルバスケットボール,"￥6,000","￥6,000代",0,MD
1990-03-03,-,3,ACT,タイトー,ザ・ニュージーランドストーリー,"￥6,800","￥7,000代",0,MD
1990-03-09,-,3,SHT,アスミック,エアダイバー,"￥6,800","￥7,000代",0,MD
1990-03-16,-,3,SHT,メサイヤ,重装機兵レイノス,"￥6,200","￥6,000代",0,MD
1990-03-23,-,3,SHT,電波新聞社,アフターバーナーII,"￥6,900","￥7,000代",0,MD
1990-03-23,-,3,SPT,タイトー,ファイナルブロー,"￥6,800","￥7,000代",0,MD
1990-04-07,-,3,SHT,セガ,ダーウィン4081,"￥6,000","￥6,000代",0,MD
1990-04-21,-,5,RPG,セガ,時の継承者ファンタシースターIII,"￥8,700","￥8,500代",0,MD
1990-04-27,-,4,ADV,シグマ商事,サイオブレード,"￥8,500","￥8,500代",0,MD
1990-05-19,-,3,ACT,セガ,DJボーイ,"￥6,000","￥6,000代",0,MD
1990-05-26,-,3,SHT,セガ,ウィップラッシュ惑星ボルテガスの謎,"￥6,000","￥6,000代",0,MD
1990-06-08,-,2,TAB,サンソフト,TEL・TELまあじゃん,"￥5,800","￥6,000代",0,MD
1990-06-08,31,3,SHT,テクノソフト,サンダーフォースIII,"￥6,800","￥7,000代",0,MD
1990-06-23,30,3,SHT,セガ,大旋風,"￥6,000","￥6,000代",0,MD
1990-06-30,-,3,ACT,セガ,ゴーストバスターズ,"￥6,000","￥6,000代",0,MD
1990-06-30,-,1,PUZ,セガ,コラムス,"￥5,500","￥5,500代",13,MD
1990-07-14,-,3,ACT,セガ,ESWAT,"￥6,000","￥6,000代",0,MD
1990-07-20,-,3,SHT,ナムコ,フェリオス,"￥5,800","￥6,000代",0,MD
1990-07-27,-,3,ACT,サンソフト,バットマン,"￥6,500","￥6,500代",0,MD
1990-07-28,-,3,SPT,セガ,サイバーボール,"￥6,000","￥6,000代",0,MD
1990-08-09,34,3,RAC,セガ,スーパーモナコGP,"￥6,000","￥6,000代",6,MD
1990-08-10,-,3,ACT,タイトー,ラスタンサーガII,"￥6,800","￥7,000代",0,MD
1990-08-10,-,3,ACT,シグマ商事,四天明王,"￥6,200","￥6,000代",0,MD
1990-08-25,-,3,ACT,セガ,マイケルジャクソンズムーンウォーカー,"￥6,000","￥6,000代",10,MD
1990-08-26,-,3,SHT,ユニパック,XDR,"￥6,800","￥7,000代",0,MD
1990-09-07,-,3,SHT,ホット・ビィ,インセクターX,"￥6,800","￥7,000代",0,MD
1990-09-07,-,2,PUZ,ナムコ,クラックス,"￥4,900","￥5,000代",0,MD
1990-09-07,-,2,SHT,タイトー,スペースインベーダー90,"￥5,900","￥6,000代",0,MD
1990-09-28,-,3,SHT,メサイヤ,ヘルファイアー,"￥6,800","￥7,000代",0,MD
1990-09-29,-,6,ACT,セガ,ストライダー飛竜,"￥7,000","￥7,000代",0,MD
1990-10-05,-,3,ACT,タイトー,レインボーアイランドエキストラ,"￥6,800","￥7,000代",0,MD
1990-10-12,-,3,ACT,ウルフチーム,FZ戦記AXIS(アクシス),"￥6,800","￥7,000代",0,MD
1990-10-12,-,4,ACT,サンリツ電気,ファットマン,"￥7,800","￥8,000代",0,MD
1990-10-19,-,3,SHT,ナムコ,バーニングフォース,"￥5,800","￥6,000代",0,MD
1990-10-20,-,3,SHT,セガ,アローフラッシュ,"￥6,000","￥6,000代",0,MD
1990-10-21,-,3,SPT,サンソフト,TEL・TELスタジアム,"￥6,500","￥6,500代",0,MD
1990-10-27,-,3,ACT,セガ,ダイナマイトデューク,"￥6,000","￥6,000代",0,MD
1990-11-02,31,3,SHT,東亜プラン,鮫!鮫!鮫!,"￥6,500","￥6,500代",0,MD
1990-11-16,-,3,SHT,ウルフチーム,グラナダ,"￥6,800","￥7,000代",0,MD
1990-11-21,30,3,ACT,セガ,アイラブミッキーマウスふしぎのお城大冒険,"￥4,800","￥5,000代",10,MD
1990-11-22,-,2,PUZ,ナムコ,メガパネル,"￥4,900","￥5,000代",0,MD
1990-11-25,-,3,PUZ,マイクロネット,ジャンクション,"￥6,000","￥6,000代",0,MD
1990-12-01,-,3,ACT,セガ,シャドーダンサーザ・シークレット・オブ・シノビ,"￥6,000","￥6,000代",0,MD
1990-12-12,-,3,SPT,アスミック,キューティー鈴木のリングサイドエンジェル,"￥6,800","￥7,000代",0,MD
1990-12-14,-,3,ACT,トレコ,アトミックロボキッド,"￥6,800","￥7,000代",0,MD
1990-12-14,-,3,SHT,テクノソフト,エレメンタルマスター,"￥6,800","￥7,000代",0,MD
1990-12-14,-,3,TAB,ゲームアーツ,ぎゅわんぶらあ自己中心派片山まさゆきの麻雀道場,"￥6,800","￥7,000代",0,MD
1990-12-15,-,3,ACT,セガ,まじかるハットのぶっとびターボ!大冒険,"￥5,800","￥6,000代",0,MD
1990-12-18,-,3,SHT,ナムコ,デンジャラスシード,"￥5,800","￥6,000代",0,MD
1990-12-20,-,3,ACT,セガ,クラックダウン,"￥6,000","￥6,000代",0,MD
1990-12-20,-,6,SHT,タイトー,ダライアスII,"￥8,900","￥9,000代",0,MD
1990-12-21,-,3,ADV,メサイヤ,スタークルーザー,"￥7,300","￥7,500代",0,MD
1990-12-21,30,2,RAC,テンゲン,ハードドライビン,"￥5,900","￥6,000代",0,MD
1990-12-21,-,3,SHT,東亜プラン,武者アレスタ,"￥6,800","￥7,000代",0,MD
1990-12-22,-,3,ACT,セガ,モンスターレア,"￥6,000","￥6,000代",0,MD
1990-12-26,-,6,SHT,テレネット,ガイアレス,"￥8,400","￥8,500代",0,MD
1990-12-26,-,3,SHT,東宝,ヘビーユニットメガドライブスペシャル,"￥6,500","￥6,500代",0,MD
1991-01-01,-,3,SPT,日刊スポーツ/データサプライズ/ＶＡＮ,日刊スポーツプロ野球VAN,"￥7,000","￥7,000代",0,MD
1991-01-03,-,3,ACT,セガ,ゲイングランド,"￥6,000","￥6,000代",0,MD
1991-01-25,-,2,ACT,タイトー,ヴォルフィード,"￥4,900","￥5,000代",0,MD
1991-01-25,-,3,SHT,メサイヤ,ジノーグ,"￥6,500","￥6,500代",0,MD
1991-01-31,-,3,SHT,カネコ,エアロブラスターズ,"￥6,000","￥6,000代",0,MD
1991-02-01,-,2,SPT,ビデオシステム,スーパーバレーボール,"￥5,800","￥6,000代",0,MD
1991-02-08,-,3,SPT,ナムコ,レッスルボール,"￥5,800","￥6,000代",7,MD
1991-02-15,-,3,SPT,セガ,バトルゴルファー唯,"￥6,000","￥6,000代",0,MD
1991-02-22,-,4,SHT,トレコ,究極タイガー,"￥7,500","￥7,500代",0,MD
1991-02-24,-,6,SLG,マイクロネット,シーザーの野望,"￥8,800","￥9,000代",0,MD
1991-03-01,-,3,SPT,セガ,ジョー・モンタナフットボール,"￥6,000","￥6,000代",0,MD
1991-03-01,-,3,ACT,セガ,ディックトレイシー,"￥6,000","￥6,000代",0,MD
1991-03-08,-,3,SLG,セガ,バハムート戦記,"￥6,800","￥7,000代",0,MD
1991-03-19,-,6,ADV,ナムコ,ふしぎの海のナディア,"￥6,500","￥6,500代",0,MD
1991-03-22,-,6,ACT,テレネット,ヴァリスIII,"￥8,400","￥8,500代",0,MD
1991-03-22,-,3,ACT,メサイヤ,魔物ハンター妖子第7の警鐘,"￥6,500","￥6,500代",0,MD
1991-03-29,31,6,RPG,セガ,シャイニング＆ザ・ダクネス,"￥8,700","￥8,500代",16,MD
1991-03-29,-,3,SHT,九娯貿易,スーパーエアーウルフ,"￥6,800","￥7,000代",0,MD
1991-03-29,-,6,ACT,データイースト,ミッドナイトレジスタンス,"￥7,800","￥8,000代",0,MD
1991-03-29,-,3,SLG,ウルフチーム,斬夜叉円舞曲,"￥8,500","￥8,500代",0,MD
1991-03-29,-,6,TAB,テレネット,雀偵物語,"￥8,400","￥8,500代",0,MD
1991-04-05,-,3,SHT,アスミック,ヴェリテックス,"￥6,800","￥7,000代",0,MD
1991-04-26,-,3,SLG,メサイヤ,ラングリッサー,"￥7,300","￥7,500代",8,MD
1991-04-26,-,3,ACT,ビスコ,ワードナの森SPECIAL,"￥6,300","￥6,500代",0,MD
1991-04-26,-,4,ACT,ホット・ビィ,火激,"￥7,700","￥7,500代",0,MD
1991-04-27,-,3,PUZ,サンソフト,紫禁城,"￥6,500","￥6,500代",0,MD
1991-04-29,-,6,SLG,セガ,三国志列伝乱世の英雄たち,"￥8,700","￥8,500代",0,MD
1991-05-17,-,3,ACT,セガ,ボナンザブラザーズ,"￥6,000","￥6,000代",0,MD
1991-05-31,-,6,SHT,東亜プラン,ゼロウイング,"￥8,000","￥8,000代",0,MD
1991-05-31,-,3,SHT,タイトー,ファイアームスタング,"￥6,800","￥7,000代",0,MD
1991-06-14,-,6,ACT,ウルフチーム,アークス・オデッセイ,"￥8,500","￥8,500代",0,MD
1991-06-17,33,6,SLG,セガ,アドバンスド大戦略ドイツ電撃作戦,"￥8,700","￥8,500代",8,MD
1991-06-22,-,6,RPG,講談社総研,ブルーアルマナック,"￥8,700","￥8,500代",0,MD
1991-06-26,-,6,ACT,タイトー,サンダーフォックス,"￥8,500","￥8,500代",0,MD
1991-06-28,-,3,ACT,セガ,エイリアンストーム,"￥6,000","￥6,000代",0,MD
1991-06-28,-,3,ACT,タイトー,セイントソード,"￥6,800","￥7,000代",0,MD
1991-06-28,-,3,RAC,ヒューマン,ファステスト・ワン,"￥7,500","￥7,500代",0,MD
1991-06-28,-,6,ACT,ナムコ,マーベルランド,"￥7,000","￥7,000代",0,MD
1991-06-28,-,3,SPT,セガ,レッスルウォー,"￥6,000","￥6,000代",0,MD
1991-07-06,-,6,SHT,マイクロネット,雷電伝説,"￥8,800","￥9,000代",0,MD
1991-07-12,-,3,SPT,ナムコ,球界道中記,"￥6,000","￥6,000代",0,MD
1991-07-19,-,3,ACT,トレコ,ストリートスマート,"￥6,800","￥7,000代",0,MD
1991-07-26,33,3,ACT,セガ,ソニック・ザ・ヘッジホッグ,"￥6,000","￥6,000代",23,MD
1991-07-26,-,3,SLG,東芝EMI,マスター・オブ・モンスターズ,"￥7,800","￥8,000代",0,MD
1991-08-02,-,3,ACT,セガ,ベア・ナックル怒りの鉄拳,"￥6,000","￥6,000代",0,MD
1991-08-02,-,6,SHT,テレネット,空牙,"￥8,400","￥8,500代",0,MD
1991-08-02,-,3,ACT,ウルフチーム,超闘竜烈伝ディノランド,"￥6,800","￥7,000代",0,MD
1991-08-06,-,3,RAC,ナムコ,メガトラックス,"￥6,000","￥6,000代",0,MD
1991-08-09,30,6,RAC,セガ,アウトラン,"￥7,000","￥7,000代",0,MD
1991-08-09,30,3,SLG,セガ,ポピュラス,"￥6,000","￥6,000代",0,MD
1991-08-30,-,3,ACT,セガ,ジュエルマスター,"￥6,000","￥6,000代",0,MD
1991-08-30,-,3,SPT,セガ,プロ野球スーパーリーグ'91,"￥6,800","￥7,000代",0,MD
1991-09-13,-,6,SHT,ＣＲＩ,ギャラクシーフォースII,"￥8,400","￥8,500代",0,MD
1991-09-20,-,6,ACT,ウルフチーム,エル・ヴィエント,"￥8,500","￥8,500代",0,MD
1991-09-20,-,6,RPG,セガ,レンタヒーロー,"￥8,700","￥8,500代",0,MD
1991-09-27,-,3,SHT,タイトー,マスターオブウエポン,"￥6,800","￥7,000代",0,MD
1991-09-27,-,6,SHT,セガ,戦場の狼II,"￥7,000","￥7,000代",0,MD
1991-09-30,-,6,SHT,ＵＰＬ,宇宙戦艦ゴモラ,"￥7,500","￥7,500代",0,MD
1991-10-10,-,3,ACT,テクノソフト,デビルクラッシュMD,"￥6,800","￥7,000代",0,MD
1991-10-11,-,3,ACT,セガ,ソード・オブ・ソダン,"￥6,000","￥6,000代",0,MD
1991-10-18,-,3,ACT,セガ,スパイダーマン,"￥6,000","￥6,000代",0,MD
1991-10-25,-,4,ACT,セガ,ワンダーボーイVモンスターワールドIII,"￥7,000","￥7,000代",0,MD
1991-10-25,-,3,ACT,タイトー,魔王連獅子,"￥6,800","￥7,000代",0,MD
1991-10-31,-,2,TAB,ホームデータ,将棋の星,"￥6,700","￥6,500代",0,MD
1991-11-01,-,3,PUZ,セガ,ブロックアウト,"￥6,000","￥6,000代",0,MD
1991-11-01,-,6,RPG,テレネット,ワンダラーズフロムイース,"￥8,700","￥8,500代",0,MD
1991-11-02,-,2,PUZ,ホームデータ,ドラゴンズアイプラス上海III,"￥5,800","￥6,000代",0,MD
1991-11-03,-,1,ETC,セガ,ゲーム図書館,"￥12,800","￥13,000代",0,MD
1991-11-04,-,0,SPT,セガ,パターゴルフ(ゲーム図書館),-,-,0,MD
1991-11-05,-,2,ACT,セガ,16t(ゲーム図書館),-,-,0,MD
1991-11-06,-,0,ACT,セガ,アウォーグ(ゲーム図書館),-,-,0,MD
1991-11-07,-,0,TAB,セガ,キスショット(ゲーム図書館),-,-,0,MD
1991-11-08,-,0,PUZ,セガ,コラムス(ゲーム図書館),-,-,0,MD
1991-11-09,-,2,PUZ,セガ,ソニックイレイザー(ゲーム図書館),-,-,0,MD
1991-11-10,-,0,ACT,セガ,テディボーイブルース(ゲーム図書館),-,-,0,MD
1991-11-11,-,2,PUZ,セガ,どきどきペンギンランド(ゲーム図書館),-,-,0,MD
1991-11-12,-,2,ACT,セガ,ハイパーマーブル(ゲーム図書館),-,-,0,MD
1991-11-13,-,0,SPT,セガ,パドルファイター(ゲーム図書館),-,-,0,MD
1991-11-14,-,2,PUZ,セガ,ピラミッドマジック(ゲーム図書館),-,-,0,MD
1991-11-15,-,3,ACT,タイトー,ルナーク,"￥6,800","￥7,000代",0,MD
1991-11-15,-,0,PUZ,セガ,ピラミッドマジックSpecia(ゲーム図書館),-,-,0,MD
1991-11-16,-,2,PUZ,セガ,ピラミッドマジックII(ゲーム図書館),-,-,0,MD
1991-11-17,-,2,PUZ,セガ,ピラミッドマジックIII(ゲーム図書館),-,-,0,MD
1991-11-18,-,2,ADV,セガ,ファンタシースターIIテキストアドベンチャーアーミアの冒険(ゲーム図書館),-,-,0,MD
1991-11-19,-,6,ACT,ナムコ,ローリングサンダー2,"￥7,000","￥7,000代",0,MD
1991-11-19,-,0,ADV,セガ,ファンタシースターIIテキストアドベンチャーアンナの冒険(ゲーム図書館),-,-,0,MD
1991-11-20,-,2,ADV,セガ,ファンタシースターIIテキストアドベンチャーカインズの冒険(ゲーム図書館),-,-,0,MD
1991-11-21,-,2,ADV,セガ,ファンタシースターIIテキストアドベンチャーシルカの冒険(ゲーム図書館),-,-,0,MD
1991-11-22,-,3,ACT,セガ,ファンタジアミッキーマウス・マジック,"￥4,800","￥5,000代",0,MD
1991-11-22,-,0,ADV,セガ,ファンタシースターIIテキストアドベンチャーネイの冒険(ゲーム図書館),-,-,0,MD
1991-11-23,-,2,ADV,セガ,ファンタシースターIIテキストアドベンチャーヒューイの冒険(ゲーム図書館),-,-,0,MD
1991-11-24,-,0,ADV,セガ,ファンタシースターIIテキストアドベンチャーユーシスの冒険(ゲーム図書館),-,-,0,MD
1991-11-25,-,0,ADV,セガ,ファンタシースターIIテキストアドベンチャールドガーの冒険(ゲーム図書館),-,-,0,MD
1991-11-26,-,1,ACT,セガ,フリッキー(ゲーム図書館),-,-,0,MD
1991-11-27,-,2,PUZ,セガ,メガマインド(ゲーム図書館),-,-,0,MD
1991-11-28,-,0,TAB,セガ,メダルシティ(ゲーム図書館),-,-,0,MD
1991-11-29,-,6,ACT,テレネット,ビースト・ウォリアーズ,"￥8,400","￥8,500代",0,MD
1991-11-29,-,6,SLG,アスミック,乱世の覇者,"￥9,800","￥10,000代",0,MD
1991-11-29,-,0,TAB,セガ,リドルワイアード(ゲーム図書館),-,-,0,MD
1991-11-30,-,0,ACT,セガ,ロボットバトラー(ゲーム図書館),-,-,0,MD
1991-12-01,-,1,RPG,セガ,死の迷宮(ゲーム図書館),-,-,0,MD
1991-12-05,-,6,SLG,セガ,忍者武雷伝説,"￥8,700","￥8,500代",0,MD
1991-12-06,-,6,RPG,テレネット,エグザイル時の狭間へ,"￥8,900","￥9,000代",0,MD
1991-12-06,-,3,ACT,トレコ,ファイティングマスターズ,"￥6,800","￥7,000代",6,MD
1991-12-13,-,6,SLG,セガ,太平記,"￥8,700","￥8,500代",0,MD
1991-12-20,-,3,RAC,日本物産,F1サーカスMD,"￥7,500","￥7,500代",0,MD
1991-12-20,-,3,ACT,セガ,アイラブドナルドダックグルジア王の秘宝,"￥4,800","￥5,000代",0,MD
1991-12-20,-,6,SHT,PALSOFT,アンデッドライン,"￥8,800","￥9,000代",0,MD
1991-12-20,-,6,ACT,ＩＧＳ,ダーナ女神誕生,"￥8,900","￥9,000代",0,MD
1991-12-20,-,6,SHT,トレコ,タスクフォースハリアーEX,"￥8,500","￥8,500代",0,MD
1991-12-20,-,3,ACT,PALSOFT,ダブルドラゴンII,"￥8,800","￥9,000代",0,MD
1991-12-20,-,6,SLG,光栄,信長の野望武将風雲録,"￥11,800","￥12,000代",0,MD
1991-12-20,-,6,RAC,バリエ,中島悟監修F-1GRANDPRIX,"￥7,800","￥8,000代",0,MD
1991-12-26,-,6,SLG,光栄,三國志II,"￥14,800","￥15,000代",0,MD
1991-12-27,-,3,ACT,セガ,ゴールデンアックスII,"￥6,000","￥6,000代",0,MD
1991-12-27,-,6,ACT,テレネット,夢幻戦士ヴァリス,"￥8,400","￥8,500代",0,MD
1992-01-14,-,6,SHT,サンソフト,スーパーファンタジーゾーン,"￥6,800","￥7,000代",0,MD
1992-01-14,-,3,TAB,ナムコ,ちびまる子ちゃんわくわくショッピング,"￥6,000","￥6,000代",0,MD
1992-01-24,-,6,SPT,セガ,ジョー・モンタナIIスポーツトークフットボール,"￥6,800","￥7,000代",0,MD
1992-01-31,-,3,ACT,セガ,JuJu伝説,"￥6,000","￥6,000代",0,MD
1992-01-31,-,2,SPT,シムス,テクモワールドカップ'92,"￥6,200","￥6,000代",0,MD
1992-01-31,-,3,ACT,カネコ,ワニワニWorld,"￥6,600","￥6,500代",0,MD
1992-02-07,-,6,RPG,メサイヤ,ソーサルキングダム,"￥8,800","￥9,000代",0,MD
1992-02-14,-,3,ACT,テレネット,SDヴァリス,"￥6,800","￥7,000代",0,MD
1992-02-14,-,6,RPG,テレネット,港のトレイジア,"￥8,900","￥9,000代",0,MD
1992-02-28,-,6,ACT,データイースト,クルードバスター,"￥7,800","￥8,000代",0,MD
1992-02-28,-,3,RAC,テンゲン,ロードブラスターズ,"￥6,800","￥7,000代",0,MD
1992-03-06,-,3,SHT,ビック東海,バトルマニア,"￥6,800","￥7,000代",0,MD
1992-03-13,-,6,ACT,セガ,トージャム＆アール,"￥6,800","￥7,000代",0,MD
1992-03-13,-,6,SHT,ホット・ビィ,鋼鉄帝国,"￥7,800","￥8,000代",0,MD
1992-03-20,-,0,ETC,セガ,バックアップRAMカートリッジ,"￥6,300","￥6,500代",0,MD
1992-03-20,-,8,SLG,セガ,シャイニング・フォース神々の遺産,"￥8,700","￥8,500代",24,MD
1992-03-27,-,1,TAB,セガ,アートアライブ,"￥3,800","￥4,000代",0,MD
1992-03-27,-,3,SPT,ヒューマン,サンダープロレスリング列伝,"￥7,400","￥7,500代",0,MD
1992-03-27,-,6,ACT,ビクター音産,シャドー･オブ･ザ･ビースト魔性の掟,"￥8,800","￥9,000代",0,MD
1992-03-27,-,3,ACT,ＭＣＷ,ストームロード,"￥6,800","￥7,000代",0,MD
1992-03-27,-,3,RAC,セガ,ターボアウトラン,"￥6,000","￥6,000代",0,MD
1992-03-27,-,6,ACT,テンゲン,ピットファイター,"￥7,800","￥8,000代",0,MD
1992-04-10,-,3,SLG,セガ,A列車で行こうMD,"￥6,800","￥7,000代",0,MD
1992-04-24,-,6,ACT,ゲームアーツ,アリシアドラグーン,"￥7,800","￥8,000代",0,MD
1992-04-24,-,3,TAB,ホット・ビィ,バッドオーメン,"￥6,800","￥7,000代",0,MD
1992-04-24,-,3,ACT,セガ,まじかる☆タルるートくん,"￥3,880","￥4,000代",9,MD
1992-04-29,-,6,SLG,光栄,大航海時代,"￥11,800","￥12,000代",0,MD
1992-04-30,30,3,ACT,ＭＣＷ,スライムワールド,"￥6,800","￥7,000代",0,MD
1992-05-15,-,6,RAC,バリエ,中島悟監修F1HEROMD,"￥7,800","￥8,000代",0,MD
1992-05-28,-,6,SLG,マイクロネット,シーザーの野望II,"￥8,800","￥9,000代",0,MD
1992-05-29,-,6,ACT,セガ,カメレオンキッド,"￥6,800","￥7,000代",0,MD
1992-06-12,-,3,SPT,テレネット,グランドスラム,"￥6,800","￥7,000代",0,MD
1992-06-19,-,6,SPT,ソフトビジョン,TOPPROGOLF,"￥8,500","￥8,500代",0,MD
1992-06-19,30,3,SPT,ＣＲＩ,スピードボール2,"￥6,800","￥7,000代",0,MD
1992-06-25,-,6,SLG,光栄,ロイヤルブラッド,"￥9,800","￥10,000代",0,MD
1992-06-26,-,3,ACT,テンゲン,ペーパーボーイ,"￥6,800","￥7,000代",0,MD
1992-06-26,-,6,RPG,セガ,闘技王キングコロッサス,"￥5,800","￥6,000代",0,MD
1992-07-10,-,3,SPT,セガ,デビッド・ロビンソンバスケットボール,"￥4,800","￥5,000代",0,MD
1992-07-10,-,3,SPT,セガ,炎の闘球児ドッジ弾平,"￥3,800","￥4,000代",0,MD
1992-07-17,-,6,RAC,セガ,アイルトン・セナスーパーモナコGPII,"￥7,800","￥8,000代",11,MD
1992-07-17,-,6,SHT,メサイヤ,グレイランサー,"￥8,300","￥8,500代",0,MD
1992-07-24,-,3,SPT,セガ,オリンピックゴールド,"￥4,800","￥5,000代",0,MD
1992-07-24,-,6,SHT,テクノソフト,サンダーフォースIV,"￥8,800","￥9,000代",5,MD
1992-07-24,-,6,SLG,ＣＲＩ,ダイナブラザーズ,"￥8,800","￥9,000代",0,MD
1992-07-24,-,6,SHT,ＷＡＳ,ツインクルテール,"￥7,800","￥8,000代",0,MD
1992-08-04,-,6,ACT,ナムコ,スプラッターハウスPART2,"￥5,800","￥6,000代",0,MD
1992-08-07,-,3,TAB,セガ,ひょっこりひょうたん島大統領をめざせ,"￥4,800","￥5,000代",0,MD
1992-08-07,-,6,SLG,セガ,修羅の門,"￥6,000","￥6,000代",0,MD
1992-08-07,-,3,SPT,PALSOFT,熱血高校ドッジボール部サッカー編MD,"￥8,800","￥9,000代",0,MD
1992-09-24,-,6,SLG,光栄,提督の決断,"￥14,800","￥15,000代",0,MD
1992-09-26,-,3,SLG,ホット・ビィ,キングサーモン,"￥6,800","￥7,000代",0,MD
1992-10-16,-,6,ACT,データイースト,チェルノブ,"￥7,800","￥8,000代",0,MD
1992-10-16,-,6,ACT,セガ,チキチキボーイズ,"￥6,000","￥6,000代",0,MD
1992-10-23,-,6,SLG,メサイヤ,ヴィクセン357,"￥8,800","￥9,000代",0,MD
1992-10-23,-,3,RAC,タイトー,スーパーH.Q.,"￥6,800","￥7,000代",0,MD
1992-10-23,-,3,ADV,マーバ,機動警察パトレイバー98式起動せよ!,"￥7,800","￥8,000代",0,MD
1992-10-30,-,6,SHT,セガ,クライング亜生命戦争,"￥6,800","￥7,000代",0,MD
1992-10-30,-,3,SPT,セガ,ホリフィールドボクシング,"￥7,800","￥8,000代",0,MD
1992-10-30,33,9,RPG,セガ,ランドストーカー皇帝の財宝,"￥8,700","￥8,500代",15,MD
1992-11-01,-,6,SLG,光栄,エアーマネジメント大空に賭ける,"￥11,800","￥12,000代",0,MD
1992-11-08,-,8,SLG,光栄,三國志III,"￥14,800","￥15,000代",0,MD
1992-11-20,-,3,SPT,ＥＡＶ,プロフットボール,"￥6,800","￥7,000代",0,MD
1992-11-20,-,3,SPT,ＥＡＶ,プロホッケー,"￥6,800","￥7,000代",0,MD
1992-11-20,-,6,PUZ,サンソフト,レミングス,"￥7,800","￥8,000代",0,MD
1992-11-20,-,6,RAC,ＥＡＶ,ロードラッシュ,"￥7,800","￥8,000代",0,MD
1992-11-21,30,6,ACT,セガ,ソニック・ザ・ヘッジホッグ2,"￥6,800","￥7,000代",19,MD
1992-12-11,-,6,TAB,データイースト,サイドポケット,"￥7,800","￥8,000代",0,MD
1992-12-11,-,6,ACT,カネコ,パワーアスリート,"￥8,500","￥8,500代",0,MD
1992-12-11,-,3,SLG,テンゲン,ランパート,"￥6,800","￥7,000代",0,MD
1992-12-11,-,6,RAC,バリエ,中島悟監修F-1スーパーライセンス,"￥9,000","￥9,000代",0,MD
1992-12-18,-,6,SPT,テンゲン,R.B.I.4.ベースボール,"￥7,800","￥8,000代",0,MD
1992-12-18,36,6,ACT,セガ,アイラブミッキー＆ドナルドふしぎなマジックボックス,"￥6,800","￥7,000代",0,MD
1992-12-18,-,6,TAB,Ｓ・Ｉ,パチンコクーニャン,"￥8,500","￥8,500代",0,MD
1992-12-18,-,3,PUZ,セガ,ぷよぷよ,"￥4,800","￥5,000代",52,MD
1992-12-22,-,6,ACT,コナミ,T.M.N.T.リターンオブザシュレッダー,"￥6,800","￥7,000代",0,MD
1992-12-25,-,6,ACT,セガ,タズマニア,"￥6,800","￥7,000代",0,MD
1992-12-26,-,6,SPT,ＥＡＶ,ドリームチームUSA,"￥7,800","￥8,000代",0,MD
1993-01-14,-,9,ACT,セガ,ベア・ナックルII死闘への鎮魂歌,"￥7,800","￥8,000代",10,MD
1993-01-16,-,6,SLG,光栄,ヨーロッパ戦線,"￥12,800","￥13,000代",0,MD
1993-01-29,-,6,SPT,ＭＣＷ,ザ・キックボクシング,"￥8,500","￥8,500代",0,MD
1993-02-12,-,6,SHT,ＥＡＶ,F22インターセプター,"￥8,900","￥9,000代",0,MD
1993-02-19,-,6,ACT,セガ,バットマン・リターンズ,"￥6,800","￥7,000代",0,MD
1993-02-19,-,6,ACT,ＥＡＶ,邪神ドラクソス,"￥8,900","￥9,000代",0,MD
1993-02-26,-,6,SHT,セガ,G-LOC,"￥6,800","￥7,000代",0,MD
1993-02-26,-,3,SPT,小学館プロ／ゲームアーツ,Jリーグチャンピオンサッカー,"￥6,800","￥7,000代",0,MD
1993-02-26,-,6,ACT,セガ,マジンサーガ,"￥6,800","￥7,000代",0,MD
1993-03-19,-,9,ACT,ナムコ,スプラッターハウスPART3,"￥6,800","￥7,000代",0,MD
1993-03-25,-,7,SLG,光栄,蒼き狼と白き牝鹿元朝秘史,"￥11,800","￥12,000代",0,MD
1993-03-26,-,6,ACT,ＰＣＭ,GODS,"￥8,800","￥9,000代",0,MD
1993-03-26,-,6,RAC,シムス,OutRun2019,"￥8,800","￥9,000代",0,MD
1993-03-26,-,3,ACT,セガ,ドラえもん夢どろぼうと7人のゴザンス,"￥6,800","￥7,000代",0,MD
1993-03-26,-,3,ACT,セガ,バトルトード,"￥6,800","￥7,000代",0,MD
1993-04-02,-,6,SPT,ＥＡＶ,NBAプロバスケットボールブルズVSレイカーズ,"￥8,900","￥9,000代",0,MD
1993-04-09,-,3,ACT,マーバ,ウルトラマン,"￥5,800","￥6,000代",0,MD
1993-04-16,-,6,SPT,ＥＡＶ,PGAツアーゴルフII,"￥9,800","￥10,000代",0,MD
1993-04-23,-,6,SHT,ＥＡＶ,デザートストライク湾岸作戦,"￥8,900","￥9,000代",0,MD
1993-04-23,-,2,SPT,ナムコ,ボールジャックス,"￥6,000","￥6,000代",0,MD
1993-04-23,-,6,SLG,ＣＲＩ,メガロマニア,"￥8,800","￥9,000代",0,MD
1993-04-23,-,8,ACT,セガ,餓狼伝説宿命の戦い,"￥8,800","￥9,000代",9,MD
1993-04-29,-,3,ACT,ＥＡＶ,ゾウ!ゾウ!ゾウ!レスキュー大作戦,"￥8,900","￥9,000代",0,MD
1993-05-14,-,3,ACT,テンゲン,007・死闘,"￥6,800","￥7,000代",0,MD
1993-05-28,-,6,SHT,セガ,エクスランザー,"￥7,800","￥8,000代",0,MD
1993-05-28,-,6,ACT,テンゲン,スノーブラザーズ,"￥7,800","￥8,000代",0,MD
1993-05-28,-,7,SLG,光栄,太閤立志伝,"￥11,800","￥12,000代",0,MD
1993-06-04,-,6,SHT,ＥＡＶ,LHXアタックチョッパー,"￥6,800","￥7,000代",0,MD
1993-06-09,-,3,ACT,ＥＡＶ,ジェームスポンドIIコードネーム・ロボコッド,"￥6,900","￥7,000代",0,MD
1993-06-11,-,6,SHT,テンゲン,スラップファイト,"￥7,800","￥8,000代",0,MD
1993-06-18,-,6,SPT,セガ,Jリーグプロストライカー,"￥8,800","￥9,000代",8,MD
1993-06-18,-,6,SLG,ＥＡＶ,パワーモンガー,"￥8,900","￥9,000代",0,MD
1993-06-25,-,6,SPT,Ｓ・Ｉ,TOPPROGOLF2,"￥8,500","￥8,500代",0,MD
1993-06-25,-,6,SHT,Ｓ・Ｉ,エリミネートダウン,"￥8,500","￥8,500代",0,MD
1993-06-25,-,6,ACT,セガ,ゴールデンアックスIII,"￥6,800","￥7,000代",0,MD
1993-06-25,-,3,SHT,テンゲン,スティールタロンズ,"￥6,800","￥7,000代",0,MD
1993-07-23,-,6,ACT,セガ,ザ・スーパー忍II,"￥6,800","￥7,000代",0,MD
1993-07-23,-,6,RAC,ＥＡＶ,ロードラッシュII,"￥8,900","￥9,000代",0,MD
1993-07-30,-,6,SPT,ＥＡＶ,NBAプレイオフブルズVSブレイザーズ,"￥8,900","￥9,000代",0,MD
1993-07-30,31,6,ACT,セガ,エコー・ザ・ドルフィン,"￥6,800","￥7,000代",7,MD
1993-07-30,-,7,SLG,講談社総研,騎士伝説,"￥9,800","￥10,000代",0,MD
1993-08-06,-,6,ACT,コナミ,ロケットナイトアドベンチャーズ,"￥7,800","￥8,000代",0,MD
1993-08-10,-,9,ACT,ＥＡＶ,ウィザード・オブ・イモータル,"￥9,800","￥10,000代",0,MD
1993-08-13,-,3,ACT,テンゲン,マーブルマッドネス,"￥6,800","￥7,000代",0,MD
1993-08-20,-,6,ACT,ＥＡＶ,キリング・ゲームショー,"￥8,900","￥9,000代",0,MD
1993-08-27,-,9,ACT,セガ,ジュラシック・パーク,"￥6,800","￥7,000代",0,MD
1993-09-03,-,9,ACT,セガ,ああ播磨灘,"￥7,800","￥8,000代",0,MD
1993-09-10,-,6,ACT,セガ,ガンスターヒーローズ,"￥6,800","￥7,000代",9,MD
1993-09-10,-,6,SPT,ＥＡＶ,ミュータントリーグ・フットボール,"￥8,900","￥9,000代",0,MD
1993-09-15,-,3,SLG,光栄,信長の野望全国版,"￥8,800","￥9,000代",0,MD
1993-09-17,-,6,ACT,テンゲン,ガントレット,"￥7,800","￥8,000代",0,MD
1993-09-23,-,6,ACT,セガ,マクドナルドトレジャーランド・アドベンチャー,"￥6,800","￥7,000代",0,MD
1993-09-24,-,6,SPT,ＥＡＶ,ジョーダンVSバードONEonONE,"￥8,900","￥9,000代",0,MD
1993-09-28,30,12,ACT,カプコン,ストリートファイターIIダッシュプラス,"￥9,800","￥10,000代",19,MD
1993-10-01,-,9,SLG,セガ,シャイニング・フォースII古えの封印,"￥8,800","￥9,000代",22,MD
1993-10-15,-,3,PUZ,セガ,コラムスIII対決!コラムスワールド,"￥4,800","￥5,000代",0,MD
1993-10-29,-,8,SPT,セガ,ペブルビーチの波涛,"￥8,800","￥9,000代",0,MD
1993-11-05,-,6,TAB,セガ,パーティクイズMEGAQ,"￥6,800","￥7,000代",0,MD
1993-11-05,-,6,TAB,セガ,雀皇登竜門,"￥6,800","￥7,000代",0,MD
1993-11-12,35,9,ACT,セガ,アラジン,"￥7,800","￥8,000代",10,MD
1993-11-19,-,6,ACT,ＥＡＶ,スペースファンキーB.O.B.,"￥8,900","￥9,000代",0,MD
1993-11-19,-,3,ACT,タイトー,フリントストーン,"￥3,880","￥4,000代",0,MD
1993-11-26,-,6,SHT,テンゲン,MiG-29,"￥7,800","￥8,000代",0,MD
1993-11-26,-,6,ACT,セガ,キング・オブ・ザ・モンスターズ,"￥6,800","￥7,000代",0,MD
1993-11-26,-,6,SPT,テクモ,テクモスーパーボウル,"￥8,900","￥9,000代",0,MD
1993-12-03,-,9,ACT,コナミ,T.M.N.T.トーナメントファイターズ,"￥8,800","￥9,000代",0,MD
1993-12-03,-,9,SLG,ＣＲＩ,ダイナブラザース2,"￥8,800","￥9,000代",0,MD
1993-12-10,-,6,TAB,セガ,ソニックスピンボール,"￥6,800","￥7,000代",0,MD
1993-12-10,-,6,ACT,テンゲン,ドラゴンズリベンジ,"￥7,800","￥8,000代",0,MD
1993-12-10,-,9,SHT,コナミ,リーサルエンフォーサーズ,"￥9,800","￥10,000代",0,MD
1993-12-17,-,6,SPT,セガ,Jリーグプロストライカー完全版,"￥8,800","￥9,000代",7,MD
1993-12-17,-,9,SHT,ＥＡＶ,ジャングルストライク受け継がれた狂気,"￥8,900","￥9,000代",0,MD
1993-12-17,-,12,RPG,セガ,ファンタシースター千年紀の終りに,"￥8,800","￥9,000代",22,MD
1993-12-17,-,3,SPT,ビスコ,ブギウギ・ボーリング,"￥6,800","￥7,000代",0,MD
1993-12-17,-,3,SHT,ビクターＥ,メタルファング,"￥6,800","￥7,000代",0,MD
1993-12-17,-,8,SPT,T＆Eソフト,遥かなるオーガスタ,"￥8,800","￥9,000代",0,MD
1993-12-24,-,6,SHT,ビック東海,バトルマニア大吟醸,"￥7,800","￥8,000代",0,MD
1993-12-25,-,9,ACT,テンゲン,オーサムポッサム,"￥8,800","￥9,000代",0,MD
1993-12-26,-,3,ACT,ＥＡＶ,クルーボール,"￥6,800","￥7,000代",0,MD
1993-12-29,-,8,ACT,サンソフト,フラッシュバック,"￥8,000","￥8,000代",0,MD
1993-12-29,-,6,RPG,講談社総研,魔天の創滅,"￥8,900","￥9,000代",0,MD
1994-01-01,-,0,TAB,株式会社サンサン,サンサン,-,-,0,MD
1994-01-14,-,6,SLG,ＥＡＶ,ジェネラル・カオス大混戦,"￥8,900","￥9,000代",0,MD
1994-01-14,-,9,ACT,セガ,龍虎の拳,"￥8,800","￥9,000代",0,MD
1994-01-28,-,8,SPT,セガ,デビルズコース,"￥8,800","￥9,000代",0,MD
1994-01-28,-,9,ADV,セガ,幽☆遊☆白書外伝,"￥8,800","￥9,000代",0,MD
1994-02-04,-,9,SPT,セガ,NFLフットボール'94,"￥8,800","￥9,000代",0,MD
1994-02-11,-,9,SPT,セガ,ウィンターオリンピック,"￥7,800","￥8,000代",0,MD
1994-02-18,-,9,SPT,ＥＡＶ,NFLプロフットボール'94,"￥9,800","￥10,000代",0,MD
1994-02-18,-,6,SLG,光栄,エアーマネジメントII航空王をめざせ,"￥12,800","￥13,000代",0,MD
1994-02-18,-,12,ACT,セガ,エターナルチャンピオンズ,"￥7,800","￥8,000代",0,MD
1994-02-18,-,6,ACT,ヴァージン,クールスポット,"￥8,000","￥8,000代",0,MD
1994-02-25,-,6,SHT,アクレイム,T2ジ・アーケードゲーム,"￥8,800","￥9,000代",0,MD
1994-02-25,-,6,SPT,テンゲン,デビスカップ,"￥7,800","￥8,000代",0,MD
1994-02-25,-,8,SPT,セガ,ワイアラエの奇蹟,"￥8,800","￥9,000代",0,MD
1994-02-25,-,9,SLG,光栄,信長の野望覇王伝,"￥12,800","￥13,000代",0,MD
1994-03-04,-,9,SPT,ＥＡＶ,2020年スーパーベースボール,"￥9,800","￥10,000代",0,MD
1994-03-04,-,6,SPT,テクモ,テクモスーパーNBAバスケットボール,"￥8,900","￥9,000代",0,MD
1994-03-04,-,9,SPT,コナミ,ハイパーダンクザ・プレイオフエディション,"￥8,800","￥9,000代",0,MD
1994-03-11,-,9,ACT,マーバ,クレヨンしんちゃん嵐を呼ぶ園児,"￥8,800","￥9,000代",0,MD
1994-03-18,33,9,RAC,セガ,バーチャレーシング,"￥9,800","￥10,000代",19,MD
1994-03-18,-,6,ACT,コナミ,バンパイアキラー,"￥7,800","￥8,000代",0,MD
1994-03-18,-,12,ACT,セガ,ベアナックルIII,"￥7,800","￥8,000代",8,MD
1994-03-25,-,9,SPT,アクレイム,WWFロイヤルランブル,"￥8,900","￥9,000代",0,MD
1994-03-25,-,6,SHT,テンゲン,ヴイ・ファイヴ,"￥7,800","￥8,000代",0,MD
1994-03-25,-,6,ACT,ビック東海,タイムドミネーター,"￥7,800","￥8,000代",0,MD
1994-04-01,-,9,TAB,セガ,タントアール,"￥7,800","￥8,000代",0,MD
1994-04-01,-,9,ACT,バンダイ,ドラゴンボールZ武勇列伝,"￥8,800","￥9,000代",8,MD
1994-04-01,-,8,ACT,セガ,モンスターワールドIV,"￥8,800","￥9,000代",0,MD
1994-04-02,-,3,RPG,セガ,ファンタシースター復刻版,"￥4,800","￥5,000代",0,MD
1994-04-22,-,6,ACT,データイースト,キャプテンラング,"￥6,800","￥7,000代",0,MD
1994-04-29,-,9,SPT,アクレイム,NBAJAM,"￥8,800","￥9,000代",0,MD
1994-05-13,-,9,RAC,セガ,アウトランナーズ,"￥7,800","￥8,000代",0,MD
1994-05-20,-,6,SPT,セガ,ウィンブルドン,"￥6,800","￥7,000代",0,MD
1994-05-27,-,9,SLG,ＥＡＶ,F117ステルスオペレーション:ナイトストーム,"￥9,800","￥10,000代",0,MD
1994-05-27,-,9,SPT,セガ,グレイテストヘビーウェイツ,"￥7,800","￥8,000代",0,MD
1994-05-27,-,9,ACT,セガ,ソニック・ザ・ヘッジホッグ3,"￥5,800","￥6,000代",17,MD
1994-05-27,-,9,ACT,アクレイム,モータルコンバット,"￥7,800","￥8,000代",0,MD
1994-05-28,-,9,ACT,ヴァージン,ロボコップVSターミネーター,"￥8,900","￥9,000代",0,MD
1994-06-10,-,9,SPT,ＥＡＶ,FIFAインターナショナルサッカー,"￥9,800","￥10,000代",0,MD
1994-06-17,-,9,RPG,セガ,新創世紀ラグナセンティ,"￥8,000","￥8,000代",6,MD
1994-06-24,-,6,ACT,ヴァージン,チャックロックII,"￥8,000","￥8,000代",0,MD
1994-06-24,-,6,SPT,アクレイム,チャンピオンズワールドクラスサッカー,"￥7,800","￥8,000代",0,MD
1994-06-24,-,9,SLG,セガ,ロードモナーク・とことん戦闘伝説,"￥8,800","￥9,000代",0,MD
1994-06-24,-,12,ACT,タカラ,餓狼伝説2新たなる闘い,"￥9,800","￥10,000代",0,MD
1994-06-24,-,9,SLG,光栄,大航海時代II,"￥11,800","￥12,000代",0,MD
1994-06-25,31,15,ACT,カプコン,スーパーストリートファイターIITHENEWCHALLENGERS,"￥10,900","￥11,000代",12,MD
1994-07-01,-,9,SPT,ＥＡＶ,NBAプロバスケットボール'94,"￥9,800","￥10,000代",0,MD
1994-07-08,-,9,ACT,マーバ,美少女戦士セーラームーン,"￥8,800","￥9,000代",0,MD
1994-07-15,-,9,SPT,セガ,Jリーグプロストライカー2,"￥7,800","￥8,000代",0,MD
1994-07-22,-,9,SLG,セガ,ハイブリッド・フロント,"￥8,800","￥9,000代",0,MD
1994-07-22,-,9,ACT,セガ,パルスマン,"￥7,800","￥8,000代",0,MD
1994-08-05,-,9,ACT,セガ,ダイナマイトヘッディー,"￥6,800","￥7,000代",0,MD
1994-08-12,-,11,SHT,サンソフト,パノラマコットン,"￥9,500","￥9,500代",0,MD
1994-08-26,-,9,ACT,セガ,エコー・ザ・ドルフィン2,"￥6,800","￥7,000代",0,MD
1994-08-26,-,9,SLG,メサイヤ,ラングリッサー2,"￥9,800","￥10,000代",16,MD
1994-09-09,-,12,ACT,アクレイム,モータルコンバットII究極神拳,"￥8,800","￥9,000代",0,MD
1994-09-15,-,9,ACT,コナミ,魂斗羅ザ・ハードコア,"￥9,000","￥9,000代",0,MD
1994-09-16,-,9,RPG,セガ,ドラゴンスレイヤー英雄伝説,"￥8,800","￥9,000代",0,MD
1994-09-23,31,6,ACT,コナミ,スパークスターロケットナイトアドベンチャーズ2,"￥8,800","￥9,000代",0,MD
1994-09-30,-,12,ACT,セガ,幽☆遊☆白書魔強統一戦,"￥8,800","￥9,000代",8,MD
1994-10-21,-,9,ACT,カプコン,ロックマンメガワールド,"￥8,500","￥8,500代",0,MD
1994-10-28,30,9,ACT,セガ,ソニック＆ナックルズ,"￥7,800","￥8,000代",7,MD
1994-10-28,-,10,ACT,セガ,ソニック＆ナックルズ+その他,-,-,0,MD
1994-10-28,-,11,ACT,セガ,ソニック＆ナックルズ+ソニック1,-,-,0,MD
1994-10-28,-,13,ACT,セガ,ソニック＆ナックルズ+ソニック2,-,-,0,MD
1994-10-28,-,14,ACT,セガ,ソニック＆ナックルズ+ソニック3,-,-,0,MD
1994-11-18,-,12,ACT,アトラス,豪血寺一族,"￥9,800","￥10,000代",0,MD
1994-11-19,-,12,ACT,セガ,サムライスピリッツ,"￥8,800","￥9,000代",0,MD
1994-12-02,-,9,PUZ,コンパイル,ぷよぷよ通,"￥6,800","￥7,000代",12,MD
1994-12-03,30,9,SHT,セガ,DOOM,"￥7,800","￥8,000代",0,32X
1994-12-03,-,12,SHT,セガ,スターウォーズ・アーケード,"￥8,800","￥9,000代",0,32X
1994-12-03,-,9,SHT,セガ,スペースハリアー,"￥4,980","￥5,000代",0,32X
1994-12-09,-,12,RPG,セガ,ストーリー・オブ・トア光を継ぐ者,"￥8,800","￥9,000代",0,MD
1994-12-09,-,12,ACT,ヴァージン,ライオンキング,"￥7,800","￥8,000代",0,MD
1994-12-16,-,6,ACT,アルトロン,トムとジェリー,"￥8,800","￥9,000代",0,MD
1994-12-16,-,9,RAC,アクレイム,ナイジェルマンセル・インディカー,"￥7,800","￥8,000代",0,MD
1994-12-16,-,12,RAC,セガ,バーチャレーシングデラックス,"￥8,800","￥9,000代",0,32X
1994-12-16,-,9,ACT,カプコン,ミッキーとミニーマジカルアドベンチャー2,"￥7,800","￥8,000代",0,MD
1994-12-20,-,9,SPT,テクモ,テクモスーパーボウル2スペシャルエディション,"￥9,980","￥10,000代",0,MD
1995-01-13,-,9,SHT,セガ,アフターバーナー・コンプリート,"￥4,980","￥5,000代",0,32X
1995-01-13,31,9,TAB,セガ,イチダントアール,"￥6,800","￥7,000代",0,MD
1995-01-20,-,9,RPG,セガ,ドラゴンスレイヤー英雄伝説II,"￥8,800","￥9,000代",0,MD
1995-01-27,-,12,ACT,セガ,サイバーブロール,"￥7,800","￥8,000代",0,32X
1995-02-17,-,9,ACT,セガ,リスター・ザ・シューティングスター,"￥6,800","￥7,000代",0,MD
1995-02-24,-,12,SPT,セガ,GOLFMAGAZINEPRESENTS36GREATHOLESSTARRINGFREDCOUPLES,"￥8,800","￥9,000代",0,32X
1995-02-24,-,12,SPT,アクレイム,NBAJAMトーナメントエディション,"￥8,800","￥9,000代",0,MD
1995-02-24,-,12,SPT,アクレイム,NFLクォーターバッククラブ'95,"￥8,800","￥9,000代",0,MD
1995-02-24,-,9,ACT,セガ,エイリアンソルジャー,"￥6,800","￥7,000代",0,MD
1995-02-24,-,12,ACT,セガ,メタルヘッド,"￥7,800","￥8,000代",0,32X
1995-03-17,-,9,RPG,セガ,サージングオーラ,"￥8,800","￥9,000代",0,MD
1995-03-24,-,12,ACT,セガ,TEMPO,"￥7,800","￥8,000代",0,32X
1995-03-31,30,9,ACT,セガ,ミッキーマニア,"￥7,800","￥8,000代",0,MD
1995-04-21,-,12,ACT,セガ,カオティクス,"￥7,800","￥8,000代",0,32X
1995-04-26,-,9,SHT,セガ,ステラアサルト,"￥7,800","￥8,000代",0,32X
1995-04-28,-,9,SPT,バンダイ,テレビアニメ・スラムダンク強豪真っ向対決!,"￥8,800","￥9,000代",0,MD
1995-04-28,-,9,ACT,アクレイム,トゥルーライズ,"￥7,800","￥8,000代",0,MD
1995-05-19,-,14,ACT,アクレイム,モータルコンバットII究極神拳,"￥9,800","￥10,000代",0,32X
1995-05-26,-,9,ACT,アクレイム,マキシマムカーネイジ,"￥7,800","￥8,000代",0,MD
1995-05-26,-,9,ACT,セガ,ライトクルセイダー,"￥7,800","￥8,000代",0,MD
1995-07-14,-,12,SPT,アクレイム,NFLクォーターバッククラブ'95,"￥8,800","￥9,000代",0,32X
1995-07-14,-,9,SHT,セガ,パラスコード,"￥7,800","￥8,000代",0,32X
1995-07-21,-,9,SPT,セガ,超球界ミラクルナイン,"￥7,800","￥8,000代",0,MD
1995-07-28,-,14,SLG,光栄,三國志IV,"￥14,800","￥15,000代",0,32X
1995-08-04,-,9,SPT,セガ,プロストライカーファイナルステージ,"￥7,800","￥8,000代",0,MD
1995-09-01,-,14,SPT,アクレイム,NBAジャム・トーナメントエディション,"￥9,800","￥10,000代",0,32X
1995-09-01,-,14,SPT,アクレイム,WWFRAW,"￥9,800","￥10,000代",0,32X
1995-09-01,30,9,ACT,セガ,コミックスゾーン,"￥7,800","￥8,000代",0,MD
1995-09-01,-,12,ACT,アクレイム,ジャスティスリーグ,"￥8,800","￥9,000代",0,MD
1995-09-01,-,9,ACT,アクレイム,ジャッジ・ドレッド,"￥7,800","￥8,000代",0,MD
1995-09-22,-,6,ACT,セガ,ジ・ウーズ,"￥5,800","￥6,000代",0,MD
1995-10-20,30,14,ACT,セガ,バーチャファイター,"￥7,800","￥8,000代",0,32X
1995-10-27,-,12,ACT,アクレイム,バットマンフォーエヴァー,"￥8,800","￥9,000代",0,MD
1995-10-27,-,12,SPT,アクレイム,フォアマンフォーリアル,"￥8,800","￥9,000代",0,MD
1995-12-22,-,6,ACT,セガ,ぺぺんがPENGO,"￥4,980","￥5,000代",0,MD
1995-12-31,-,12,SPT,アクレイム,WWFRAW,"￥8,800","￥9,000代",0,MD
1995-12-31,-,9,ACT,アクレイム,バーチャルバート,"￥8,800","￥9,000代",0,MD
1996-03-22,-,9,RPG,コンパイル,魔導物語I,"￥7,800","￥8,000代",0,MD
1991-12-12,-,16,-,ウルフチーム,ソル・フィース💿,-,-,0,💿メガCD
1991-12-12,-,16,-,マイクロネット,ヘビーノバ💿,-,-,0,💿メガCD
1991-12-14,-,16,-,シュールド・ウェーブ,ノスタルジア1907💿,-,-,0,💿メガCD
1991-12-20,-,16,-,ウルフチーム,アーネスト・エバンス💿,-,-,0,💿メガCD
1991-12-20,-,16,-,セガ,惑星ウッドストックファンキーホラーバンド💿,-,-,0,💿メガCD
1991-12-28,-,16,-,ゲームアーツ,天下布武英雄たちの咆哮💿,-,-,0,💿メガCD
1992-02-18,-,16,-,ウルフチーム,精霊神世紀フェイエリア💿,-,-,0,💿メガCD
1992-03-27,-,16,-,日本テレネット,コズミックファンタジーストーリーズ💿,-,-,0,💿メガCD
1992-04-17,-,16,-,日本テレネット,デスブリンガー秘められた紋章💿,-,-,0,💿メガCD
1992-05-29,-,16,-,ウルフチーム,アイルロード💿,-,-,0,💿メガCD
1992-05-29,-,16,-,セガ,クイズスクランブルスペシャル💿,-,-,0,💿メガCD
1992-06-19,-,16,-,日本テレネット,魔法の少女シルキーリップ💿,-,-,0,💿メガCD
1992-06-26,-,16,-,ゲームアーツ,ルナザ・シルバースター💿,-,-,11,💿メガCD
1992-07-31,-,16,-,ホット・ビィ,デトネイター・オーガン💿,-,-,0,💿メガCD
1992-08-07,-,16,-,ビクター,プリンス・オブ・ペルシャ💿,-,-,0,💿メガCD
1992-08-28,-,16,-,ウルフチーム,サンダーストームFX💿,-,-,0,💿メガCD
1992-09-11,-,16,-,セガ,ブライ八玉の勇士伝説💿,-,-,0,💿メガCD
1992-09-25,30,16,ADV,セガ,ライズ・オブ・ザ・ドラゴン💿,"￥7,140","￥7,000代",0,💿メガCD
1992-09-25,-,16,-,ビクター,ワンダードッグ💿,-,-,0,💿メガCD
1992-10-23,-,16,-,マイクロネット,ブラックホールアサルト💿,-,-,0,💿メガCD
1992-10-30,-,16,-,セガ,プロ野球スーパーリーグCD💿,-,-,0,💿メガCD
1992-11-13,-,16,-,ウルフチーム,タイムギャル💿,-,-,0,💿メガCD
1992-11-27,-,16,-,コンパイル,電忍アレスタ💿,-,-,0,💿メガCD
1992-12-18,-,16,-,セガ,アフターバーナー3💿,-,-,0,💿メガCD
1992-12-18,32,16,RAC,ウルフチーム,ロードブラスターFX💿,"￥8,190","￥8,000代",0,💿メガCD
1992-12-18,30,16,TAB,ゲームアーツ,ぎゅわんぶらあ自己中心派2激闘!東京マージャンランド編💿,"￥8,190","￥8,000代",6,💿メガCD
1992-12-25,-,16,-,ウルフチーム,天舞メガCDスペシャル💿,-,-,0,💿メガCD
1992-12-25,-,16,-,シムス,カプコンのクイズ殿様の野望💿,-,-,0,💿メガCD
1992-01-04,-,16,-,ビクター,ワンダーメガコレクション💿,-,-,0,💿メガCD
1992-07-26,-,16,-,BMGビクター,SING!!セガゲームミュージックPresentedbyB.B.クィーンズ💿,-,-,0,💿メガCD
1993-01-03,-,16,-,データウエスト,サイキック・ディテクティブ・シリーズVol.3AYA💿,-,-,0,💿メガCD
1993-01-29,-,16,-,ゲームアーツ,ゆみみみっくす💿,-,-,0,💿メガCD
1993-03-12,-,16,-,セガ,シムアース💿,-,-,0,💿メガCD
1993-03-12,-,16,-,タイトー,ニンジャウォーリアーズ💿,-,-,0,💿メガCD
1993-03-19,-,16,-,ビクター,ウルフチャイルド💿,-,-,0,💿メガCD
1993-03-26,-,16,-,ビクター,ジャガーXJ220💿,-,-,0,💿メガCD
1993-03-30,-,16,-,ウルフチーム,アネット再び💿,-,-,0,💿メガCD
1993-04-02,-,16,-,セガ,ファイナルファイトCD💿,-,-,0,💿メガCD
1993-04-23,-,16,-,コーエー,三國志3💿,-,-,0,💿メガCD
1993-04-23,-,16,-,セガ,セガクラシックアーケードコレクション💿,-,-,0,💿メガCD
1993-04-23,30,16,ADV,セガ,スイッチ💿,"￥9,240","￥9,000代",0,💿メガCD
1993-04-23,-,16,-,メサイヤ,らんま1/2白蘭愛歌💿,-,-,0,💿メガCD
1993-05-28,-,16,-,ウルフチーム,デバステイター💿,-,-,0,💿メガCD
1993-05-28,-,16,-,タイトー,ナイトストライカー💿,-,-,0,💿メガCD
1993-05-28,-,16,-,マイクロキャビン,幻影都市ILLUSIONCITY💿,-,-,0,💿メガCD
1993-06-25,-,16,-,セガ,メガシュヴァルツシルト💿,-,-,0,💿メガCD
1993-06-25,-,16,-,日本テレネット,Aランクサンダー誕生編💿,-,-,0,💿メガCD
1993-07-16,-,16,-,セガ,ダイナミックカントリークラブ💿,-,-,0,💿メガCD
1993-07-23,-,16,-,ウルフチーム,アークス1・2・3💿,-,-,0,💿メガCD
1993-07-23,-,16,-,セガ,聖魔伝説サザンアイズ💿,-,-,8,💿メガCD
1993-07-30,31,16,SHT,ゲームアーツ,シルフィード💿,"￥9,240","￥9,000代",15,💿メガCD
1993-07-30,-,16,-,ヒューマン,バリ・アーム💿,-,-,0,💿メガCD
1993-07-30,-,16,-,日本テレネット,サイボーグ009💿,-,-,0,💿メガCD
1993-08-06,-,16,-,セガ,江川卓のスーパーリーグCD💿,-,-,0,💿メガCD
1993-08-06,-,16,-,ビクター,慶応遊撃隊💿,-,-,0,💿メガCD
1993-08-27,-,16,-,ビクター,雀豪ワールドカップ💿,-,-,0,💿メガCD
1993-09-17,-,16,-,コーエー,ウイニングポスト💿,-,-,0,💿メガCD
1993-09-17,-,16,-,セガ,笑ゥせぇるすまん💿,-,-,0,💿メガCD
1993-09-17,-,16,-,ビクター,サンダーホーク💿,-,-,0,💿メガCD
1993-09-23,32,16,ACT,セガ,ソニック・ザ・ヘッジホッグCD💿,"￥9,240","￥9,000代",0,💿メガCD
1993-09-23,-,16,-,ビクター,モンキー・アイランドユーレイ海賊大騒動!💿,-,-,0,💿メガCD
1993-09-24,-,16,-,コーエー,蒼き狼と白き牝鹿元朝秘史💿,-,-,0,💿メガCD
1993-10-22,-,16,-,シムス,ヴァイ流星の鎧💿,-,-,0,💿メガCD
1993-10-29,-,16,-,コナミ,リーサルエンフォーサーズ💿,-,-,0,💿メガCD
1993-11-12,-,16,-,セガ,ダークウィザード蘇りし闇の魔導士💿,-,-,0,💿メガCD
1993-11-19,-,16,-,セガ,アルスラーン戦記💿,-,-,0,💿メガCD
1993-11-19,33,16,ADV,セガ,ナイトトラップ💿,"￥9,240","￥9,000代",9,💿メガCD
1993-11-26,-,16,-,サンドストーム,アルシャーク💿,-,-,0,💿メガCD
1993-11-26,-,16,-,CSK総合研究所,マイト・アンド・マジック3💿,-,-,0,💿メガCD
1993-11-26,-,16,-,マイクロネット,ザ・サードワールドウォー💿,-,-,0,💿メガCD
1993-12-10,32,16,ADV,セガ,夢見館の物語💿,"￥8,190","￥8,000代",7,💿メガCD
1993-12-10,-,16,-,データウエスト,サイキック・ディテクティブ・シリーズVol.4オルゴール💿,-,-,0,💿メガCD
1993-12-28,-,16,-,サミー,戦国伝承💿,-,-,0,💿メガCD
1994-01-28,-,16,-,セガ,いしいひさいちの大政界💿,-,-,0,💿メガCD
1994-02-25,-,16,-,シムス,真・女神転生💿,-,-,0,💿メガCD
1994-02-25,-,16,-,ビクター,マイクロコズム💿,-,-,0,💿メガCD
1994-03-18,-,16,-,セガ,ゲームのかんづめVOL.1💿,-,-,0,💿メガCD
1994-03-18,-,16,-,セガ,ゲームのかんづめVOL.2💿,-,-,0,💿メガCD
1994-03-18,-,16,-,日本物産,F1サーカスCD💿,-,-,0,💿メガCD
1994-03-18,-,16,-,ビクター,ハイムドール💿,-,-,0,💿メガCD
1994-03-25,-,16,-,コーエー,信長の野望覇王伝💿,-,-,0,💿メガCD
1994-03-25,-,16,-,セガ,AX-101💿,-,-,0,💿メガCD
1994-03-25,-,16,-,セガ,ウイングコマンダー💿,-,-,0,💿メガCD
1994-03-25,-,16,-,ビクター,ダンジョン・マスター2スカルキープ💿,-,-,0,💿メガCD
1994-04-01,-,16,-,セガ,ぽっぷるメイル💿,-,-,0,💿メガCD
1994-04-15,-,16,-,ゲームアーツ,うる星やつらディアマイフレンズ💿,-,-,0,💿メガCD
1994-04-15,-,16,-,マイクロネット,バトルファンタジー💿,-,-,0,💿メガCD
1994-04-22,-,16,-,ソニー,爆伝アンバランスゾーン💿,-,-,0,💿メガCD
1994-04-22,-,16,-,ポニーキャニオン,アイ・オブ・ザ・ビホルダー💿,-,-,0,💿メガCD
1994-04-23,-,16,-,セガ,ヘブンリーシンフォニー💿,-,-,6,💿メガCD
1994-05-13,-,16,-,東映ビデオ,仮面ライダーZO💿,-,-,0,💿メガCD
1994-05-20,-,16,-,セガ,ロードス島戦記英雄戦争💿,-,-,7,💿メガCD
1994-06-03,-,16,-,アクレイムジャパン,モータルコンバット完全版💿,-,-,0,💿メガCD
1994-06-03,-,16,-,セガ,ドラゴンズレア💿,-,-,0,💿メガCD
1994-06-24,-,16,-,アクレイムジャパン,WWFマニア・ツアー💿,-,-,0,💿メガCD
1994-07-22,-,16,-,セガ,シャイニング・フォースCD💿,-,-,13,💿メガCD
1994-07-29,-,16,-,ビクター,シャドー・オブ・ザ・ビースト2獣神の呪縛💿,-,-,0,💿メガCD
1994-09-22,-,16,-,ビクター,スター・ウォーズレベルアサルト💿,-,-,0,💿メガCD
1994-09-30,31,16,ACT,セガ,ジュラシック・パーク💿,"￥7,140","￥7,000代",0,💿メガCD
1994-09-30,-,16,-,テクモ,キャプテン翼💿,-,-,0,💿メガCD
1994-09-30,-,16,-,ビクター,バトルコープス💿,-,-,0,💿メガCD
1994-10-28,-,16,-,ナムコ,スターブレード💿,-,-,0,💿メガCD
1994-11-11,-,16,-,セガ,アフターハルマゲドン外伝魔獣闘将伝エクリプス💿,-,-,0,💿メガCD
1994-11-25,-,16,-,コナミ,リーサルエンフォーサーズ2ザ・ウエスタン💿,-,-,0,💿メガCD
1994-12-20,-,16,-,アクレイムジャパン,NBAジャム💿,-,-,0,💿メガCD
1994-12-22,-,16,-,ゲームアーツ,ルナエターナルブルー💿,-,-,8,💿メガCD
1994-12-22,-,16,-,セガ,トムキャットアレイ💿,-,-,0,💿メガCD
1994-12-22,-,16,-,ビクター,ソウルスター💿,-,-,0,💿メガCD
1995-02-24,-,16,-,セガ,エコー・ザ・ドルフィンCD💿,-,-,0,💿メガCD
1995-02-24,-,16,-,ビクター,大封神伝💿,-,-,0,💿メガCD
1995-03-24,-,16,-,セガ,ダブルスイッチ💿,-,-,0,💿メガCD
1995-03-24,-,16,-,セガ,プライズファイター💿,-,-,0,💿メガCD
1995-03-31,-,16,-,ビクター,餓狼伝説スペシャル💿,-,-,0,💿メガCD
1995-09-01,-,16,-,セガ,ファーレンハイト💿,-,-,0,💿メガCD
1995-12-22,-,16,-,セガ,サージカルストライク💿,-,-,0,💿メガCD
1996-02-23,-,16,-,コンパイル,シャドウラン💿,-,-,0,💿メガCD
@CsvOptions:,,,,,,,,,
dataType=0,,,,,,,,,
title=「メガドライブ」ソフト一覧,,,,,,,,,
"dataReference=<ul><li><a target%3d'_blank' href%3d""http://pasofami.game.coocan.jp/game/game.htm"">各種ゲーム機 カセット・ソフトタイトルリスト@pasofami</a></li><li><a target%3d'_blank' href%3d'https://www.gavas.jp/user_data/megadrive_game_ranking.php'>メガドライブ歴代ソフト売上ランキング＠ピコピコ大百科</a></li><li>wikipedia</li></ul>",,,,,,,,,
detailType=city,,,,,,,,,
isMakeAutocompleteData=1,,,,,,,,,
chartName[imagePath]=/img/game/maker,,,,,,,,,
chartName[imageTooltip]=img,,,,,,,,,
chartCity[imagePath]=/img/game/smd,,,,,,,,,
chartCity[imageTooltip]=all,,,,,,,,,
chartCity[orderYmd]=1,,,,,,,,,
chartCity[orderUI]=1,,,,,,,,,
chartDate[elasticY]=0,,,,,,,,,
chartDate[width]=1000,,,,,,,,,
chartDate[format]=YYYY,,,,,,,,,
chartSex[unit]=null,,,,,,,,,
chartSex[chartType]=bar,,,,,,,,,
"chartAge[unit]=[""不明"",""1M"",""2M"",""4M"",""5M"",""6M"",""8M"",""10M"",""12M"",""16M"",""18M"",""20M"",""24M"",""26M"",""32M"",""40M"",""💿540MB""]",,,,,,,,,
editUrl=https://docs.google.com/spreadsheets/d/19vonUZ1oQfIaY48K_nGzozskF-O7u6Wd10SfDsOSBZ0/edit?gid=1252037126#gid=1252037126,,,,,,,,,