発売日,バックアップメモリ,容量(bit),ジャンル,メーカー,タイトル,価格,ジョブカテゴリ,カウント
2001-03-21,1,3,ETC,キューネット,EZ-TALK初級編1,"￥6,000","￥6,000代",0
2001-03-21,1,3,ETC,キューネット,EZ-TALK初級編2,"￥6,000","￥6,000代",0
2001-03-21,1,3,ETC,キューネット,EZ-TALK初級編3,"￥6,000","￥6,000代",0
2001-03-21,1,3,ETC,キューネット,EZ-TALK初級編4,"￥6,000","￥6,000代",0
2001-03-21,1,3,ETC,キューネット,EZ-TALK初級編5,"￥6,000","￥6,000代",0
2001-03-21,1,3,ETC,キューネット,EZ-TALK初級編6,"￥6,000","￥6,000代",0
2001-03-21,1,2,RAC,任天堂,F-ZEROFORGAMEBOYADVANCE,"￥4,800","￥5,000代",0
2001-03-21,3,3,SPT,コナミ,JGTO公認GOLFMASTER～JAPANGOLFTOURGAME～,"￥5,800","￥6,000代",0
2001-03-21,1,3,SLG,コナミ,Jリーグポケット,"￥5,800","￥6,000代",0
2001-03-21,1,3,RAC,エム・ティー･オー,アドバンスGTA,"￥4,980","￥5,000代",0
2001-03-21,3,2,SLG,コーエー,ウイニングポストforゲームボーイアドバンス,"￥5,600","￥5,500代",0
2001-03-21,1,2,ACT,任天堂,くるくるくるりん,"￥4,800","￥5,000代",0
2001-03-21,1,2,RAC,コナミ,コナミワイワイレーシングアドバンス,"￥5,800","￥6,000代",0
2001-03-21,5,2,ACT,任天堂,スーパーマリオアドバンス,"￥4,800","￥5,000代",64
2001-03-21,3,2,ACT,セガ,チュ-チュ-ロケット！,"￥4,800","￥5,000代",0
2001-03-21,1,2,ETC,ケムコ,トゥイティーのハーティーパーティー,"￥4,980","￥5,000代",0
2001-03-21,1,3,SLG,任天堂,ナポレオン,"￥4,800","￥5,000代",0
2001-03-21,1,3,RPG,カプコン,バトルネットワークロックマンエグゼ,"￥4,800","￥5,000代",0
2001-03-21,1,3,SPT,コナミ,パワプロクンポケット3,"￥5,800","￥6,000代",0
2001-03-21,1,2,ACT,ハドソン,ピノビィーの大冒険,"￥4,800","￥5,000代",0
2001-03-21,3,3,SPT,スパイク,ファイヤープロレスリングA,"￥5,800","￥6,000代",0
2001-03-21,1,3,NOV,コナミ,プレイノベルサイレントヒル,"￥5,800","￥6,000代",0
2001-03-21,1,3,SLG,タム,ぼくは航空管制官,"￥5,800","￥6,000代",0
2001-03-21,1,2,ACT,ナムコ,ミスタードリラー2,"￥4,800","￥5,000代",0
2001-03-21,1,3,RPG,コナミ,モンスターガーディアンズ,"￥5,800","￥6,000代",0
2001-03-21,1,3,ACT,コナミ,悪魔城ドラキュラCircleoftheMoon,"￥5,800","￥6,000代",0
2001-03-21,3,2,RAC,ケムコ,全国GT選手権,"￥5,200","￥5,000代",0
2001-03-21,1,2,ETC,ハドソン,桃太郎まつり,"￥5,200","￥5,000代",0
2001-03-21,1,2,SPT,アトラス,爆熱ドッジボールファイターズ,"￥4,980","￥5,000代",0
2001-03-21,3,3,SLG,コナミ,遊戯王ダンジョンダイスモンスターズ,"￥5,800","￥6,000代",0
2001-04-26,3,2,RPG,コナミ,GetBackers奪還屋～地獄のスカラムーシュ～,"￥5,800","￥6,000代",0
2001-04-26,1,3,SLG,コナミ,耽美夢想マイネリーベ,"￥5,800","￥6,000代",0
2001-04-27,1,2,PZL,ジョルダン,スペースヘキサイト～メーテル/レジェンドEX～,"￥5,300","￥5,500代",0
2001-04-27,1,3,ACT,エポック社,ドラえもん緑の惑星ドキドキ大救出！,"￥4,800","￥5,000代",0
2001-04-27,1,2,RPG,ハドソン,ボンバーマンストーリー,"￥5,200","￥5,000代",0
2001-05-25,5,2,ACT,カプコン,ファイナルファイトONE,"￥4,800","￥5,000代",0
2001-06-21,3,3,RPG,任天堂,タクティクスオウガ外伝TheKnightofLodis,"￥4,800","￥5,000代",0
2001-06-28,1,3,SHT,グローバル,トイロボフォース,"￥5,200","￥5,000代",0
2001-06-29,1,2,RAC,タカラ,チョロQアドバンス,"￥4,800","￥5,000代",0
2001-06-29,1,3,RPG,カプコン,優駿ラプソディ～♪,"￥4,800","￥5,000代",0
2001-07-05,1,3,CARD,コナミ,遊戯王デュエルモンスターズ5エキスパート1,"￥5,800","￥6,000代",0
2001-07-06,5,3,RPG,カプコン,ブレスオブファイア竜の戦士,"￥4,800","￥5,000代",0
2001-07-12,1,2,TAB,ハドソン,森田将棋あどばんす,"￥5,800","￥6,000代",0
2001-07-12,1,2,TAB,ハドソン,麻雀刑事,"￥5,200","￥5,000代",0
2001-07-13,1,2,TAB,タカラ,EXモノポリー,"￥5,800","￥6,000代",0
2001-07-13,5,3,ACT,カプコン,スーパーストリートファイター2XREVIVAL,"￥4,800","￥5,000代",0
2001-07-13,1,2,ADV,エム・ティー･オー,みんなの飼育シリーズ(1)ぼくのカブト虫,"￥5,200","￥5,000代",0
2001-07-19,5,2,ACT,ナムコ,風のクロノア～夢見る帝国～,"￥5,300","￥5,500代",0
2001-07-21,3,2,RAC,任天堂,マリオカートアドバンス,"￥4,800","￥5,000代",77
2001-07-26,3,3,SPT,コナミ,JGTO公認GOLFMASTERモバイルJAPANGOLFTOURGAME,"￥5,800","￥6,000代",0
2001-07-26,1,3,SLG,コナミ,スタコミ,"￥5,800","￥6,000代",0
2001-07-26,3,3,SLG,コナミ,モバイルプロ野球監督の采配,"￥5,800","￥6,000代",0
2001-07-26,1,3,SPT,コナミ,筋肉番付金剛君の大冒険！,"￥5,800","￥6,000代",0
2001-07-27,3,2,RPG,メディアリング,ゼロ・ツアーズ,"￥5,480","￥5,500代",0
2001-08-01,3,3,RPG,任天堂,黄金の太陽開かれし封印,"￥4,800","￥5,000代",0
2001-08-03,1,3,RPG,アスミック・エース,ドカポンQモンスターハンター！,"￥4,800","￥5,000代",0
2001-08-03,1,2,ADV,エム・ティー･オー,みんなの飼育シリーズ(2)ぼくのクワガタ,"￥5,200","￥5,000代",0
2001-08-09,1,2,SLG,コナミ,ジュラシックパーク3恐竜にあいにいこう！,"￥5,800","￥6,000代",0
2001-08-10,1,2,SLG,スターフィッシュ,スーパーブラックバスアドバンス,"￥4,800","￥5,000代",0
2001-08-10,1,3,TAB,アテナ,極麻雀デラックス未来戦士21,"￥5,200","￥5,000代",0
2001-08-21,1,3,ACT,任天堂,ワリオランドアドバンスヨーキーのお宝,"￥4,800","￥5,000代",0
2001-08-30,5,3,ACT,コナミ,ジュラシックパーク3アドバンスアクション,"￥5,800","￥6,000代",0
2001-08-31,1,3,ETC,キーネット,高校受験アドバンスシリーズ英語構文編,"￥6,800","￥7,000代",0
2001-08-31,1,3,ETC,キーネット,高校受験アドバンスシリーズ英熟語編,"￥6,800","￥7,000代",0
2001-08-31,1,3,ETC,キーネット,高校受験アドバンスシリーズ英単語編,"￥6,800","￥7,000代",0
2001-09-07,3,3,RPG,イマジニア,メダロット・ナビカブト,"￥5,800","￥6,000代",0
2001-09-07,3,3,RPG,イマジニア,メダロット・ナビクワガタ,"￥5,800","￥6,000代",0
2001-09-07,5,3,ADV,マーベラス,ラブひなアドバンス祝福の鐘はなるかな,"￥5,800","￥6,000代",0
2001-09-13,3,2,RPG,ハドソン,ロボットポンコッツ3クロス,"￥5,200","￥5,000代",0
2001-09-13,3,2,RPG,ハドソン,ロボットポンコッツ3リング,"￥5,200","￥5,000代",0
2001-09-13,6,2,CARD,ＫＣＥ東京,幻想水滸伝カードストーリーズ,"￥5,800","￥6,000代",0
2001-09-20,1,3,CARD,コナミ,FIELDOFNINEDIGITALEDITION2001,"￥5,800","￥6,000代",0
2001-09-21,3,3,SLG,バンプレスト,スーパーロボット大戦A,"￥5,800","￥6,000代",0
2001-09-27,3,3,RPG,コナミ,Z.O.E2173TESTAMENT,"￥5,800","￥6,000代",0
2001-09-28,3,3,SLG,コーエー,信長の野望,"￥6,800","￥7,000代",0
2001-09-28,1,2,TAB,メディアリング,西原理恵子の殿堂麻雀,"￥4,800","￥5,000代",0
2001-10-04,1,2,PZL,ハドソン,ハテナサテナ,"￥5,200","￥5,000代",0
2001-10-05,6,2,ACT,アルトロン,奇々怪界あどばんす,"￥5,200","￥5,000代",0
2001-10-12,1,3,ADV,カプコン,逆転裁判,"￥4,800","￥5,000代",0
2001-10-18,5,3,PZL,セガ,みんなでぷよぷよ,"￥4,800","￥5,000代",0
2001-10-19,1,3,SLG,カルチャーブレーン,ハムスター物語2GBA,"￥5,800","￥6,000代",0
2001-10-19,5,3,ADV,イマジニア,ハローキティコレクションミラクルファッションメーカー,"￥5,200","￥5,000代",0
2001-10-25,5,3,SPT,コナミ,ESPNXGamesSkateboarding,"￥5,800","￥6,000代",0
2001-10-25,1,2,TAB,コナミ,なかよし麻雀かぶリーチ,"￥5,800","￥6,000代",0
2001-10-25,1,3,TAB,コナミ,ヒカルの碁,"￥5,800","￥6,000代",0
2001-10-26,1,3,TAB,任天堂,どこでも対局役満アドバンス,"￥4,800","￥5,000代",0
2001-10-26,5,2,SLG,エム・ティー･オー,なかよしペットアドバンスシリーズ(1)かわいいハムスター,"￥5,200","￥5,000代",0
2001-10-26,5,2,SHT,ケムコ,ファランクス,"￥4,980","￥5,000代",0
2001-11-01,5,3,PZL,コナミ,ジュラシックパークⅢ失われた遺伝子,"￥5,800","￥6,000代",0
2001-11-15,1,3,SPT,コナミ,友情のビクトリーゴール4v4嵐GETTHEGOAL！！,"￥5,800","￥6,000代",0
2001-11-22,1,2,ADV,コナミ,AdvetureofTOKYODisneySEA,"￥5,800","￥6,000代",0
2001-11-29,3,2,PZL,コンパイル,ぐるロジチャンプ,"￥4,980","￥5,000代",0
2001-11-30,1,3,RPG,トミー,ZOIDSSAGA,"￥5,400","￥5,500代",0
2001-11-30,1,2,TAB,タカラ,億万長者ゲームのっとり大作戦！,"￥5,800","￥6,000代",0
2001-11-30,5,3,SLG,ケムコ,機械化軍隊,"￥5,800","￥6,000代",0
2001-11-30,5,3,RPG,ビクター,激闘！カーバトラーGO！！,"￥4,800","￥5,000代",0
2001-11-30,3,3,SLG,コーエー,三國志,"￥6,800","￥7,000代",0
2001-12-06,1,3,SPT,コナミ,筋肉番付～決めろ！奇跡の完全制覇～,"￥5,800","￥6,000代",0
2001-12-06,1,2,ACT,ハドソン,爆転シュートベイブレード激闘！最強ブレーダー,"￥5,300","￥5,500代",0
2001-12-07,1,3,RAC,エム・ティー･オー,アドバンスラリー,"￥4,980","￥5,000代",0
2001-12-07,5,3,RPG,エポック社,ダイヤロイドワールド-イービル帝国の野望-,"￥4,300","￥4,500代",0
2001-12-07,6,2,ETC,ナムコ,ナムコミュージアム,"￥3,800","￥4,000代",0
2001-12-07,3,3,RPG,任天堂,マジカルバケーション,"￥4,800","￥5,000代",0
2001-12-07,1,3,SLG,テクモ,モンスターファームアドバンス,"￥5,800","￥6,000代",0
2001-12-07,5,3,SPT,ハンズオン,ワールドアドバンスサッカー～勝利への道～,"￥5,200","￥5,000代",0
2001-12-07,5,3,SLG,ビクター,学校をつくろう！！アドバンス,"￥4,800","￥5,000代",0
2001-12-07,3,3,SLG,メディアカイト,大戦略FORゲームボーイアドバンス,"￥4,980","￥5,000代",0
2001-12-13,5,3,PZL,セガ,コラムスクラウン,"￥4,800","￥5,000代",0
2001-12-13,5,3,SPT,コナミ,実況ワールドサッカーポケット,"￥5,800","￥6,000代",0
2001-12-13,5,2,TAB,ホリ,大麻雀。,"￥3,800","￥4,000代",0
2001-12-14,5,3,SPT,サクセス,SK8TonyHawk'sPROSKATER2,"￥5,800","￥6,000代",0
2001-12-14,5,3,RPG,ビクター,サンサーラナーガ1×2,"￥4,980","￥5,000代",0
2001-12-14,5,2,ACT,任天堂,スーパーマリオアドバンス2,"￥4,800","￥5,000代",82
2001-12-14,1,3,RPG,カプコン,バトルネットワークロックマンエグゼ2,"￥4,800","￥5,000代",0
2001-12-14,5,2,PZL,サンソフト,上海アドバンス,"￥4,800","￥5,000代",0
2001-12-20,5,2,SPT,コナミ,ESPNWinterXGamesSnowboarding2002,"￥5,800","￥6,000代",0
2001-12-20,5,3,SPT,コナミ,エキサイティングバス,"￥5,800","￥6,000代",0
2001-12-20,3,3,ACT,セガ,ソニックアドバンス,"￥5,800","￥6,000代",0
2001-12-20,3,3,RPG,エニックス,ドラゴンクエストキャラクターズトルネコの大冒険2アドバンス不思議のダンジョン,"￥5,980","￥6,000代",0
2001-12-20,1,4,CARD,コナミ,遊戯王デュエルモンスターズ6エキスパート2,"￥5,800","￥6,000代",0
2001-12-20,1,3,ACT,コナミ,烈火の炎-THEGAME-,"￥5,800","￥6,000代",0
2001-12-21,1,2,SLG,トミー,MUTSUウォータールーパームツ,"￥5,800","￥6,000代",0
2001-12-21,1,2,RPG,メディアリング,WizardrySUMMONER(ウィザードリィサマ),"￥5,800","￥6,000代",0
2001-12-21,5,2,TAB,カルチャーブレーン,スウィートクッキーパイ,"￥4,980","￥5,000代",0
2001-12-21,6,2,PZL,タイトー,スーパーパズルバブルアドバンス,"￥4,800","￥5,000代",0
2001-12-21,6,3,ACT,ユービーアイソフト,ドナルドダックアドバンス,"￥5,300","￥5,500代",0
2001-12-21,5,2,ETC,コナミ,ピンキーモンキータウン,"￥5,800","￥6,000代",0
2001-12-21,1,2,RPG,カプコン,ブレスオブファイアⅡ～使命の子～,"￥4,800","￥5,000代",0
2001-12-21,5,3,RPG,エポック社,機動天使エンジェリックレイヤーみさきと夢の天使達,"￥5,500","￥5,500代",0
2001-12-21,5,3,ACT,ナムコ,鉄拳アドバンス,"￥5,300","￥5,500代",0
2001-12-28,5,3,TAB,日本テレネット,SLOT！PROアドバンス宝船＆大江戸桜吹雪2,"￥4,800","￥5,000代",0
2001-12-28,1,3,RPG,カプコン,グランボ,"￥5,300","￥5,500代",0
2002-01-01,5,4,ACT,マーベラス,THEKINGOFFIGHTERSEXNEOBLOOD,"￥5,800","￥6,000代",0
2002-01-11,6,2,PZL,ナムコ,パックマンコレクション,"￥3,800","￥4,000代",0
2002-01-17,5,2,SHT,コナミ,グラディウスジェネレーション,"￥5,800","￥6,000代",0
2002-01-17,1,4,RPG,エニックス,スナップキッズ,"￥5,980","￥6,000代",0
2002-01-24,5,2,ADV,グローバル,幽霊屋敷の二十四時間,"￥4,800","￥5,000代",0
2002-01-25,3,3,ACT,サミー,GUILTYGEARXADVANCEEDITION,"￥5,800","￥6,000代",0
2002-01-25,5,3,RPG,任天堂,トマトアドベンチャー,"￥4,800","￥5,000代",0
2002-01-31,1,2,ETC,コナミ,アニマルマニアどきどき相性チェック,"￥5,800","￥6,000代",0
2002-01-31,5,2,SPT,コナミ,ハイパースポーツ2002WINTER,"￥5,800","￥6,000代",0
2002-01-31,5,3,ADV,ＥＡスクウェア,ハリー・ポッターと賢者の石,"￥4,800","￥5,000代",0
2002-02-07,5,3,ACT,ハドソン,ボンバーマンマックス2ボンバーマンバージョン,"￥4,800","￥5,000代",0
2002-02-07,5,3,ACT,ハドソン,ボンバーマンマックス2マックスバージョン,"￥4,800","￥5,000代",0
2002-02-08,1,3,RPG,カプコン,BLACKBLACK～ブラブラ～,"￥4,800","￥5,000代",0
2002-02-14,5,3,SPT,コナミ,WTAツアーテニスポケット,"￥5,800","￥6,000代",0
2002-02-14,3,3,ADV,コナミ,メールでキュート,"￥5,800","￥6,000代",0
2002-02-21,1,3,SPT,コナミ,キャプテン翼栄光の軌跡,"￥5,800","￥6,000代",0
2002-02-21,1,3,ACT,任天堂,どーもくんの不思議テレビ,"￥4,800","￥5,000代",0
2002-02-28,1,3,SPT,コナミ,Jリーグポケット2,"￥5,800","￥6,000代",0
2002-02-28,5,2,ACT,コナミ,ゴエモンニューエイジ出動！,"￥5,800","￥6,000代",0
2002-03-01,6,2,ACT,トミー,モンスターズ・インク,"￥4,800","￥5,000代",0
2002-03-08,5,2,PZL,任天堂,コロコロパズルハッピィパネッチュ！,"￥4,800","￥5,000代",0
2002-03-08,1,2,ETC,コーエー,ふしぎの国のアンジェリーク,"￥5,800","￥6,000代",0
2002-03-08,1,3,RPG,タイトー,沈黙の移籍～エストポリス外伝～,"￥5,800","￥6,000代",0
2002-03-14,5,2,SPT,コナミ,K-1ポケットグランプリ,"￥5,800","￥6,000代",0
2002-03-15,5,2,SPT,ビクター,川のぬし釣り5～不思議の森から～,"￥4,800","￥5,000代",0
2002-03-20,1,3,ACT,コナミ,GROOVEADVENTURERAVE～光と闇の大決戦～,"￥5,800","￥6,000代",0
2002-03-20,1,3,SPT,コナミ,パワプロクンポケット4,"￥5,800","￥6,000代",0
2002-03-21,5,2,SLG,コーエー,アンジェリーク,"￥5,800","￥6,000代",0
2002-03-22,5,2,SLG,エム・ティー･オー,なかよしペットアドバンスシリーズ(2)かわいい仔犬,"￥4,800","￥5,000代",0
2002-03-22,3,2,TAB,サミー,実戦パチスロ必勝法！獣王アドバンス,"￥4,800","￥5,000代",0
2002-03-28,3,3,RPG,セガ,シャイニング・ソウル,"￥5,800","￥6,000代",0
2002-03-28,1,2,TAB,コナミ,一石八鳥～これ1本で8種類！～,"￥5,800","￥6,000代",0
2002-03-28,1,2,CARD,コナミ,神の記述ILLUSIONOFTHEEVILEYES,"￥5,800","￥6,000代",0
2002-03-28,5,3,RPG,フウキ,妖怪道,"￥4,800","￥5,000代",0
2002-03-29,1,3,RPG,エポック社,カエルBバック,"￥5,800","￥6,000代",0
2002-03-29,5,3,ETC,エポック社,ドラえもんどこでもウォーカー,"￥4,800","￥5,000代",0
2002-03-29,1,3,SLG,ジョルダン,ハムスター倶楽部3,"￥5,800","￥6,000代",0
2002-03-29,1,3,RPG,任天堂,ファイアーエムブレム封印の剣,"￥4,800","￥5,000代",0
2002-03-29,3,3,RPG,コーエー,マジカル封神,"￥5,800","￥6,000代",0
2002-03-29,1,3,SPT,トミー,新日本プロレス闘魂烈伝アドバンス,"￥5,800","￥6,000代",0
2002-04-01,1,3,ETC,小学館,ミニモニ。ミカのハッピーモーニングchatty,"￥4,800","￥5,000代",0
2002-04-11,5,2,PZL,グローバル,デンキブロックス！,"￥4,800","￥5,000代",0
2002-04-12,1,3,RPG,メディアリング,LUNAR～LEGEND～(ルナ～レジェンド～),"￥5,800","￥6,000代",0
2002-04-18,5,2,PZL,カプコン,ひつじのキモチ。,"￥4,800","￥5,000代",0
2002-04-18,1,2,TAB,タカラ,人生ゲームアドバンス,"￥4,800","￥5,000代",0
2002-04-19,3,2,PZL,トミー,黒ひげのくるっとジンドリ,"￥4,800","￥5,000代",0
2002-04-19,3,3,SPT,トミー,黒ひげのゴルフしようよ,"￥4,800","￥5,000代",0
2002-04-19,1,3,ADV,エム・ティー･オー,大好きテディ,"￥5,480","￥5,500代",0
2002-04-25,5,3,SPT,コナミ,ウイ・イレ,"￥5,800","￥6,000代",0
2002-04-25,3,3,SPT,コナミ,テニスの王子様ジーニアス・ボーイズ・アカデミー,"￥4,800","￥5,000代",0
2002-04-26,5,2,TAB,日本テレネット,SLOT！PRO2アドバンス～GOGOジャグラー＆Newタイリョウ～,"￥4,800","￥5,000代",0
2002-04-26,5,3,RAC,エム・ティー･オー,アドバンスGT2,"￥4,800","￥5,000代",0
2002-04-26,3,3,SLG,アルファ・ユニット,おしゃべりインコ倶楽部,"￥4,800","￥5,000代",0
2002-04-26,5,3,ACT,サクセス,スパイダーマンミステリオの脅威,"￥4,800","￥5,000代",0
2002-04-26,6,2,PZL,サクセス,テトリスワールド,"￥3,980","￥4,000代",0
2002-04-26,5,2,ADV,ビクター,ぷくぷく天然かいらんばん,"￥4,800","￥5,000代",0
2002-04-26,1,3,ACT,カプコン,ロックマンゼロ,"￥4,800","￥5,000代",0
2002-04-26,1,3,RPG,スマイルソフト,携帯電獣テレファング2スピード,"￥5,800","￥6,000代",0
2002-04-26,1,3,RPG,スマイルソフト,携帯電獣テレファング2パワー,"￥5,800","￥6,000代",0
2002-04-26,1,3,ADV,サミー,頭文字DAnotherStage,"￥5,800","￥6,000代",0
2002-04-26,5,3,TAB,加賀テック,日本プロ麻雀連盟公認徹萬アドバンス～免許皆伝シリーズ～,"￥4,800","￥5,000代",0
2002-05-02,6,2,ETC,コナミ,コナミアーケードゲームコレクション,"￥4,800","￥5,000代",0
2002-05-02,1,2,SPT,スパイク,フォーメーションサッカー2002,"￥5,800","￥6,000代",0
2002-05-02,5,2,RAC,コナミ,モトクロスマニアックスADVANCE,"￥4,800","￥5,000代",0
2002-05-24,5,2,ETC,カルチャーブレーン,おしゃれプリンセス,"￥4,800","￥5,000代",0
2002-05-31,5,2,SPT,ユービーアイソフト,トータルサッカーアドバンス,"￥4,800","￥5,000代",0
2002-05-31,1,3,ADV,任天堂,とっとこハム太郎3ラブラブ大冒険でちゅ,"￥4,800","￥5,000代",0
2002-06-06,1,3,ACT,コナミ,キャッスルヴァニア白夜の協奏曲,"￥4,800","￥5,000代",0
2002-06-14,5,2,SPT,ナムコ,ファミリーテニスアドバンス,"￥4,800","￥5,000代",0
2002-06-21,1,3,SPT,ナウプロダクション,ガチンコプロ野球,"￥4,800","￥5,000代",0
2002-06-27,5,2,RAC,インフォグラムジャパン,V-RALLY3,"￥4,800","￥5,000代",0
2002-06-27,5,2,TAB,グローバル,花札トランプ麻雀デパチカ和洋中,"￥3,980","￥4,000代",0
2002-06-27,1,3,SLG,ハドソン,爆転シュートベイブレード2002いくぜ！激闘！超磁力バトル,"￥4,800","￥5,000代",0
2002-06-28,3,3,ADV,シャルラク,Natural2-DUO-,"￥4,800","￥5,000代",0
2002-06-28,3,4,ADV,チュンソフト,かまいたちの夜～ADVANCE～,"￥4,800","￥5,000代",0
2002-06-28,5,2,RPG,ＰＣＣＷＪ,かわいいペットショップ物語3,"￥4,800","￥5,000代",0
2002-06-28,5,2,SPT,ナムコ,ファミスタアドバンス,"￥4,800","￥5,000代",0
2002-06-28,3,4,RPG,任天堂,黄金の太陽失われし時代,"￥4,800","￥5,000代",0
2002-07-04,5,3,TAB,セガ,THEPINBALLOFTHEDEAD,"￥4,800","￥5,000代",0
2002-07-04,1,3,RPG,コナミ,モンスターゲート,"￥4,800","￥5,000代",0
2002-07-04,1,3,SLG,ＧＡエンタテイメント,信長異聞,"￥4,800","￥5,000代",0
2002-07-04,1,4,RPG,コナミ,遊戯王デュエルモンスターズ7決闘都市伝説,"￥4,800","￥5,000代",0
2002-07-05,1,3,ADV,任天堂,さくらももこのウキウキカーニバル,"￥4,800","￥5,000代",0
2002-07-05,1,2,RPG,サンライズインタラクティブ,ハロボッツロボヒーローバトリング！！,"￥5,800","￥6,000代",0
2002-07-11,1,2,PZL,タカラ,はめパメ東京ミュウミュウ,"￥4,800","￥5,000代",0
2002-07-18,5,4,SPT,コナミ,DisneySports:Soccer,"￥5,800","￥6,000代",0
2002-07-18,5,2,SPT,タカラ,HIGHHEATMajorLeagueBaseball2003,"￥4,800","￥5,000代",0
2002-07-18,5,3,ACT,コナミ,クラッシュ・バンディクーアドバンス,"￥4,800","￥5,000代",0
2002-07-18,1,4,TAB,コナミ,ヒカルの碁2,"￥4,800","￥5,000代",0
2002-07-18,5,3,ACT,ハドソン,ピノビィー＆フィービィー,"￥4,800","￥5,000代",0
2002-07-19,5,3,RAC,アルトロン,HotWheelsアドバンス,"￥4,800","￥5,000代",0
2002-07-19,5,3,SLG,ティーディーケイコア,お花屋さん物語GBA,"￥4,800","￥5,000代",0
2002-07-19,5,2,SLG,エム・ティー･オー,ときめき夢シリーズ(1)お花屋さんになろう！,"￥4,800","￥5,000代",0
2002-07-19,5,3,SLG,アトラス,ハムスターパラダイスあどばんちゅ,"￥4,800","￥5,000代",0
2002-07-19,3,4,SPT,スパイク,ファイアープロレスリング～夢の団体運営！～,"￥5,980","￥6,000代",0
2002-07-19,5,3,ACT,ナツメ,メダロットGカブトバージョン,"￥4,800","￥5,000代",0
2002-07-19,5,3,ACT,ナツメ,メダロットGクワガタバージョン,"￥4,800","￥5,000代",0
2002-07-19,5,3,TAB,アテナ,勝負師伝説哲也～甦る伝説～,"￥5,800","￥6,000代",0
2002-07-19,5,2,ACT,カプコン,超魔界村R,"￥4,800","￥5,000代",0
2002-07-20,6,2,ACT,ユービーアイソフト,アイス・エイジ,"￥4,800","￥5,000代",0
2002-07-25,5,4,SPT,コナミ,DisneySports:AmericanFootball,"￥5,800","￥6,000代",0
2002-07-25,5,4,SPT,コナミ,DisneySports:Skateboarding,"￥5,800","￥6,000代",0
2002-07-25,5,3,ACT,アイドスインタラクティブ,ゴーストトラップ,"￥5,800","￥6,000代",0
2002-07-25,5,2,PZL,メディアカイト,バブルボブルOLD＆NEW,"￥4,800","￥5,000代",0
2002-07-26,5,4,CARD,サクセス,Vマスタークロス,"￥5,800","￥6,000代",0
2002-07-26,5,3,ACT,任天堂,カスタムロボGX,"￥4,800","￥5,000代",0
2002-07-26,3,3,RPG,スマイルソフト,ガチャステ！ダイナデバイスブルー,"￥4,800","￥5,000代",0
2002-07-26,3,3,RPG,スマイルソフト,ガチャステ！ダイナデバイスレッド,"￥4,800","￥5,000代",0
2002-07-26,1,3,CARD,キングレコード,シャーマンキングカードゲーム超・占事略決2,"￥4,800","￥5,000代",0
2002-08-02,3,3,SLG,バンプレスト,スーパーロボット大戦R,"￥5,800","￥6,000代",0
2002-08-02,5,2,SHT,タイトー,スペースインベーダーEX,"￥4,200","￥4,000代",0
2002-08-06,5,2,ACT,ナムコ,風のクロノアG2ドリームチャンプ・トーナメント,"￥4,800","￥5,000代",0
2002-08-08,1,3,SPT,セガ,GREATESTNINE,"￥5,800","￥6,000代",0
2002-08-08,1,2,SLG,タカラ,コンバットチョロQアドバンス大作戦,"￥4,800","￥5,000代",0
2002-08-08,1,3,SLG,セガ,プロ野球チームをつくろう！アドバンス,"￥5,800","￥6,000代",0
2002-08-09,5,2,SLG,エム・ティー･オー,なかよしペットアドバンスシリーズ(3)かわいい子猫,"￥4,800","￥5,000代",0
2002-08-09,5,2,ACT,任天堂,ミッキーとミニーのマジカルクエスト,"￥4,800","￥5,000代",0
2002-08-10,5,3,ACT,カプコン,ロックマン＆フォルテ,"￥5,800","￥6,000代",0
2002-08-23,1,3,PZL,ナムコ,ミスタードリラーエースふしぎなパクテリア,"￥4,800","￥5,000代",0
2002-08-23,5,3,ADV,コーエー,遙かなる時空の中で,"￥5,800","￥6,000代",0
2002-08-29,1,3,ADV,トンキンハウス,姫騎士物語-PrincessBlue-,"￥5,800","￥6,000代",0
2002-08-30,5,3,SLG,NECインターチャネル,BLACK/MATRIXZERO,"￥5,800","￥6,000代",0
2002-09-05,1,3,SLG,セガ,J.LEAGUEプロサッカークラブをつくろう！アドバンス,"￥5,800","￥6,000代",0
2002-09-06,1,3,ACT,任天堂,伝説のスタフィードリームチャンプ・トーナメント,"￥4,800","￥5,000代",0
2002-09-12,5,2,PZL,アクレイムジャパン,ズーキューブ,"￥4,800","￥5,000代",0
2002-09-13,5,4,TAB,マーベラス,ギャラクシーエンジェルゲームボーイアドバンス盛りだくさん天使のフルコースおかわり自由,"￥5,800","￥6,000代",0
2002-09-20,1,2,RPG,エニックス,サムライエボリューション桜国ガイスト,"￥5,980","￥6,000代",0
2002-09-20,5,2,ACT,任天堂,スーパーマリオアドバンス3,"￥4,800","￥5,000代",56
2002-09-26,1,3,ACT,コナミ,GROOVEADVENTURERAVE光と闇の大決戦2,"￥4,800","￥5,000代",0
2002-09-26,5,2,SHT,コナミ,エアフォースデルタ2,"￥4,800","￥5,000代",0
2002-09-27,6,2,PZL,コトブキシステム,エッグマニアつかんで！まわして！どっすんぱず～る,"￥4,800","￥5,000代",0
2002-09-27,5,3,ACT,カプコン,ストリートファイターZERO3↑,"￥4,800","￥5,000代",0
2002-09-27,5,3,SLG,マーベラス,ちょびっツforGameboyAdvanceアタシだけのヒト,"￥5,800","￥6,000代",0
2002-09-27,1,2,SLG,ジョルダン,ファンシーポケット,"￥4,800","￥5,000代",0
2002-09-27,5,3,ACT,アットマーク,メタルガン・スリンガー,"￥5,200","￥5,000代",0
2002-10-03,5,2,ADV,ＧＡエンタテイメント,南の海のオデッセイ,"￥4,800","￥5,000代",0
2002-10-04,5,2,SLG,ティーディーケイコア,なかよし幼稚園すこやか園児育成ゲーム,"￥4,800","￥5,000代",0
2002-10-10,5,3,SPT,コナミ,Jリーグウイニングイレブンアドバンス2002,"￥4,800","￥5,000代",0
2002-10-17,5,3,SHT,コナミ,SILENTSCOPE,"￥4,800","￥5,000代",0
2002-10-17,1,3,ACT,コナミ,コロッケ！夢のバンカーサバイバル！,"￥4,800","￥5,000代",0
2002-10-18,1,3,ADV,カプコン,逆転裁判2,"￥4,800","￥5,000代",0
2002-10-24,1,3,RPG,ハドソン,ボンバーマンジェッターズ伝説のボンバーマン,"￥4,800","￥5,000代",0
2002-10-25,5,2,RAC,エム・ティー･オー,MotoGP,"￥4,800","￥5,000代",0
2002-10-25,6,3,TAB,メディアカイト,カードパーティ,"￥3,800","￥4,000代",0
2002-10-25,1,3,SLG,ブロッコリー,デ・ジ・キャラットでじこミュニケーション,"￥4,800","￥5,000代",0
2002-10-25,5,3,RPG,ナムコ,テイルズオブザワールドなりきりダンジョン2,"￥4,800","￥5,000代",0
2002-10-25,3,2,SLG,エンターブレイン,ベストプレイプロ野球,"￥5,800","￥6,000代",0
2002-10-25,1,3,SLG,マーベラス,モンスターファームアドバンス2,"￥5,800","￥6,000代",0
2002-10-25,1,3,ACT,任天堂,星のカービィ夢の泉デラックス,"￥4,800","￥5,000代",87
2002-10-31,1,3,ADV,キキ,シルクとコットン,"￥5,800","￥6,000代",0
2002-10-31,1,2,ACT,コナミ,ビーストシューター～めざせ闘獣王(ビーストキング)～,"￥4,800","￥5,000代",0
2002-11-01,5,3,ADV,カルチャーブレーン,ファンタジックメルヘンのケーキ屋さん物語+動物キャラナビ占い個性心理学,"￥4,800","￥5,000代",0
2002-11-14,1,3,SPT,ネットビレッジ,DANDOH！！Xi,"￥5,800","￥6,000代",0
2002-11-14,6,2,ACT,コナミ,魂斗羅ハードスピリッツ,"￥4,800","￥5,000代",0
2002-11-15,1,3,RPG,バンプレスト,FromTVanimationONEPIECE～ナナツ島の大秘宝～,"￥4,800","￥5,000代",0
2002-11-15,1,3,ACT,ＰＣＣＷＪ,スキャンハンター～千年怪魚を追え！～,"￥4,800","￥5,000代",0
2002-11-15,1,3,RPG,アトラス,真・女神転生デビルチルドレン闇の書,"￥4,800","￥5,000代",0
2002-11-15,1,3,RPG,アトラス,真・女神転生デビルチルドレン光の書,"￥4,800","￥5,000代",0
2002-11-21,4,3,RPG,任天堂,ポケットモンスターサファイア,"￥4,800","￥5,000代",262
2002-11-21,4,3,RPG,任天堂,ポケットモンスタールビー,"￥4,800","￥5,000代",255
2002-11-22,3,3,SLG,バンプレスト,スーパーロボット大戦ORIGINALGENERATION,"￥5,800","￥6,000代",0
2002-11-22,5,3,SLG,エム・ティー･オー,ドキドキクッキングシリーズ(1)こむぎちゃんのハッピーケーキ,"￥4,800","￥5,000代",0
2002-11-23,5,3,ADV,ＥＡスクウェア,ハリー・ポッターと秘密の部屋,"￥4,800","￥5,000代",0
2002-11-28,5,3,ACT,コナミ,K-1ポケットグランプリ2,"￥4,800","￥5,000代",0
2002-11-28,1,2,RAC,タカラ,チョロQアドバンス2,"￥4,800","￥5,000代",0
2002-11-28,5,3,SPT,コナミ,実況ワールドサッカーポケット2,"￥4,800","￥5,000代",0
2002-11-29,1,3,RPG,トミー,リトルバスターQ,"￥4,800","￥5,000代",0
2002-11-29,5,3,ADV,アテナ,彼岸花,"￥4,800","￥5,000代",0
2002-12-05,5,3,SPT,コナミ,バス釣りしようぜ！～トーナメントは戦略だ！～,"￥4,800","￥5,000代",0
2002-12-06,5,3,ACT,ケムコ,ウッディ・ウッドペッカー・クレイジーキャッスル5,"￥4,800","￥5,000代",0
2002-12-06,5,4,ACT,バンプレスト,キン肉マン2世正義超人への道,"￥5,800","￥6,000代",0
2002-12-06,1,3,ACT,任天堂,くるりんパラダイス,"￥4,800","￥5,000代",0
2002-12-06,5,3,ADV,エポック社,シルバニアファミリー4めぐる季節のタペストリー,"￥4,800","￥5,000代",0
2002-12-06,3,2,SLG,エンターブレイン,ダービースタリオンアドバンス,"￥5,800","￥6,000代",0
2002-12-06,6,3,ACT,ユービーアイソフト,トゥームレイダー:プロフェシー,"￥4,800","￥5,000代",0
2002-12-06,1,3,RPG,カプコン,バトルネットワークロックマンエグゼ3,"￥4,800","￥5,000代",50
2002-12-06,5,2,PZL,ケムコ,バルダーダッシュEX,"￥4,800","￥5,000代",0
2002-12-06,5,2,SLG,ラディック,わたしのメイクサロン,"￥4,800","￥5,000代",0
2002-12-06,5,2,TAB,ティーディーケイコア,志村けんのバカ殿様爆笑天下統一ゲーム,"￥4,800","￥5,000代",0
2002-12-06,1,3,ACT,ブロッコリー,爆転シュートベイブレード2002激戦！チームバトル！！青龍の章ダイチ編,"￥3,980","￥4,000代",0
2002-12-06,1,3,ACT,ブロッコリー,爆転シュートベイブレード2002激戦！チームバトル！！青龍の章タカオ編,"￥3,980","￥4,000代",0
2002-12-12,1,4,RPG,コナミ,テニスの王子様-AimatTheVictory！-,"￥4,800","￥5,000代",0
2002-12-12,5,3,ACT,エンターテインメント・ソフトウェア・パブリッシング,はじめの一歩THEFIGHTING！,"￥4,800","￥5,000代",0
2002-12-12,5,3,ETC,コナミ,ミニモニ。おねがい☆お星さま！,"￥4,800","￥5,000代",0
2002-12-13,5,2,ETC,エム・ティー･オー,アオ・ゾーラと仲間たち夢の冒険,"￥4,800","￥5,000代",0
2002-12-13,5,4,RPG,ナムコ,クロノアヒーローズ伝説のスターメダル,"￥4,800","￥5,000代",0
2002-12-13,1,4,CARD,キングレコード,シャーマンキング超・占事略決3,"￥5,800","￥6,000代",0
2002-12-13,5,2,SHT,パシフィック・センチュリー・サイバーワークス・ジャパン,ダライアスR,"￥4,800","￥5,000代",0
2002-12-13,1,3,TAB,スクウェア,チョコボランド,"￥4,800","￥5,000代",0
2002-12-13,5,3,RPG,エポック社,マジャイネーション,"￥4,800","￥5,000代",0
2002-12-13,1,3,RPG,サクセス,モンスターメーカー4キラーダイス,"￥5,800","￥6,000代",0
2002-12-13,1,3,RPG,サクセス,モンスターメーカー4フラッシュカード,"￥5,800","￥6,000代",0
2002-12-13,1,3,ADV,ジョルダン,犬っこ倶楽部～福丸の大冒険～,"￥4,800","￥5,000代",0
2002-12-19,5,4,SPT,コナミ,DisneySports:Basketball,"￥5,800","￥6,000代",0
2002-12-19,1,3,RAC,セガ,SEGARALLY(セガラリー),"￥5,800","￥6,000代",0
2002-12-19,3,4,ACT,セガ,ソニックアドバンス2,"￥5,800","￥6,000代",0
2002-12-19,1,3,RPG,コナミ,ボボボーボ・ボーボボ奥義87.5爆烈鼻毛真挙,"￥4,800","￥5,000代",0
2002-12-19,5,2,ADV,コナミ,わがまま☆フェアリーミルモでポン！～黄金マラカスの伝説～,"￥4,800","￥5,000代",0
2002-12-20,5,2,ACT,メトロ・スリーディジャパン,アクロバットキッズ,"￥4,800","￥5,000代",0
2002-12-20,5,3,RAC,メディアカイト,エレベーターアクションOLD＆NEW,"￥4,800","￥5,000代",0
2002-12-20,5,3,TAB,カルチャーブレーン,おしゃれプリンセス2+動物キャラナビ占い個性心理学,"￥4,800","￥5,000代",0
2002-12-20,5,2,SLG,ティーディーケイコア,まんが家デビュー物語お絵描きソフト＆まんが家育成ゲーム！,"￥4,800","￥5,000代",0
2002-12-20,5,3,RPG,ナムコ,宇宙大作戦チョコベーダーウチュウからの侵略者,"￥4,800","￥5,000代",0
2002-12-20,5,3,SPT,パシフィック・センチュリー・サイバーワークス・ジャパン,闘魂ヒート,"￥5,800","￥6,000代",0
2002-12-24,5,3,SLG,カルチャーブレーン,ハムスター物語3GBA,"￥4,800","￥5,000代",0
2002-12-25,5,2,ACT,メトロ・スリーディジャパン,DUALBLADES,"￥4,800","￥5,000代",0
2002-12-25,5,3,RPG,ナツメ,メダロット弐COREカブトバージョン,"￥4,800","￥5,000代",0
2002-12-26,5,3,ACT,コナミ,スパイロアドバンス,"￥4,800","￥5,000代",0
2002-12-27,5,3,ACT,マーベラス,SAMURAIDEEPERKYO,"￥4,800","￥5,000代",0
2002-12-27,3,3,SLG,サクセス,全日本少年サッカー大会2めざせ日本一！,"￥4,800","￥5,000代",0
2003-01-01,5,3,ACT,マーベラス,THEKINGOFFIGHTERSEX2～HOWLINGBLOOD～,"￥5,800","￥6,000代",0
2003-01-01,5,3,ADV,エム・ティー･オー,きせっこぐるみぃチェスティとぬいぐるみたちの魔法の冒険,"￥4,800","￥5,000代",0
2003-01-03,5,2,ACT,シムス,エレミックス！,"￥4,800","￥5,000代",0
2003-01-09,0,2,TAB,ＧＡエンタテイメント,不思議の国のアリス,"￥4,800","￥5,000代",0
2003-01-10,1,3,PZL,ナムコ,ことばのパズルもじぴったんアドバンス,"￥4,800","￥5,000代",0
2003-01-16,5,4,SPT,コナミ,DisneySports:Snowboarding,"￥5,800","￥6,000代",0
2003-01-16,1,3,RPG,コナミ,ムゲンボーグ,"￥4,800","￥5,000代",0
2003-01-23,1,3,SPT,コナミ,パワプロクンポケット5,"￥4,800","￥5,000代",0
2003-01-23,1,3,TAB,エイベックス,犬夜叉奈落の罠！迷いの森の招待状,"￥4,800","￥5,000代",0
2003-01-24,5,3,RPG,バンプレスト,マリー、エリー＆アニスのアトリエ～そよ風からの伝言～,"￥5,800","￥6,000代",0
2003-02-13,5,4,SPT,コナミ,DisneySports:Motocross,"￥5,800","￥6,000代",0
2003-02-14,3,4,SLG,スクウェア,ファイナルファンタジータクティクスアドバンス,"￥5,800","￥6,000代",0
2003-02-14,1,3,ACT,任天堂,メトロイドフュージョン,"￥4,800","￥5,000代",0
2003-02-14,5,4,ACT,ＥＡスクウェア,ロード・オブ・ザ・リング/二つの塔,"￥4,800","￥5,000代",0
2003-02-20,1,4,SPT,コナミ,テニスの王子様2003COOLBLUE,"￥4,800","￥5,000代",0
2003-02-20,1,4,SPT,コナミ,テニスの王子様2003PASSIONRED,"￥4,800","￥5,000代",0
2003-02-21,5,2,ACT,サクセス,ロードランナー,"￥4,800","￥5,000代",0
2003-02-27,1,3,SLG,コナミ,ホイッスル！第37回東京都中学校総合体育サッカー大会,"￥4,800","￥5,000代",0
2003-02-27,1,3,ACT,コナミ,戦国革命外伝,"￥4,800","￥5,000代",0
2003-03-07,1,3,SLG,ナムコ,テイルズオブザワールド～サモナーズリネージ～,"￥4,800","￥5,000代",0
2003-03-14,5,3,ACT,任天堂,ゼルダの伝説神々のトライフォース＆4つの剣,"￥4,800","￥5,000代",0
2003-03-14,5,3,SLG,スクウェア,ドキドキクッキングシリーズ(2)グルメキッチン～ステキなお弁当～,"￥5,800","￥6,000代",0
2003-03-20,3,3,RPG,コナミ,GetBackers奪還屋～メトロポリス奪還作戦！～,"￥4,800","￥5,000代",0
2003-03-20,5,2,TAB,Ｄ３パブリッシャー,SIMPLE2960(つくろう)ともだちシリーズVol.1THEテーブルゲームコレクション,"￥2,960","￥3,000代",0
2003-03-20,5,2,PZL,Ｄ３パブリッシャー,SIMPLE2960(つくろう)ともだちシリーズVol.2THEブロックくずし,"￥2,960","￥3,000代",0
2003-03-20,5,3,ADV,マーベラス,シスタープリンセス～リピュア～,"￥4,800","￥5,000代",0
2003-03-20,5,3,SLG,ゲームビレッジ,激闘伝説ノア～ドリームマネージメント～,"￥5,800","￥6,000代",0
2003-03-20,1,4,RPG,コナミ,遊戯王デュエルモンスターズ8破滅の大邪神,"￥4,800","￥5,000代",0
2003-03-21,1,3,ACT,任天堂,メイドインワリオ,"￥4,800","￥5,000代",65
2003-03-28,5,3,ACT,エム・ティー･オー,DancingSowrd-閃光-,"￥4,800","￥5,000代",0
2003-03-28,1,3,ETC,バンプレスト,FromTVanimationONEPIECEめざせ！キングオブベリー,"￥4,800","￥5,000代",0
2003-03-28,5,3,PZL,カルチャーブレーン,パズル＆探偵コレクション,"￥4,800","￥5,000代",0
2003-03-28,1,3,RPG,カプコン,ロックマンエグゼ3BLACK,"￥4,800","￥5,000代",0
2003-03-28,1,3,RPG,アトラス,真・女神転生,"￥4,800","￥5,000代",0
2003-03-29,5,3,RPG,エニックス,ドラゴンクエストモンスターズキャラバンハート,"￥5,980","￥6,000代",63
2003-04-17,1,4,RPG,コナミ,遊戯王デュエルモンスターズインターナショナルワールドワイドエディション,"￥4,800","￥5,000代",0
2003-04-18,1,3,RPG,トミー,ZOIDSSAGA2,"￥4,800","￥5,000代",0
2003-04-18,5,3,SLG,エム・ティー･オー,エンジェル☆コレクションめざせ！学園のファッションリーダー,"￥4,800","￥5,000代",0
2003-04-18,5,3,RPG,ナツメ,メダロット弐COREクワガタバージョン,"￥4,800","￥5,000代",0
2003-04-18,1,3,SLG,ビクター,牧場物語～ミネラルタウンのなかまたち～,"￥4,800","￥5,000代",0
2003-04-24,1,4,RPG,コナミ,HUNTER×HUNTERみんな友だち大作戦！,"￥4,800","￥5,000代",0
2003-04-24,5,4,ADV,フウキ,ZEROONE,"￥4,800","￥5,000代",0
2003-04-24,1,3,RAC,タカラ,冒険遊記プラスターワールドプラストオンGP,"￥5,800","￥6,000代",0
2003-04-24,1,3,RPG,タカラ,冒険遊記プラスターワールド伝説のプラストゲート,"￥5,800","￥6,000代",0
2003-04-24,5,2,ACT,エム・ティー･オー,魔法のパンプキン～アンとグレッグの大冒険～,"￥4,800","￥5,000代",0
2003-04-25,3,3,ETC,エンターブレイン,RPGツクールアドバンス,"￥5,800","￥6,000代",0
2003-04-25,5,3,TAB,キングレコード,あずまんが大王アドバンス,"￥5,800","￥6,000代",0
2003-04-25,0,0,ACT,コトブキシステム,キッドクラウンのクレイジーチェイス,"￥4,800","￥5,000代",0
2003-04-25,5,3,RPG,バンプレスト,サモンナイトクラフトソード物語,"￥5,800","￥6,000代",0
2003-04-25,1,4,SLG,任天堂,ファイアーエムブレム烈火の剣,"￥4,800","￥5,000代",0
2003-05-01,1,3,ACT,トミー,NARUTO-ナルト-忍術全開！最強忍者大結集,"￥4,800","￥5,000代",0
2003-05-02,1,3,ACT,カプコン,ロックマンゼロ2,"￥4,800","￥5,000代",0
2003-05-08,1,3,ACT,コナミ,キャッスルヴァニア-暁月の円舞曲-,"￥4,800","￥5,000代",0
2003-05-23,1,3,ADV,任天堂,とっとこハム太郎4にじいろ大行進でちゅ,"￥4,800","￥5,000代",0
2003-05-23,5,3,ETC,カルチャーブレーン,ハムスター物語コレクション,"￥4,800","￥5,000代",0
2003-06-05,5,3,ACT,コナミ,フロッガー魔法の国の大冒険,"￥4,800","￥5,000代",0
2003-06-12,1,3,RPG,コナミ,モンスターゲート大いなるダンジョン～封印のオーブ～,"￥4,800","￥5,000代",0
2003-06-20,1,4,RPG,任天堂,MOTHER1+2,"￥4,800","￥5,000代",0
2003-06-20,5,2,RPG,ナウプロダクション,メタルマックス2改,"￥4,800","￥5,000代",0
2003-06-27,5,3,ADV,エム・ティー･オー,みんなの飼育シリーズぼくのカブト・クワガタ,"￥4,800","￥5,000代",0
2003-07-04,5,2,ACT,ナムコ,ハチエモン,"￥4,800","￥5,000代",0
2003-07-11,5,3,ADV,コトブキシステム,GETボクのムシつかまえて,"￥4,800","￥5,000代",0
2003-07-11,4,2,ACT,任天堂,スーパーマリオアドバンス4,"￥4,800","￥5,000代",76
2003-07-11,5,2,SLG,エム・ティー･オー,なかよしペットアドバンスシリーズ4かわいい仔犬ミニわんこと遊ぼう！！小型犬,"￥4,800","￥5,000代",0
2003-07-11,5,3,SLG,アトラス,ハムスターパラダイスピュアハート,"￥4,800","￥5,000代",0
2003-07-17,1,4,ACT,コナミ,コロッケ！2闇のバンクとバン女王！,"￥4,980","￥5,000代",0
2003-07-17,3,3,TAB,セガ,ソニックピンボールパーティ,"￥4,800","￥5,000代",0
2003-07-17,5,4,RPG,コナミ,ボクらの太陽,"￥4,980","￥5,000代",0
2003-07-18,1,3,RPG,トミー,CYBERDRIVEZOIDS機獣の戦士ヒュウ,"￥5,800","￥6,000代",0
2003-07-18,1,3,RPG,バンプレスト,ドラゴンドライブワールドDブレイク,"￥4,800","￥5,000代",0
2003-07-18,1,3,ADV,ジョルダン,ハムスター倶楽部4～しげっち大脱走～,"￥4,800","￥5,000代",0
2003-07-18,5,2,ACT,カプコン,ミッキーとミニーのマジカルクエスト2,"￥4,800","￥5,000代",0
2003-07-24,3,4,RPG,セガ,シャイニング・ソウル2,"￥5,980","￥6,000代",0
2003-07-25,5,3,RPG,カプコン,OnimushaTactics,"￥4,800","￥5,000代",0
2003-07-25,5,2,RAC,コトブキシステム,トップギア・ラリーSP,"￥4,800","￥5,000代",0
2003-07-25,5,2,SLG,ティーディーケイコア,わんニャンどうぶつ病院～☆動物のお医者さん育成ゲーム☆～,"￥4,800","￥5,000代",0
2003-07-25,5,2,PZL,アトラス,真・女神転生デビルチルドレンパズルdeコール！,"￥4,800","￥5,000代",0
2003-07-25,5,3,ADV,バンプレスト,名探偵コナン～狙われた探偵～,"￥4,800","￥5,000代",0
2003-08-01,5,2,ACT,カプコン,アラジン,"￥4,800","￥5,000代",0
2003-08-01,5,3,RPG,ナムコ,テイルズオブファンタジア,"￥4,800","￥5,000代",0
2003-08-01,1,3,TAB,任天堂,ポケモンピンボールルビー＆サファイア,"￥4,800","￥5,000代",0
2003-08-01,5,3,ADV,デジタルキッズ,幻想魔伝最遊記～反逆の闘神太子～,"￥5,800","￥6,000代",0
2003-08-01,0,4,SLG,カルチャーブレーン,仔犬といっしょ！～愛情物語～,"￥4,800","￥5,000代",0
2003-08-07,1,3,CARD,タカラ,DUELMASTERS,"￥4,800","￥5,000代",0
2003-08-07,0,3,RPG,ハドソン,ボボボーボ・ボーボボマジで！！？真拳勝負,"￥4,800","￥5,000代",0
2003-08-08,3,3,SLG,バンプレスト,スーパーロボット対戦D,"￥5,800","￥6,000代",0
2003-08-08,0,3,ETC,ロケットカンパニー,どうぶつ島のチョビぐるみ,"￥4,800","￥5,000代",0
2003-08-08,1,3,CARD,カプコン,ロックマンエグゼバトルチップGP,"￥4,800","￥5,000代",0
2003-08-22,0,3,SLG,カルチャーブレーン,おしゃれプリンセス3,"￥4,800","￥5,000代",0
2003-08-29,0,4,RPG,スクウェア・エニックス,新約聖剣伝説,"￥5,800","￥6,000代",0
2003-09-04,0,4,RPG,コナミ,GetBackers奪還屋～邪眼封印！～,"￥4,980","￥5,000代",0
2003-09-05,0,4,ACT,エム・ティー･オー,おじゃる丸～月光町さんぽでおじゃる～,"￥4,800","￥5,000代",0
2003-09-05,0,3,ADV,マーベラス,新きせかえ物語,"￥4,800","￥5,000代",0
2003-09-05,0,4,ACT,任天堂,伝説のスタフィー2,"￥4,800","￥5,000代",0
2003-09-11,0,3,PZL,コナミ,わがまま☆フェアリーミルモでポン！～対戦！まほうだま～,"￥5,800","￥6,000代",0
2003-09-12,0,3,ADV,トミー,NARUTO―ナルト―木の葉戦記,"￥4,800","￥5,000代",0
2003-09-12,0,3,RPG,アトラス,真・女神転生デビルチルドレン炎の書,"￥4,800","￥5,000代",0
2003-09-12,0,3,RPG,アトラス,真・女神転生デビルチルドレン氷の書,"￥4,800","￥5,000代",0
2003-09-18,0,4,ADV,コナミ,探偵学園Q名探偵はキミだ！,"￥4,980","￥5,000代",0
2003-09-19,0,3,ETC,カルチャーブレーン,かわいいペット！ゲームギャラリー,"￥3,300","￥3,500代",0
2003-09-26,0,2,SPT,スターフィッシュ,バトル×バトル～巨大魚伝説～,"￥4,800","￥5,000代",0
2003-09-26,0,3,RPG,アトラス,真・女神転生2,"￥4,800","￥5,000代",0
2003-09-26,0,3,ADV,キッズステーション,絶体絶命でんじゃらすじーさん～史上最強の土下座,"￥4,800","￥5,000代",0
2003-10-09,0,4,ACT,コナミ,マーメイドメロディーぴちぴちピッチ,"￥4,980","￥5,000代",0
2003-10-16,0,3,ETC,ハドソン,ボンバーマンジェッターズゲームコレクション,"￥4,800","￥5,000代",0
2003-10-16,0,2,ADV,Ｊウイング,魔探偵ロキRAGNAROK～幻想のラビリンス～,"￥5,800","￥6,000代",0
2003-10-24,0,4,RPG,任天堂,オリエンタルブルー青の天外,"￥4,800","￥5,000代",0
2003-10-24,0,3,RPG,バンプレスト,レジェンドオブダイナミック豪翔伝崩界の輪舞曲,?,?,0
2003-10-31,0,2,PZL,サクセス,みんなのソフトシリーズZOOO,"￥3,654","￥3,500代",0
2003-10-31,0,2,TAB,エム・ティー･オー,みんなのソフトシリーズみんなの麻雀,"￥2,980","￥3,000代",0
2003-10-31,0,2,PZL,サクセス,みんなのソフトシリーズ上海,"￥3,654","￥3,500代",0
2003-11-01,0,2,PZL,トミー,サンリオピューロランドオールキャラクターズ,"￥4,800","￥5,000代",0
2003-11-13,0,3,SPT,エレクトロニック・アーツ,ハリー・ポッタークイディッチ・ワールドカップ,"￥4,800","￥5,000代",0
2003-11-14,0,3,SLG,ティーディーケイコア,こいぬちゃんのはじめてのおさんぽ～子犬のこころ育成ゲーム～,"￥4,800","￥5,000代",0
2003-11-14,0,4,ADV,スクウェア・エニックス,スライムもりもりドラゴンクエスト衝撃のしっぽ団,"￥5,800","￥6,000代",0
2003-11-21,0,2,PZL,メトロ・スリーディジャパン,パズにんうみにんのパズルでにむ,"￥4,800","￥5,000代",0
2003-11-21,0,4,RPG,任天堂,マリオ＆ルイージRPG,"￥4,800","￥5,000代",0
2003-11-21,0,2,ACT,カプコン,ミッキーとドナルドのマジカルクエスト3,"￥4,800","￥5,000代",0
2003-11-21,0,2,ACT,エム・ティー･オー,みんなのソフトシリーズひょっこりひょうたん島ドン・ガバチョ大活躍の巻,"￥3,980","￥4,000代",0
2003-11-27,0,4,RPG,バンダイ,SDガンダムGジェネレーションアドバンス,"￥5,800","￥6,000代",0
2003-11-28,0,4,RAC,任天堂,F-ZEROファルコン伝説,"￥4,800","￥5,000代",0
2003-11-28,0,0,SLG,カルチャーブレーン,ハムスター物語3EX・4・スペシャル,"￥4,800","￥5,000代",0
2003-11-28,0,2,RPG,サクセス,みんなのソフトシリーズテトリスアドバンス,"￥3,654","￥3,500代",0
2003-12-04,0,4,ACT,コナミ,あしたのジョー真っ赤に燃え上がれ,"￥4,980","￥5,000代",0
2003-12-04,0,3,ACT,コナミ,クラッシュ・バンディクーアドバンス2ぐるぐるさいみん大パニック,"￥4,980","￥5,000代",0
2003-12-04,0,4,ACT,セガ,ソニックバトル,"￥4,980","￥5,000代",0
2003-12-04,0,3,SPT,コナミ,パワプロクンポケット6,"￥4,980","￥5,000代",0
2003-12-04,0,3,RPG,タカラ,冒険遊記プラスターワールド伝説のプラストゲートEX,"￥6,800","￥7,000代",0
2003-12-04,0,5,ETC,コナミ,みんなの王子様,"￥4,980","￥5,000代",0
2003-12-05,0,3,ADV,エム・ティー･オー,学園戦記ムリュウ,"￥4,800","￥5,000代",0
2003-12-05,0,2,ACT,ロケットカンパニー,ガチャステダイナデバイス2ドラゴン,"￥4,800","￥5,000代",0
2003-12-05,0,2,ACT,ロケットカンパニー,ガチャステダイナデバイス2フェニックス,"￥4,800","￥5,000代",0
2003-12-05,0,2,PZL,イマジニア,シナモロールここにいるよ,"￥4,800","￥5,000代",0
2003-12-05,0,3,ADV,エポック社,シルバニアファミリー妖精のステッキとふしぎの木,"￥4,800","￥5,000代",0
2003-12-06,0,3,ADV,ユークス,ファインディング・ニモ,"￥4,800","￥5,000代",0
2003-12-11,0,4,ACT,コナミ,ゲゲゲの奇太郎危機一髪妖列島,"￥4,980","￥5,000代",0
2003-12-11,0,2,ACT,アタリジャパン,ゴジラ怪獣大乱闘アドバンス,"￥4,800","￥5,000代",0
2003-12-11,0,4,ACT,コナミ,コロッケ3クラニュー王国の謎,"￥4,980","￥5,000代",0
2003-12-11,0,3,ADV,コナミ,わがままフェアリーミルモでポン8人の時の妖精,"￥6,800","￥7,000代",0
2003-12-12,0,2,ETC,ティーディーケイコア,カードキャプターさくらさくらカードDEミニゲーム！,"￥4,800","￥5,000代",0
2003-12-12,0,3,ACT,バンプレスト,金色のガッシュベルうなれ友情の電撃(ザゲル),"￥4,800","￥5,000代",0
2003-12-12,0,3,ACT,任天堂,スーパードンキーコング,"￥4,800","￥5,000代",0
2003-12-12,0,2,SLG,ティーディーケイコア,ピカピカナース物語はつらつナース育成ゲーム,"￥4,800","￥5,000代",0
2003-12-12,0,3,RPG,カプコン,ロックマンエグゼ4トーナメントブルームーン,"￥4,800","￥5,000代",0
2003-12-12,0,3,RPG,カプコン,ロックマンエグゼ4トーナメントレッドサン,"￥4,800","￥5,000代",0
2003-12-12,0,4,RPG,マーベラス,牧場物語～ミネラルタウンのなかまたちforガール～,"￥4,800","￥5,000代",0
2003-12-18,0,3,ACT,セガ,ASTROBOY鉄腕アトムアトムハートの秘密,"￥4,980","￥5,000代",0
2003-12-18,0,2,PZL,Ｄ３パブリッシャー,SIMPLE2960ともだちシリーズVol.3THEいつでもパズルまっすぐ揃えてストローズ,"￥2,960","￥3,000代",0
2003-12-18,0,2,TAB,Ｄ３パブリッシャー,SIMPLE2960ともだちシリーズVol.4THEトランプみんなで遊べる12種類のトランプゲーム,"￥2,960","￥3,000代",0
2003-12-18,0,4,ACT,コナミ,マーメイドメロディーぴちぴちピッチぴちぴちパーティー,"￥4,980","￥5,000代",0
2003-12-18,0,4,ACT,エレクトロニック・アーツ,メダルオブオナーアドバンス,"￥4,800","￥5,000代",0
2003-12-19,0,3,TAB,エム・ティー･オー,お茶犬の部屋,"￥3,980","￥4,000代",0
2003-12-19,0,3,SLG,カルチャーブレーン,わんわん名探偵,"￥4,800","￥5,000代",0
2003-12-30,0,2,SLG,カルチャーブレーン,魔女っ子クリームちゃんのごっこシリーズ(1)「わんにゃんアイドル学園」,"￥4,800","￥5,000代",0
2004-01-08,0,4,ACT,エレクトロニック・アーツ,ロードオブザリング/王の帰還,"￥4,800","￥5,000代",0
2004-01-22,0,4,SLG,エレクトロニック・アーツ,ザ・シムズ,"￥4,800","￥5,000代",0
2004-01-23,0,3,ADV,カプコン,逆転裁判3,"￥4,800","￥5,000代",0
2004-01-29,0,4,RPG,任天堂,ポケットモンスターファイアレッド,"￥4,800","￥5,000代",154
2004-01-29,0,4,RPG,任天堂,ポケットモンスターリーフグリーン,"￥4,800","￥5,000代",123
2004-02-05,0,4,CARD,コナミ,遊☆戯☆王デュエルモンスターズエキスパート3,"￥4,800","￥5,000代",0
2004-02-11,0,3,ACT,エレクトロニック・アーツ,007エブリシングオアナッシング,"￥4,800","￥5,000代",0
2004-02-12,0,3,ADV,セガ,リリパット王国～リリモニといっしょプニ！～,"￥4,800","￥5,000代",0
2004-02-14,0,2,ACT,任天堂,ファミコンミニ01スーパーマリオブラザーズ,"￥2,000","￥2,000代",128
2004-02-14,0,1,ACT,任天堂,ファミコンミニ02ドンキーコング,"￥2,000","￥2,000代",0
2004-02-14,0,2,ACT,任天堂,ファミコンミニ03アイスクライマー,"￥2,000","￥2,000代",0
2004-02-14,0,1,RAC,任天堂,ファミコンミニ04エキサイトバイク,"￥2,000","￥2,000代",0
2004-02-14,0,1,RPG,任天堂,ファミコンミニ05ゼルダの伝説1,"￥2,000","￥2,000代",0
2004-02-14,0,1,ACT,ナムコ,ファミコンミニ06パックマン,"￥2,000","￥2,000代",0
2004-02-14,0,2,SHT,ナムコ,ファミコンミニ07ゼビウス,"￥2,000","￥2,000代",0
2004-02-14,0,1,ACT,ナムコ,ファミコンミニ08マッピー,"￥2,000","￥2,000代",0
2004-02-14,0,1,ACT,ハドソン,ファミコンミニ09ボンバーマン,"￥2,000","￥2,000代",0
2004-02-14,0,1,SHT,ハドソン,ファミコンミニ10スターソルジャー,"￥2,000","￥2,000代",0
2004-03-04,0,4,ADV,コナミ,探偵学園Q究極トリックに挑め！,"￥4,980","￥5,000代",0
2004-03-05,0,3,SLG,エム・ティー･オー,おしゃれワンコ,"￥5,040","￥5,000代",0
2004-03-05,0,2,RPG,アトラス,ダウンタウン熱血物語ex,"￥4,800","￥5,000代",0
2004-03-05,0,2,ACT,アトラス,ダブルドラゴン双載龍Advance,"￥4,800","￥5,000代",0
2004-03-05,0,3,ACT,ジョルダン,対決！ウルトラヒーロー,"￥4,800","￥5,000代",0
2004-03-11,0,3,SPT,バンダイ,ワンピースゴーイングベースボール,"￥5,040","￥5,000代",0
2004-03-18,0,5,SPT,コナミ,テニスの王子様2004GloriousGold,"￥4,980","￥5,000代",0
2004-03-18,0,5,SPT,コナミ,テニスの王子様2004StylishSilver,"￥4,980","￥5,000代",0
2004-03-18,0,4,CARD,タカラ,デュエル・マスターズ2～インビンシブル・アドバンス～,"￥4,800","￥5,000代",0
2004-03-18,0,5,ACT,コナミ,マーメイドメロディーぴちぴちピッチぴちぴちっとライブスタート！,"￥4,980","￥5,000代",0
2004-03-18,0,3,ADV,キッズステーション,絶体絶命でんぢゃらすじｰさん泣きの1回～絶対服従ばいおれんす校長わがはいが一番えらいんじゃい！！～,"￥4,800","￥5,000代",0
2004-03-18,0,3,CARD,コナミ,遊☆戯☆王双六のスゴロク,"￥4,980","￥5,000代",0
2004-03-25,0,4,RPG,ハドソン,ボボボーボ・ボーボボ9極戦士ギャグ融合,"￥4,800","￥5,000代",0
2004-03-25,0,3,ETC,カルチャーブレーン,魔女っ子クリームちゃんのごっこシリーズ2,?,?,0
2004-03-26,0,3,SLG,ティーディーケイコア,あかちゃんどうぶつ園～動物のあかちゃん飼育係育成ゲーム！！～,"￥4,800","￥5,000代",0
2004-03-26,0,4,ACT,バンプレスト,ドラゴンボールZ舞空闘劇,"￥4,800","￥5,000代",0
2004-03-26,0,2,ADV,マーベラス,ぷくぷく天然かいらんばん-恋のキューピット大作戦-,"￥4,800","￥5,000代",0
2004-03-26,0,3,ADV,マーベラス,リカちゃんのおしゃれ日記,?,?,0
2004-03-26,0,3,RPG,バンダイ,鋼の錬金術師迷走の輪舞曲,"￥4,800","￥5,000代",0
2004-04-01,0,3,RAC,バンダイ,デジモンレーシング,"￥5,040","￥5,000代",0
2004-04-01,0,4,ADV,マーベラス,東京魔人学園符咒封録,"￥6,090","￥6,000代",0
2004-04-02,0,4,SLG,カルチャーブレーン,仔犬といっしょ2～愛情物語～,"￥5,040","￥5,000代",0
2004-04-15,0,4,ACT,任天堂,星のカービィ鏡の大迷宮,"￥4,800","￥5,000代",74
2004-04-16,0,4,ADV,バンプレスト,クレヨンしんちゃん嵐を呼ぶシネマランドの大冒険！,"￥5,040","￥5,000代",0
2004-04-22,0,4,SPT,チュンソフト,シレン・モンスターズNETSAL,"￥5,040","￥5,000代",0
2004-04-22,0,4,SPT,任天堂,マリオゴルフGBAツアー,"￥4,800","￥5,000代",0
2004-04-23,0,3,SLG,NECインターチャネル,Piaキャロットへようこそ！！3.3,"￥5,900","￥6,000代",0
2004-04-23,0,4,ADV,エム・ティー･オー,カードキャプターさくら-さくらカード編-～さくらとカードとおともだち～,?,?,0
2004-04-23,0,3,RPG,カプコン,ロックマンZERO3,"￥5,040","￥5,000代",0
2004-04-23,0,3,SLG,キングレコード,宇宙のステルヴィア,?,?,0
2004-04-29,0,3,ACT,トミー,NARUTO-ナルト-最強忍者大結集2,"￥5,040","￥5,000代",0
2004-04-29,0,4,ADV,フウキ,ZEROONESP,"￥5,040","￥5,000代",0
2004-04-29,0,3,RPG,コナミ,ピューと吹く！ジャガービョ～と出る！メガネくん,"￥5,229","￥5,000代",0
2004-04-29,0,4,ACT,トミー,ミッキーのポケットリゾート,"￥5,040","￥5,000代",0
2004-04-30,0,2,SHT,スターフィッシュ,鋼鉄帝国fromHOT・B,"￥5,040","￥5,000代",0
2004-05-13,0,3,ADV,バンダイ,機動戦士ガンダムSEED友と君と戦場で。,"￥5,040","￥5,000代",0
2004-05-21,0,2,ACT,任天堂,ファミコンミニ11マリオブラザーズ,"￥2,000","￥2,000代",0
2004-05-21,0,2,ACT,任天堂,ファミコンミニ12クルクルランド,"￥2,000","￥2,000代",0
2004-05-21,0,2,ACT,任天堂,ファミコンミニ13バルーンファイト,"￥2,000","￥2,000代",0
2004-05-21,0,2,ACT,任天堂,ファミコンミニ14レッキングクルー,"￥2,000","￥2,000代",0
2004-05-21,0,2,PZL,任天堂,ファミコンミニ15ドクターマリオ,"￥2,000","￥2,000代",0
2004-05-21,0,2,ACT,任天堂,ファミコンミニ16ディグダグ,"￥2,000","￥2,000代",0
2004-05-21,0,2,ACT,任天堂,ファミコンミニ17高橋名人の冒険島,"￥2,000","￥2,000代",0
2004-05-21,0,2,ACT,任天堂,ファミコンミニ18魔界村,"￥2,000","￥2,000代",0
2004-05-21,0,2,SHT,任天堂,ファミコンミニ19ツインビー,"￥2,000","￥2,000代",0
2004-05-21,0,2,ACT,任天堂,ファミコンミニ20がんばれゴエモンからくり道中,"￥2,000","￥2,000代",0
2004-05-27,0,2,ACT,ジャレコ,じゃじゃ丸Jr.伝承記～ジャレコレもあり候～,"￥5,040","￥5,000代",0
2004-05-27,0,3,ACT,任天堂,メトロイドゼロミッション,"￥4,800","￥5,000代",0
2004-06-10,0,4,ACT,任天堂,マリオvs.ドンキーコング,"￥4,800","￥5,000代",0
2004-06-17,0,4,ACT,セガ,ソニックアドバンス3,?,?,0
2004-06-17,0,3,ACT,コナミ,フロッガー古代文明のなぞ,"￥5,229","￥5,000代",0
2004-06-24,0,3,SPT,ミコット・エンド・バサラ,BBボール,"￥6,090","￥6,000代",0
2004-06-24,0,2,ACT,カルチャーブレーン,スーパーチャイニーズ1・2アドバンス,"￥5,040","￥5,000代",0
2004-06-24,0,4,RPG,スクウェア・エニックス,ドラゴンクエストキャラクターズトルネコの大冒険3アドバンス不思議のダンジョン,"￥5,980","￥6,000代",0
2004-06-25,0,3,PZL,エム・ティー･オー,ワンコでくるりん！ワンクル,"￥5,040","￥5,000代",0
2004-06-26,0,4,ACT,エレクトロニック・アーツ,ハリー・ポッターとアズカバンの囚人,"￥5,040","￥5,000代",0
2004-07-01,0,3,ACT,任天堂,スーパードンキーコング2,"￥4,800","￥5,000代",0
2004-07-15,0,4,ACT,バンダイ,かいけつゾロリとまほうのゆうえんちお姫様をすくえ！,"￥5,040","￥5,000代",0
2004-07-15,0,4,SLG,ブロッコリー,でじこミュニケーション2(にょ)打倒！ブラックゲマゲマ団,?,?,0
2004-07-15,0,4,SPT,任天堂,とっとこハム太郎ハムハムスポーツ,"￥4,800","￥4,800",0
2004-07-15,0,3,SLG,ＥＲＴＡＩＮ,モンスターサマナー,?,?,0
2004-07-15,0,3,SLG,コナミ,わがまま☆フェアリーミルモでポン！夢のカケラ,"￥5,229","￥5,000代",0
2004-07-16,0,3,RPG,バンプレスト,金色のガッシュベル！！魔界のブックマーク,"￥5,040","￥5,000代",0
2004-07-16,0,3,ACT,キッズステーション,絶体絶命でんぢゃらすじーさん痛～怒りのおしおきブルース～,?,?,0
2004-07-22,0,4,RAC,コナミ,GetRide！アムドライバー閃光のヒーロー誕生！,"￥5,229","￥5,000代",0
2004-07-22,0,4,RPG,トミー,NARUTO-ナルト-ナルトRPG～受けつがれし火の意志～,"￥5,040","￥5,000代",0
2004-07-22,0,4,ACT,コナミ,コロッケ！4バンクの森の守護神,"￥5,229","￥5,000代",0
2004-07-22,0,3,CARD,タカラ,デュエルマスターズ2切札勝舞Ver.,"￥5,040","￥5,000代",0
2004-07-22,0,3,ADV,ティーディーケイコア,学校の怪談アドバンス～百妖箱の封印～,?,?,0
2004-07-22,0,3,ADV,バンダイ,鋼の錬金術師想い出の奏鳴曲,"￥5,040","￥5,000代",0
2004-07-22,0,4,RPG,コナミ,続ボクらの太陽～太陽少年ジャンゴ～,"￥5,229","￥5,000代",0
2004-07-23,0,3,ACT,バンプレスト,DRAGONBALLZTHELEGACYOFGOKUIIINTERNATIONAL,"￥5,040","￥5,000代",0
2004-07-24,0,3,PZL,セガ,ぷよぷよフィーバー,"￥5,040","￥5,000代",0
2004-07-29,0,4,RPG,スクウェア・エニックス,FINALFANTASYI・IIADVANCE,"￥6,090","￥6,000代",0
2004-07-29,5,3,PZL,アルゼ,ドンちゃんパズル花火でドーン！アドバンス,"￥5,040","￥5,000代",0
2004-07-29,0,3,SPT,コナミコンピュータエンタテインメントスタジオ,パワプロクンポケット1・2,"￥4,179","￥4,000代",0
2004-07-29,0,3,RPG,バンダイ,レジェンズ甦る試練の島,?,?,0
2004-07-29,2,2,SLG,アルゼ,花火百景アドバンス,"￥5,040","￥5,000代",0
2004-08-05,5,3,ADV,アトラス,B-伝説！バトルビーダマン～燃えろ！ビー魂！！～,"￥5,040","￥5,000代",0
2004-08-05,5,3,ACT,バンダイ,SDガンダムフォース,"￥5,040","￥5,000代",0
2004-08-05,2,3,SLG,ロケットカンパニー,ウルトラ警備隊モンスターアタック,?,?,0
2004-08-05,1,3,RPG,セガ,シャニング・フォース～黒き竜の復活～,?,?,0
2004-08-05,0,2,ADV,ロケットカンパニー,どうぶつ島のチョビぐるみ2タマちゃん物語,?,?,0
2004-08-05,5,3,SLG,ティーディーケイコア,ひまわりどうぶつ病院～ペットのお医者さん育成ゲーム～,?,?,0
2004-08-05,1,4,ACT,任天堂,伝説のスタフィー3,"￥5,040","￥5,000代",0
2004-08-06,1,3,RPG,カプコン,ロックマンエグゼ4.5リアルオペレーション,"￥5,040","￥5,000代",0
2004-08-10,0,2,ACT,任天堂,ファミコンミニ21スーパーマリオブラザーズ2,"￥2,000","￥2,000代",0
2004-08-10,0,2,ACT,任天堂,ファミコンミニ22謎の村雨城,"￥2,000","￥2,000代",0
2004-08-10,0,2,ACT,任天堂,ファミコンミニ23メトロイド,"￥2,000","￥2,000代",0
2004-08-10,0,2,ACT,任天堂,ファミコンミニ24光神話パルテナの鏡,"￥2,000","￥2,000代",0
2004-08-10,0,2,RPG,任天堂,ファミコンミニ25リンクの冒険,"￥2,000","￥2,000代",0
2004-08-10,0,2,ADV,任天堂,ファミコンミニ26ふぁみこんむかし話新・鬼ヶ島前後編,"￥2,000","￥2,000代",0
2004-08-10,0,2,ADV,任天堂,ファミコンミニ27ファミコン探偵倶楽部消えた後継者前後編,"￥2,000","￥2,000代",0
2004-08-10,0,2,ADV,任天堂,ファミコンミニ28ファミコン探偵倶楽部PART2うしろに立つ少女前後編,"￥2,000","￥2,000代",0
2004-08-10,0,2,ACT,コナミ,ファミコンミニ29悪魔城ドラキュラ,"￥2,000","￥2,000代",0
2004-08-10,0,2,SLG,バンダイ,ファミコンミニ30SDガンダムワールドガチャポン戦士スクランブルウォーズ,"￥2,000","￥2,000代",0
2004-08-20,0,4,RPG,バンプレスト,サモンナイトクラフトソード物語2,?,?,0
2004-08-26,0,3,RAC,コナミ,クラッシュ・バンディクー爆走！ニトロカート,"￥5,040","￥5,000代",0
2004-08-26,0,4,ADV,任天堂,スーパーマリオボール,"￥4,800","￥5,000代",0
2004-09-09,0,4,ACT,ハドソン,ボボボーボ・ボーボボ爆闘ハジケ大戦,?,?,0
2004-09-16,0,4,RPG,任天堂,ポケットモンスターエメラルド,"￥4,800","￥5,000代",180
2004-09-22,0,3,SPT,タカラ,DANDOH！！飛ばせ！勝利のスマイルショット！！,?,?,0
2004-09-22,0,3,ACT,トレジャー,アドバンスガーディアンヒーローズ,"￥5,040","￥5,000代",0
2004-09-22,0,3,RPG,エム・ティー･オー,エンジェルコレクション2ピチモになろう,?,?,0
2004-09-24,0,2,TAB,サクセス,みんなのソフトシリーズみんなの将棋,?,?,0
2004-10-07,0,4,RPG,任天堂,ファイアーエムブレム聖魔の光石,"￥4,800","￥5,000代",0
2004-10-14,0,4,ACT,任天堂,まわるメイドインワリオ,"￥4,800","￥5,000代",0
2004-10-21,0,4,RAC,任天堂,エフゼロクライマックス,"￥4,800","￥5,000代",0
2004-10-21,0,3,ACT,キッズステーション,戦闘員山田はじめ,"￥5,040","￥5,000代",0
2004-10-22,0,3,ETC,カルチャーブレーン,ツインシリーズ2おしゃれプリンセス4/恋愛占い大作戦,?,?,0
2004-10-28,0,2,PZL,エム・ティー・オー,お茶犬くるりん～ほんわかパズルでほっとしよ？～,?,?,0
2004-10-28,0,2,RPG,バンダイ,バトローラーX,?,?,0
2004-10-28,0,3,SLG,ティーディーケイコア,フルーツ村のどうぶつたち,"￥5,040","￥5,000代",0
2004-10-28,0,2,ETC,ジャレコ,燃えろ！！ジャレココレクション,"￥5,040","￥5,000代",0
2004-11-04,0,2,ETC,アイイーインスティテュート,□いアタマを○くする。アドバンス-漢字・計算-,?,?,0
2004-11-04,0,2,ETC,アイイーインスティテュート,□いアタマを○くする。アドバンス-国語・算数・社会・理科-,?,?,0
2004-11-04,0,3,TAB,ロケットカンパニー,スーパーリアル麻雀同窓会,?,?,0
2004-11-04,0,4,ADV,任天堂,ゼルダの伝説ふしぎのぼうし,?,?,0
2004-11-04,0,3,RPG,ロケットカンパニー,真・女神転生デビルチルドレンメシアライザー,"￥5,040","￥5,000代",0
2004-11-11,0,5,RPG,スクウェア・エニックス,キングダムハーツチェインオブメモリーズ,"￥6,279","￥6,500代",0
2004-11-18,0,4,ACT,バンプレスト,ドラゴンボールアドバンスアドベンチャー,"￥5,040","￥5,000代",0
2004-11-18,0,3,ACT,SNKプレイモア,メタルスラッグアドバンス,?,?,0
2004-11-18,0,3,ADV,キッズステーション,学園アリス～ドキドキ★不思議たいけん～,?,?,0
2004-11-19,0,2,ACT,ユークス,ファインディング・ニモ-新しい冒険-,?,?,0
2004-11-25,0,4,RPG,スティング,Riviera～約束の地リヴィエラ～,"￥6,090","￥6,000代",0
2004-11-25,0,3,SLG,エム・ティー・オー,かわいい仔犬ワンダフル,"￥5,040","￥5,000代",0
2004-11-25,0,3,ACT,バンダイ,機動戦士ガンダムSEEDDESTINY,"￥5,040","￥5,000代",0
2004-11-25,0,3,ADV,バンダイ,忘却の旋律,"￥6,090","￥6,000代",0
2004-11-25,0,3,SLG,任天堂,ゲームボーイウォーズアドバンス1+2,"￥4,751","￥5,000代",0
2004-11-27,0,2,ACT,アルゼ,アレックボードンアドベンチャータワー＆シャフトアドバンス,?,?,0
2004-12-02,0,2,SLG,バンダイ,Kiss×Kiss星鈴学園,"￥5,040","￥5,000代",0
2004-12-02,0,3,ACT,ディースリー・パブリッシャー,Mr.インクレディブル,"￥5,040","￥5,000代",0
2004-12-02,0,5,ADV,エレクトロニック・アーツ,ザ・アーブズシムズ・イン・ザ・シティ,"￥5,040","￥5,000代",0
2004-12-02,0,5,ACT,イマジニア,シナモンゆめの大冒険,?,?,0
2004-12-02,0,3,SLG,エポック社,シルバニアファミリーファッションデザイナーになりたい！くるみリスの女の子,"￥5,040","￥5,000代",0
2004-12-02,0,3,SPT,コナミ,パワプロクンポケット7,"￥5,229","￥5,000代",0
2004-12-09,0,4,ACT,ビベンディ ユニバーサル ゲームズ,クラッシュ・バンディクーアドバンスわくわく友ダチ大作戦！,"￥5,040","￥5,000代",0
2004-12-09,0,2,RAC,サンライズインタラクティブ,ケロロ軍曹対決！激走ケロンプリ大作戦であります！！,"￥5,040","￥5,000代",0
2004-12-09,0,4,RPG,コナミ,コロッケ！Great時空の冒険者,"￥5,040","￥5,000代",0
2004-12-09,0,4,ACT,ビベンディ ユニバーサル ゲームズ,スパイロアドバンスわくわく友ダチ大作戦！,"￥5,040","￥5,000代",0
2004-12-09,0,3,SLG,ティーディーケイコア,ハロー！アイドルデビュー～キッズアイドル育成ゲーム～,?,?,0
2004-12-09,0,3,ADV,マーベラスインタラクティブ,ぷくぷく天然かいらんばんようこそ！イリュージョンランドへ,?,?,0
2004-12-09,0,2,ACT,バンダイ,ふたりはプリキュアありえな～い！夢の国は大迷宮,"￥5,040","￥5,000代",0
2004-12-09,0,3,?,アガツマ・エンタテインメント,ポケいぬ,?,?,0
2004-12-09,0,3,ACT,任天堂,ヨッシーの万有引力,"￥4,800","￥5,000代",0
2004-12-09,0,3,RPG,カプコン,ロックマンエグゼ5チーム・オブ・ブルース,"￥4,990","￥5,000代",0
2004-12-09,0,3,RPG,バンダイ,陰陽大戦記零式,"￥5,040","￥5,000代",0
2004-12-10,0,3,ETC,カルチャーブレーン,ツインシリーズVol.3「ムシモン王者決定戦昆虫モンスター/スーパーチャイニーズラビリンス」,"￥5,040","￥5,000代",0
2004-12-10,0,4,ETC,カルチャーブレーン,ツインシリーズVol.4「ハムハムモンスターEX/ファンタジーパズルハムスター物語魔法の迷宮1.2.3」,"￥4,599","￥4,500代",0
2004-12-10,0,4,ETC,カルチャーブレーン,ツインシリーズVol.5「わんわん名探偵EX/魔法の国のケーキ屋さん物語」,"￥4,599","￥4,500代",0
2004-12-10,0,3,ETC,カルチャーブレーン,ツインシリーズVol.6「わんにゃんアイドル学園/仔犬といっしょスペシャル」,"￥4,599","￥4,500代",0
2004-12-16,0,4,ACT,コナミ,GetRide！アムドライバー出撃！バトルパーティー,"￥5,040","￥5,000代",0
2004-12-16,0,3,RPG,トミー,ZOIDSSAGAフューザーズ,"￥5,040","￥5,000代",0
2004-12-16,0,3,CARD,アトラス,デュエル・マスターズ3,"￥5,040","￥5,000代",0
2004-12-16,0,3,SLG,エム・ティー・オー,リトルパティシエケーキのお城,"￥5,040","￥5,000代",0
2004-12-16,0,3,ACT,コナミ,わがまま☆フェアリーミルモでポン！なぞのカギと真実のトビラ,"￥4,725","￥4,500代",0
2004-12-16,0,3,RPG,ティーディーケイコア,わんこ・みっくす,?,?,0
2004-12-16,0,3,RPG,イマジニア,真型メダロット(カブトバージョン),?,?,0
2004-12-16,0,3,RPG,イマジニア,真型メダロット(クワガタバージョン),?,?,0
2004-12-16,0,3,ACT,キッズステーション,絶体絶命でんぢゃらすじーさん3～果てしなき魔物語～,?,?,0
2004-12-17,0,3,ETC,カルチャーブレーン,かわいいペットゲームギャラリー2,"￥3,654","￥3,500代",0
2004-12-17,0,2,ETC,カルチャーブレーン,ツインパズル,"￥3,599","￥3,500代",0
2004-12-22,0,4,RPG,エレクトロニック・アーツ,ロード・オブ・ザ・リング中つ国第三紀,"￥5,040","￥5,000代",0
2004-12-22,0,4,ACT,バンプレスト,金色のガッシュベル！！うなれ！友情の電撃2,"￥5,040","￥5,000代",0
2004-12-23,0,4,ACT,コナミ,幻星神ジャスティライザー装着！地球の戦士たち,"￥5,040","￥5,000代",0
2004-12-30,0,4,CARD,コナミ,遊戯王デュエルモンスターズインターナショナル2,"￥5,040","￥5,000代",0
2005-01-06,0,4,RPG,ナムコ,テイルズオブザワールドなりきりダンジョン3,"￥5,040","￥5,000代",0
2005-01-13,0,3,ETC,任天堂,マリオパーティアドバンス,"￥4,800","￥5,000代",0
2005-01-14,0,2,TAB,サクセス,みんなのソフトシリーズハッピートランプ20,"￥3,129","￥3,000代",0
2005-01-20,0,4,RPG,コナミ,ホビットの冒険ロードオブザリングはじまりの物語,?,?,0
2005-01-20,0,4,RPG,バンダイ,冒険王ビィトバスターズロード,?,?,0
2005-01-27,0,2,ACT,バンダイ,がんばれ！ドッジファイターズ,"￥5,040","￥5,000代",0
2005-01-27,0,2,RPG,コーエー,三國志英傑伝,"￥5,040","￥5,000代",0
2005-01-27,0,3,RPG,コーエー,三國志孔明伝,"￥5,040","￥5,000代",0
2005-01-27,0,3,ADV,マーベラスインタラクティブ,探偵神宮寺三郎白い影の少女,?,?,0
2005-02-03,0,4,RPG,バンプレスト,スーパーロボット大戦ORIGINALGENERATION2,?,?,0
2005-02-17,0,4,RPG,バンダイ,レジェンズサインオブネクロム,"￥6,279","￥6,500代",0
2005-02-24,0,3,RPG,カプコン,ロックマンエグゼ5チームオブカーネル,?,?,0
2005-03-10,0,3,SPT,tasuke,めざせ！甲子園！,?,?,0
2005-03-10,0,4,SLG,任天堂,千年家族,"￥4,800","￥5,000代",0
2005-03-17,0,3,ACT,コナミ,カッパの飼い方-HowTobreedkappas-かぁたん大冒険,"￥5,040","￥5,000代",0
2005-03-24,0,3,TAB,エム・ティー・オー,にゃんにゃんにゃんこのにゃんコレクション,?,?,0
2005-03-24,0,4,ACT,コーエー,真・三國無双アドバンス,"￥5,040","￥5,000代",0
2005-03-31,0,3,ACT,タイトー,シャーク・テイル,"￥5,040","￥5,000代",0
2005-04-21,0,4,ACT,カプコン,ロックマンゼロ4,?,?,0
2005-04-21,0,4,ACT,コナミ,傑作選！がんばれゴエモン1.2ゆき姫とマッギネス,"￥3,990","￥4,000代",0
2005-04-21,0,3,ADV,バンプレスト,名探偵コナン暁のモニュメント,"￥5,040","￥5,000代",0
2005-04-28,0,4,RPG,バンダイ,ONEPIECEドラゴンドリーム！,"￥5,040","￥5,000代",0
2005-04-28,0,3,SLG,任天堂,TheTowerSP,"￥4,800","￥5,000代",0
2005-04-28,0,3,ACT,エム・ティー・オー,お茶犬の夢冒険,"￥4,410","￥4,500代",0
2005-04-28,0,2,ACT,イマジニア,リラックマなまいにち,"￥5,040","￥5,000代",0
2005-05-03,0,3,SLG,カルチャーブレーン,昆虫モンスター・バトルスタジアム,"￥5,040","￥5,000代",0
2005-05-03,0,3,SLG,カルチャーブレーン,昆虫モンスター・バトルマスター,"￥5,040","￥5,000代",0
2005-05-19,0,3,ADV,バンダイ,ファンタジックチルドレン,"￥5,040","￥5,000代",0
2005-05-19,0,3,ACT,任天堂,ぶらぶらドンキー,"￥3,800","￥4,000代",0
2005-06-16,0,3,PZL,任天堂,のののパズルちゃいリアン,"￥3,800","￥4,000代",0
2005-06-23,0,4,RPG,マーベラスインタラクティブ,魔法先生ネギま！プライベートレッスンだめですぅ♥図書館島,?,?,0
2005-06-30,0,4,RPG,コナミ,メルヘヴン～KNOCKIN'ONHEAVEN'SDOOR～,"￥5,040","￥5,000代",0
2005-06-30,0,5,RPG,セガ,甲虫王者ムシキング～グレイテストチャンピオンへの道～,"￥5,040","￥5,000代",64
2005-06-30,0,4,TAB,ハドソン,桃太郎電鉄G～ゴールド・デッキを作れ！,"￥5,040","￥5,000代",0
2005-07-07,0,3,ADV,トミー,エレメンタルジェレイド～封印されし謳～,"￥5,040","￥5,000代",0
2005-07-07,0,3,TAB,カルチャーブレーン,おしゃれプリンセス5,"￥5,040","￥5,000代",0
2005-07-07,0,4,ACT,アイドス,レゴスター・ウォーズ,"￥5,040","￥5,000代",0
2005-07-21,0,5,ACT,セガ,BLEACHアドバンス紅に染まる尸魂界,"￥5,040","￥5,000代",0
2005-07-21,0,3,ACT,ディースリー・パブリッシャー,キム・ポッシブル,"￥5,040","￥5,000代",0
2005-07-21,0,3,ACT,ディースリー・パブリッシャー,リロアンドスティッチ,"￥5,040","￥5,000代",0
2005-07-21,0,3,ACT,バンダイ,機動劇団はろ一座ハロのぷよぷよ,"￥5,040","￥5,000代",0
2005-07-28,0,3,ACT,バンダイ,ふたりはプリキュアマックスハートマジ？マジ？！ファイトdeINじゃない,"￥5,040","￥5,000代",0
2005-07-28,0,0,ADV,ビベンディ ユニバーサル ゲームズ,ロボッツ,"￥4,515","￥4,500代",0
2005-07-28,0,4,CARD,バンプレスト,金色のガッシュベル！！THECARDBATTLEforGBA,"￥5,040","￥5,000代",0
2005-07-28,0,4,RPG,コナミ,新・ボクらの太陽～逆襲のサバタ～,"￥5,229","￥5,000代",0
2005-08-04,0,0,ACT,アトラス,B-伝説！バトルビーダマン～炎魂(ファイヤースピリッツ)～,"￥5,040","￥5,000代",0
2005-08-11,0,2,TAB,カルチャーブレーン,プロ麻雀「兵」GBA,?,?,0
2005-08-11,0,0,ADV,バンダイ,マダガスカル,"￥5,040","￥5,000代",0
2005-08-11,0,0,ACT,カルチャーブレーン,昆虫の森の大冒険～ふしぎな世界の住人達～,"￥5,040","￥5,000代",0
2005-08-25,0,0,ACT,アトラス,くにおくん熱血コレクション1,"￥5,040","￥5,000代",0
2005-09-08,0,0,ADV,ディースリー・パブリッシャー,ティム・バートンナイトメア・ビフォア・クリスマスパンプキン・キング,"￥5,040","￥5,000代",0
2005-09-08,0,0,ADV,コナミ,わがまま☆フェアリーミルモでポン！どきどきメモリアルパニック,"￥5,040","￥5,000代",0
2005-09-13,0,0,PZL,任天堂,Dr.MARIO＆パネルでポン,"￥2,000","￥2,000代",0
2005-09-13,0,0,SPT,任天堂,マリオテニスアドバンス,"￥3,800","￥4,000代",0
2005-09-15,0,0,RPG,バンプレスト,スーパーロボット大戦J,"￥6,090","￥6,000代",0
2005-09-22,0,0,ACT,任天堂,スクリューブレイカー轟振どりるれろ,"￥3,800","￥4,000代",0
2005-10-06,0,0,SHT,セガ,ガンスタースーパーヒーローズ,"￥5,040","￥5,000代",0
2005-10-13,0,0,PZL,任天堂,通勤ヒトフデ,"￥2,800","￥3,000代",0
2005-10-13,0,0,CARD,コナミ,遊☆戯☆王デュエルモンスターズGX～めざせデュエルキング！～,"￥5,229","￥5,000代",0
2005-10-27,0,0,RPG,マーベラスインタラクティブ,FRONTIERSTORIES‐フロンティアストーリーズ,"￥5,040","￥5,000代",0
2005-10-27,0,0,ACT,アトラス,くにおくん熱血コレクション2,?,?,0
2005-11-03,0,0,ACT,アトラス,みらくる！ぱんぞう7つの星の宇宙海賊,?,?,0
2005-11-17,0,0,RPG,任天堂,ポケモン不思議のダンジョン赤の救助隊,"￥4,800","￥5,000代",72
2005-11-23,0,0,RPG,カプコン,ロックマンエグゼ6電脳獣グレイガ,"￥5,040","￥5,000代",0
2005-11-23,0,0,RPG,カプコン,ロックマンエグゼ6電脳獣ファルザー,"￥5,040","￥5,000代",0
2005-11-24,0,0,ACT,バンプレスト,金色のガッシュベル！！友情の電撃ドリームタッグトーナメント,"￥5,040","￥5,000代",0
2005-12-01,0,0,ACT,ロケットカンパニー,シナモンふわふわ大作戦,"￥5,040","￥5,000代",0
2005-12-01,0,0,ACT,任天堂,スーパードンキーコング3,"￥3,800","￥4,000代",0
2005-12-08,0,0,RPG,バンプレスト,サモンナイトクラフトソード物語はじまりの石,"￥5,040","￥5,000代",0
2005-12-08,0,0,ADV,バンダイ,シュガシュガルーンハートがいっぱい萌黄学園,"￥5,040","￥5,000代",0
2005-12-09,0,0,SPT,カルチャーブレーン,超人ウルトラベースボールGBA,?,?,0
2005-12-15,0,0,RPG,スクウェア・エニックス,FINALFANTASYIVADVANCE,"￥5,040","￥5,000代",0
2005-12-15,0,0,ACT,ディースリー・パブリッシャー,チキン・リトル,?,?,0
2005-12-22,0,0,ACT,ディースリー・パブリッシャー,HiHi！PuffyAmiYumi史上最大のワールドツアー！,?,?,0
2005-12-22,0,0,ADV,コナミ,アニマル横町～どき☆どき救出大作戦！の巻～,"￥5,229","￥5,000代",0
2005-12-22,0,0,ACT,エム・ティー・オー,お茶犬の冒険島～ほんわか夢のアイランド～,"￥4,410","￥4,500代",0
2005-12-22,0,0,ACT,ハドソン,ハドソンベストコレクションVol.1ボンバーマンコレクション,"￥2,940","￥3,000代",0
2005-12-22,0,0,PZL,ハドソン,ハドソンベストコレクションVol.2ロードランナーコレクション,"￥2,940","￥3,000代",0
2005-12-22,0,0,ACT,ハドソン,ハドソンベストコレクションVol.3アクションコレクション,"￥2,940","￥3,000代",0
2005-12-22,0,0,ACT,ハドソン,ハドソンベストコレクションVol.4謎解きコレクション,"￥2,940","￥3,000代",0
2006-01-19,0,0,SHT,ハドソン,ハドソンベストコレクションVol.5シューティングコレクション,"￥2,940","￥3,000代",0
2006-01-19,0,0,ACT,ハドソン,ハドソンベストコレクションVol.6冒険島コレクション,"￥2,940","￥3,000代",0
2006-01-26,0,0,PZL,セガ,ダブルパックソニックアドバンス＆チューチューロケット,?,?,0
2006-01-26,0,0,PZL,セガ,ダブルパックソニックバトル＆ソニックアドバンス,?,?,0
2006-01-26,0,0,PZL,セガ,ダブルパックソニックピンボールパーティ＆ソニックバトル,?,?,0
2006-02-09,0,0,ACT,セガ,Mr.インクレディブル～強敵アンダーマイナー登場～,"￥5,040","￥5,000代",0
2006-02-09,0,0,RPG,マーベラスインタラクティブ,川のぬしづり3＆4,?,?,0
2006-02-16,0,0,ACT,アトラス,くにおくん熱血コレクション3,?,?,0
2006-02-23,0,0,CARD,コナミ,遊戯王デュエルモンスターズエキスパート2006,"￥5,229","￥5,000代",0
2006-03-02,0,0,ACT,バンプレスト,うえきの法則神器炸裂！能力者バトル,"￥5,040","￥5,000代",0
2006-03-03,0,0,TAB,カルチャーブレーン,闘牌伝説「アカギ」～闇に舞い降りた天才～,"￥5,040","￥5,000代",0
2006-03-23,0,0,ACT,バンプレスト,クレヨンしんちゃん伝説を呼ぶオマケの都ショックガーン！,?,?,0
2006-03-23,0,0,SPT,コナミ,パワポケダッシュ,"￥5,229","￥5,000代",0
2006-03-23,0,0,RPG,スティング,ユグドラ・ユニオン,"￥6,090","￥6,000代",0
2006-03-23,0,0,RPG,マーベラスインタラクティブ,魔法先生ネギま！プライベートレッスン2お邪魔しますうパラサイトでチュ～,?,?,0
2006-04-06,0,0,ADV,任天堂,アイシールド21DEVILBATSDEVILDAYS,"￥3,800","￥4,000代",0
2006-04-06,0,0,PZL,サクセス,みんなのソフトシリーズナンプレアドバンス,?,?,0
2006-04-20,0,0,RPG,任天堂,MOTHER3,"￥4,800","￥5,000代",0
2006-05-18,0,0,PZL,コナミデジタルエンタテインメント,アニマル横町～どき☆どき進級試験！の巻～,"￥4,179","￥4,000代",0
2006-05-18,0,0,SLG,任天堂,カルチョビット,"￥3,800","￥4,000代",0
2006-07-06,0,0,RAC,THQジャパン,カーズ,"￥3,990","￥4,000代",0
2006-07-13,0,0,PZL,任天堂,bitGenerationsシリーズ1ダイアルヘックス,"￥2,000","￥2,000代",0
2006-07-13,0,0,RAC,任天堂,bitGenerationsシリーズ1ドットストリーム,"￥2,000","￥2,000代",0
2006-07-13,0,0,ACT,任天堂,bitGenerationsシリーズ1バウンディッシュ,"￥2,000","￥2,000代",0
2006-07-27,0,0,ACT,任天堂,bitGenerationsシリーズ2オービタル,"￥2,000","￥2,000代",0
2006-07-27,0,0,PZL,任天堂,bitGenerationsシリーズ2カラリス,"￥2,000","￥2,000代",0
2006-07-27,0,0,ACT,任天堂,bitGenerationsシリーズ2サウンドボイジャー,"￥2,000","￥2,000代",0
2006-07-27,0,0,ACT,任天堂,bitGenerationsシリーズ2テジドライブ,"￥2,000","￥2,000代",0
2006-08-03,0,0,ETC,任天堂,リズム天国,"￥3,800","￥4,000代",0
2006-10-02,0,0,RPG,スクウェア・エニックス,FINALFANTASYVADVANCE,"￥5,040","￥5,000代",0
2006-11-30,0,0,RPG,スクウェア・エニックス,FINALFANTASYVIADVANCE,"￥5,040","￥5,000代",0
@CsvOptions:,,,,,,,,
dataType=0,,,,,,,,
title=「ゲームボーイアドバンス」ソフト一覧,,,,,,,,
dataReference=<ul><li><a target%3d'_blank' href%3d'http://pasofami.game.coocan.jp/game/game.htm'>各種ゲーム機 カセット・ソフトタイトルリスト@pasofami</a></li><li><a target%3d'_blank' href%3d'http://www.gamegyokai.com/rank/gba.htm'>ゲームボーイアドバンスソフト販売本数@ゲーム業界.com</a></li><li>wikipedia</ul>,,,,,,,,
detailType=city,,,,,,,,
isMakeAutocompleteData=1,,,,,,,,
chartName[imagePath]=/img/game/maker,,,,,,,,
chartName[imageTooltip]=img,,,,,,,,
chartCity[imagePath]=/img/game/gba,,,,,,,,
chartCity[imageTooltip]=all,,,,,,,,
chartCity[orderYmd]=1,,,,,,,,
chartCity[orderUI]=1,,,,,,,,
chartDate[elasticY]=0,,,,,,,,
chartDate[width]=1000,,,,,,,,
chartDate[format]=YYYY,,,,,,,,
chartSex[chartType]=bar,,,,,,,,
chartSex[isLegend]=0,,,,,,,,
"chartAge[unit]=[""不明"",""8M"",""32M"",""64M"",""128M"",""256M""]",,,,,,,,
"chartSex[unit]=[""不明"",""SRAM"",""FLASH"",""FLASH1"",""FLASH2"",""EEP"",""None""]",,,,,,,,
editUrl=https://docs.google.com/spreadsheets/d/1P3J3yVB_wKhT_bLwGjvdb11rXYmwapne5RZtqNKL-ws