発売年,ハード,ジャンル,容量(bit),メーカー,タイトル,価格,ジョブカテゴリ,カウント,マッパー
1986-01-01,MSX,SHT,1M,アスキー,1942,"￥5,800","￥6,000代",1,ASCII_8KB
1987-01-01,MSX2,SHT,1M,アスキー,1942,"￥5,980","￥6,000代",1,ASCII_8KB
1986-01-01,MSX,SPT,32K,アイレム,10ヤードファイト,"￥4,900","￥5,000代",1,Mirrored
1980-01-01,MSX,ETC,16K,カシオ,16KB増設RAMカートリッジ,￥,￥0代,1,?
1985-01-01,MSX,ETC,32K,ヤマハ,32KB拡張RAMカートリッジ,"￥9,800","￥10,000代",1,?
1983-01-01,MSX,SLG,16K,T＆E SOFT,3Dゴルフシミュレーション,"￥5,800","￥6,000代",1,Basic(startat0x8000)
1984-01-01,MSX,SLG,16K,T＆E SOFT,3Dゴルフシミュレーション・高速版,"￥5,800","￥6,000代",1,Basic(startat0x8000)
1983-01-01,MSX,SPT,16K,アスキー,3Dテニス,"￥4,800","￥5,000代",1,Basic(startat0x8000)
1980-01-01,不明,-,不明,ＨＡＬ研究所,8つの戦場,￥,￥0代,1,?
1983-01-01,MSX,-,16K,東芝/東芝ＥＭＩ,A.E.(AE),"￥5,800","￥6,000代",1,Mirrored
1980-01-01,MSX2,-,1M,ＨＡＬ研究所,ALTERSSTELA,￥,￥0代,1,?
1989-01-01,MSX2,-,1M,ポニーキャニオン,A列車で行こう,"￥7,800","￥8,000代",1,ASCII_16KB+SRAM
1980-01-01,不明,-,不明,日本エレクトロニクス,BANGBANG(BANG!BANG!),￥,￥0代,1,?
1985-01-01,MSX,-,不明,ハート電子産業,BASICコンパイラ,"￥15,000","￥15,000代",1,?
1984-01-01,MSX,-,32K,カシオ,BASIC入門,"￥5,800","￥6,000代",1,Mirrored
1985-01-01,MSX,-,32K,カシオ,BASIC入門2,"￥5,800","￥6,000代",1,Mirrored
1983-01-01,MSX,-,16K,レイゾン,BEE＆FLOWER,"￥4,800","￥5,000代",1,*0
1985-01-01,MSX,-,不明,コーラル,CAP-XMASTER,"￥9,800","￥10,000代",1,?
1984-01-01,MSX,-,16K,日本エレクトロニクス,CHEESE,￥,￥0代,1,Mirrored
1985-01-01,MSX2,-,32K,日本エレクトロニクス,CHEESE2,"￥6,800","￥7,000代",1,Mirrored
1984-01-01,MSX,-,16K,東芝/東芝ＥＭＩ,D-DAY,"￥4,800","￥5,000代",1,Mirrored
1987-01-01,MSX2,-,1M,日本テレネット,DIRESネットワーク・バージョン,￥,￥0代,1,ASCII_8KB+SRAM
1985-01-01,MSX,-,不明,ヤマハ,DISK日本語ワープロユニット,"￥49,800","￥50,000代",1,?
1987-01-01,MSX,-,16K,アイツー,Dr.COPY電光石火PartII,￥,￥0代,1,Mirrored
1984-01-01,MSX,-,16K,ヤマハ,DX7音色プログラム,"￥7,800","￥8,000代",1,Mirrored
1986-01-01,MSX,-,不明,ヤマハ,DX7音色プログラム2,"￥9,800","￥10,000代",1,Mirrored
1985-01-01,MSX,-,不明,ヤマハ,DX9音色プログラム,"￥7,800","￥8,000代",1,Mirrored
1984-01-01,MSX,-,16K,ソニー,E.I.HBS-G017C,"￥4,000","￥4,000代",1,Mirrored
1988-01-01,MSX2,-,不明,ソニー,EasyTelopper2,"￥39,000","￥39,000代",1,?
1984-01-01,MSX,-,16K,ＨＡＬ研究所,EDDY2,"￥5,600","￥5,500代",1,Mirrored
1987-01-01,MSX2,-,1M,システムソフト,F-15ストライクイーグル,￥,￥0代,1,ASCII_8KB
1985-01-01,MSX,-,16K,NEXA,F16ファイティングファルコン,"￥5,800","￥6,000代",1,Mirrored
1987-01-01,MSX,-,1M,コナミ,F1スピリット,"￥5,800","￥6,000代",1,Konami58KB(SCC)
1985-01-01,MSX,-,32K,ヤマハ,FB-01音色プログラム,￥,￥0代,1,*0
1980-01-01,MSX2,-,1M,サブロジック,FliqhtSimulatorwithTorpedo,￥,￥0代,1,?
1985-01-01,MSX,-,不明,ヤマハ,FMオート・アレンジャー,"￥9,800","￥10,000代",1,?
1986-01-01,MSX,-,不明,ヤマハ,FMオート・アレンジャーUTILITY,"￥9,800","￥10,000代",1,?
1985-01-01,MSX,-,不明,ヤマハ,FMサウンドシンセサイザーユニット,"￥19,800","￥20,000代",1,?
1985-01-01,MSX,-,不明,ヤマハ,FMサウンドシンセサイザーユニット2,"￥29,800","￥30,000代",1,?
1984-01-01,MSX,-,16K,ヤマハ,FMミュージックコンポーザ,"￥7,800","￥8,000代",1,Mirrored
1984-01-01,MSX,-,32K,ヤマハ,FMミュージックコンポーザ2,"￥9,800","￥10,000代",1,Mirrored
1984-01-01,MSX,-,32K,ヤマハ,FMミュージックマクロ,"￥7,800","￥8,000代",1,Mirrored
1985-01-01,MSX,-,不明,ヤマハ,FMミュージックマクロ2,"￥9,800","￥10,000代",1,?
1985-01-01,MSX,-,不明,リットーミュージック,FMミュージックライター,"￥5,800","￥6,000代",1,?
1985-01-01,MSX,-,16K,ヤマハ,FM音色プログラム,"￥7,800","￥8,000代",1,Standard(startat0x4000)
1985-01-01,MSX,-,不明,ヤマハ,FM音色プログラム2,"￥9,800","￥10,000代",1,?
1987-01-01,MSX,-,16K,パナソフト,FS-FD1DiskBasic1.0,￥,￥0代,1,?
1987-01-01,MSX,-,16K,パナソフト,FS-FD1ADiskBasic1.0,￥,￥0代,1,?
1985-01-01,MSX,-,16K,松下電器産業,FS-FD351DiskBasic1.0,￥,￥0代,1,?
1980-01-01,不明,-,不明,松下電器産業,FS-SR021ワープロカートリッジ,￥,￥0代,1,?
1986-01-01,MSX,-,32K,松下電器産業,FS-SR022MSX文節変換辞書,￥,￥0代,1,[FS-SR022_MSX文節変換辞書] rom
1980-01-01,不明,-,不明,松下電器産業,FS-SR02348ドット毛筆カートリッジ,￥,￥0代,1,?
1985-01-01,MSX,-,32K,ポニーキャニオン,G.P.ワールド,"￥5,500","￥5,500代",1,Mirrored
1987-01-01,MSX2,-,8M,ＨＡＬ研究所,HALNOTE,"￥29,800","￥30,000代",1,[Halnote] rom
1987-01-01,MSX,-,16K,ソニー,HBD-F1DiskBasic1.0,￥,￥0代,1,?
1988-01-01,MSX,-,16K,ソニー,HB-F1XDJDiskBasic1.0,￥,￥0代,1,?
1988-01-01,MSX,-,16K,ソニー,HB-F1XVDiskBasic1.0,￥,￥0代,1,?
1985-01-01,MSX,-,不明,ハドソン,Hucalデータ君,"￥12,800","￥13,000代",1,?
1984-01-01,MSX,-,32K,アスキー,J.P.ウインクル,"￥4,800","￥5,000代",1,Mirrored
1985-01-01,MSX,-,16K,マスティール,JUMP,"￥4,800","￥5,000代",1,Mirrored
1980-01-01,不明,-,不明,ピクセル,LIFEM36PLANET,￥,￥0代,1,ASCII_8KB
1980-01-01,不明,-,不明,BIT2,MIDIサウルス,￥,￥0代,1,?
1986-01-01,MSX,-,32K,ヤマハ,MIDIマクロ,￥,￥0代,1,Mirrored
1985-01-01,MSX,-,不明,ヤマハ,MIDIレコーダ,"￥9,800","￥10,000代",1,?
1983-01-01,MSX,-,16K,アスキー,MOLE,"￥4,800","￥5,000代",1,Mirrored
1984-01-01,MSX,-,8K,ＨＡＬ研究所,Mr.CHIN,"￥4,800","￥5,000代",1,Mirrored
1985-01-01,MSX,-,16K,日本コロムビア,Mr.Doワイルドライド,"￥4,800","￥5,000代",1,Mirrored
1984-01-01,MSX,-,8K,日本コロムビア,Mr.Do!,"￥4,800","￥5,000代",1,Mirrored
1986-01-01,MSX,-,16K,アスキー,MSXAID,"￥6,800","￥7,000代",1,Mirrored
1985-01-01,MSX,-,不明,東芝/東芝ＥＭＩ,MSXAudio,￥,￥0代,1,Standard(startat0x4000)
1988-01-01,MSX,-,1M,パナソフト,MSXAudio,￥,￥0代,1,[MSX-AUDIO] rom
1990-01-01,MSX2,-,不明,アスキー,MSXHDInterface,"￥30,000","￥30,000代",1,?
1986-01-01,MSX,-,不明,アスキー,MSXPLAN,"￥9,800","￥10,000代",1,?
1980-01-01,MSXTurboR,-,2M,アスキー,MSXView漢字ROM,￥,￥0代,1,ASCII_16KB
1983-01-01,MSX,-,16K,アスキー,MSXダービー,"￥4,800","￥5,000代",1,Basic(startat0x8000)
1984-01-01,MSX,-,不明,東海クリエイト,MSXパソカルク,"￥9,800","￥10,000代",1,?
1980-01-01,MSX,-,4M,TIM,MSXプログラムコレクション50本1,￥,￥0代,1,?
1980-01-01,MSX,-,4M,TIM,MSXプログラムコレクション50本2,￥,￥0代,1,?
1980-01-01,MSX,-,2M,TIM,MSXプログラムコレクション50本3,￥,￥0代,1,?
1986-01-01,MSX,-,16K,アスキー,MSXべーしっ君,"￥4,500","￥4,500代",1,Standard(startat0x4000)
1988-01-01,MSX2,-,16K,アスキー,MSXべーしっ君ぷらす,"￥6,800","￥7,000代",1,Standard(startat0x4000)
1988-01-01,MSX,-,1M,ハイスコア,MSX英和辞典,"￥8,800","￥9,000代",1,ASCII_8KB
1984-01-01,MSX,-,不明,東芝/東芝ＥＭＩ,MSX花札,"￥6,800","￥7,000代",1,?
1985-01-01,MSX,-,32K,ソニー,MSX将棋,"￥5,800","￥6,000代",1,Mirrored
1991-01-01,MSX2,-,不明,アスキー,MSX増設RAMカートリッジ,"￥30,000","￥30,000代",1,?
1988-01-01,MSX,-,不明,ソニー,MSX通信カートリッジ,"￥32,800","￥33,000代",1,?
1988-01-01,MSX2,-,不明,ソニー,MSX標準日本語カートリッジ,"￥17,000","￥17,000代",1,?
1983-01-01,MSX,-,16K,アスキー,MSX-21,"￥4,800","￥5,000代",1,Basic(startat0x8000)
1980-01-01,不明,-,不明,アスキー,MSX-DOS2,￥,￥0代,1,?
1980-01-01,不明,-,不明,アスキー,MSX-DOS2(RAM付),￥,￥0代,1,?
1988-01-01,MSX,-,2M,徳間書店／テクノポリス,MSXFANファンダムライブラリ1,"￥5,800","￥6,000代",1,ASCII_8KB
1988-01-01,MSX,-,2M,徳間書店／テクノポリス,MSXFANファンダムライブラリ2,"￥5,800","￥6,000代",1,ASCII_8KB
1988-01-01,MSX,-,2M,徳間書店／テクノポリス,MSXFANファンダムライブラリ3,"￥5,800","￥6,000代",1,ASCII_8KB
1986-01-01,MSX,-,32K,プロモテック,MSX-logo,"￥9,800","￥10,000代",1,?
1990-01-01,MSX,-,不明,アスキー,MSX-SERIAL232,"￥20,000","￥20,000代",1,?
1988-01-01,MSX,-,不明,キャンドゥ,MUSICIAN1,"￥12,800","￥13,000代",1,?
1987-01-01,MSX,-,1M,東京書籍,NEWHORIZON中学1年,￥,￥0代,1,ASCII_8KB
1987-01-01,MSX,-,1M,東京書籍,NEWHORIZON中学2年,￥,￥0代,1,?
1987-01-01,MSX,-,1M,東京書籍,NEWHORIZON中学3年,￥,￥0代,1,?
1985-01-01,MSX,-,不明,リンクス,NGA,￥,￥0代,1,Mirrored
1985-01-01,MSX,-,不明,リンクス,NGAII,￥,￥0代,1,Mirrored
1983-01-01,MSX,-,16K,ＭＩＡ,NYOROLS,"￥4,800","￥5,000代",1,Mirrored
1984-01-01,MSX,-,16K,リットーミュージック,PSGミュージックライター,"￥5,300","￥5,500代",1,Mirrored
1986-01-01,MSX,-,不明,ヤマハ,PSエディタ,"￥9,800","￥10,000代",1,?
1986-01-01,MSX,-,32K,コナミ,Qバート,"￥4,800","￥5,000代",1,Mirrored
1985-01-01,MSX,-,不明,ヤマハ,RGBユニット,"￥9,800","￥10,000代",1,?
1988-01-01,MSX,-,3M,アイレム,R-TYPE,"￥7,300","￥7,500代",1,[R-TYPE] rom
1985-01-01,MSX,-,不明,ヤマハ,RXエディタ,"￥12,800","￥13,000代",1,?
1987-01-01,MSX,-,32K,ジャスト,SFアダルトアドベンチャーエリカ,"￥5,800","￥6,000代",1,Mirrored
1980-01-01,MSX,-,16K,コーラル,SimpleASMVol.1,￥,￥0代,1,Mirrored
1985-01-01,MSX,-,不明,コーラル,SimpleASMVol.2,"￥12,800","￥13,000代",1,?
1988-01-01,MSX2,-,1M,コナミ,THEプロ野球激突ペナントレース,"￥5,800","￥6,000代",1,Konami58KB(SCC)
1986-01-01,MSX,-,32K,アスキー,TZRグランプリライダー,"￥5,800","￥6,000代",1,Mirrored
1986-01-01,MSX,-,不明,キャノン販売,V-WORD,"￥34,800","￥35,000代",1,?
1992-01-01,MSXTurboR,-,不明,BIT2,μ.PACK,"￥19,800","￥20,000代",1,?
1989-01-01,MSX2,-,1M,ポニーキャニオン,アークテック,"￥5,800","￥6,000代",1,ASCII_16KB
1985-01-01,MSX,-,16K,カシオ,アイスワールド,"￥4,800","￥5,000代",1,Mirrored
1980-01-01,不明,-,不明,カシオ,アイスワールド2,￥,￥0代,1,?
1986-01-01,MSX2,-,1M,ポニーキャニオン,アイドロン,"￥5,800","￥6,000代",1,ASCII_8KB
1988-01-01,MSX2,-,2M,ポニーキャニオン,アウトラン,"￥6,800","￥7,000代",1,ASCII_8KB
1983-01-01,MSX,-,16K,ゼネラル,アクアポリスSOS,"￥4,800","￥5,000代",1,Mirrored
1984-01-01,MSX,-,16K,東芝/東芝ＥＭＩ,アクゥアタック,"￥5,800","￥6,000代",1,Mirrored
1985-01-01,MSX,-,16K,マスティール,アクトマン,"￥4,800","￥5,000代",1,Mirrored
1988-01-01,MSX2,-,1M,BIT2,アクロジェット,"￥5,800","￥6,000代",1,ASCII_16KB
1987-01-01,MSX2,-,2M,T＆E SOFT,アシュギーネ虚空の牙城,"￥6,800","￥7,000代",1,ASCII_8KB
1987-01-01,MSX2,-,2M,マイクロキャビン,アシュギーネ復讐の炎,"￥6,800","￥7,000代",1,ASCII_8KB
1984-01-01,MSX,-,16K,アスキー,アスレチックボール,"￥4,800","￥5,000代",1,Mirrored
1986-01-01,MSX,-,32K,パックスソフトニカ,アタックフォー女子バレー,"￥5,500","￥5,500代",1,Mirrored
1983-01-01,MSX,-,16K,ＭＩＡ,アドベン・チュー太,"￥4,800","￥5,000代",1,Mirrored
1987-01-01,MSX,-,32K,ＧＡ夢／HOT-B,アナザ(ア・ナ・ザ),"￥5,500","￥5,500代",1,Mirrored
1987-01-01,MSX,-,1M,エニックス,アニマルランド殺人事件,"￥5,800","￥6,000代",1,ASCII_8KB
1984-01-01,MSX,-,不明,ＨＡＬ研究所,アニメエディタEDDY,"￥14,800","￥15,000代",1,?
1987-01-01,MSX2,-,64K,タイトー／ニデコ,アメリカンサッカー,"￥5,800","￥6,000代",1,ASCII_8KB
1985-01-01,MSX,-,32K,日本テレネット,アメリカントラック,￥,￥0代,1,Mirrored
1986-01-01,MSX,-,32K,ザインソフト,アラモ,"￥5,800","￥6,000代",1,Standard(startat0x4000)
1984-01-01,MSX,-,16K,ソニー,アリババと40人の盗賊,"￥4,500","￥4,500代",1,Mirrored
1985-01-01,MSX,-,16K,ポニーキャニオン,アルカザール,"￥4,800","￥5,000代",1,Mirrored
1986-01-01,MSX,-,32K,タイトー／ニデコ,アルカノイド,"￥5,800","￥6,000代",1,Mirrored
1987-01-01,MSX2,-,1M,タイトー／ニデコ,アルカノイドII,"￥6,800","￥7,000代",1,ASCII_8KB
1988-01-01,MSX2,-,2M,KGD,アルギースの翼,￥,￥0代,1,ASCII_8KB
1986-01-01,MSX,-,32K,日本テレネット,アルバトロス,"￥6,800","￥7,000代",1,Mirrored
1984-01-01,MSX,-,16K,ソニー,アルファスクアドロン,"￥4,000","￥4,000代",1,Mirrored
1986-01-01,MSX,-,32K,ポニーキャニオン,アルファロイド,"￥4,900","￥5,000代",1,Mirrored
1988-01-01,MSX2,-,2M,コンパイル,アレスタ,"￥6,800","￥7,000代",1,ASCII_16KB
1980-01-01,不明,-,不明,コンパイル,アレスタ2,￥,￥0代,1,?
1984-01-01,MSX,-,16K,マスティール,アンジェロ,"￥4,800","￥5,000代",1,Mirrored
1984-01-01,MSX,-,16K,ボースティック,アンティ,"￥4,800","￥5,000代",1,Mirrored
1985-01-01,MSX,-,16K,コナミ,イーアルカンフー,"￥4,800","￥5,000代",1,Mirrored
1985-01-01,MSX,-,16K,カシオ,イーアルカンフー,"￥4,800","￥5,000代",1,?
1985-01-01,MSX,-,32K,コナミ,イーガー皇帝の逆襲,"￥4,800","￥5,000代",1,Mirrored
1985-01-01,MSX,-,32K,カシオ,イーガー皇帝の逆襲,"￥4,800","￥5,000代",1,?
1985-01-01,MSX,-,32K,カシオ,イーグルファイター,"￥4,800","￥5,000代",1,Mirrored
1987-01-01,MSX,-,16K,タケル／ブラザー工業,イエローサブマリン,"￥2,500","￥2,500代",1,Mirrored
1988-01-01,MSX2,-,2M,ナムコ,イシターの復活,"￥6,800","￥7,000代",1,ASCII_16KB
1986-01-01,MSX2,-,不明,日立製作所,イラストワープロ,"￥29,800","￥30,000代",1,?
1983-01-01,MSX,-,16K,アスキー,イリーガスエピソードIV,"￥4,800","￥5,000代",1,Basic(startat0x8000)
1983-01-01,MSX,-,16K,ハドソン,インディアンの冒険,"￥4,800","￥5,000代",1,Mirrored
1986-01-01,MSX,-,32K,東宝,インファント島の秘密モンスターズフェア,"￥4,800","￥5,000代",1,Mirrored
1987-01-01,MSX,-,1M,ハート電子産業,ヴァクソル,"￥6,800","￥7,000代",1,ASCII_16KB
1987-01-01,MSX,-,32K,ビクター音産,ヴィーナスファイヤー,"￥4,800","￥5,000代",1,Mirrored
1988-01-01,MSX2,-,4M,アスキー,ウィザードリィI,"￥12,800","￥13,000代",1,ASCII_8KB+SRAM
1987-01-01,MSX,-,1M,エニックス,ウイングマン2ダークキラーの復活,"￥5,800","￥6,000代",1,ASCII_8KB
1983-01-01,MSX,-,16K,アスキー,ウォーリア,"￥4,800","￥5,000代",1,Basic(startat0x8000)
1985-01-01,MSX,-,32K,イエローホーン,ウォーロイド(WARROID),"￥5,800","￥6,000代",1,Mirrored
1985-01-01,MSX,-,32K,カシオ,ヴォルガード,"￥5,800","￥6,000代",1,?
1985-01-01,MSX,-,32K,デービーソフト,ヴォルガード,￥,￥0代,1,Mirrored
1987-01-01,MSX2,-,1M,コナミ,ウシャス,"￥5,800","￥6,000代",1,Konami48KB(noSCC)
1987-01-01,MSX2,-,1M,デービーソフト,うっでぃぽこ,"￥6,800","￥7,000代",1,ASCII_16KB
1987-01-01,MSX2,-,4M,マイクロキャビン,うる星やつら恋のサバイバルパーティ,￥,￥0代,1,ASCII_8KB
1987-01-01,MSX2,-,2M,ポニーキャニオン,ウルティマ恐怖のエクソダス,"￥6,800","￥7,000代",1,ASCII_8KB+SRAM
1984-01-01,MSX,-,16K,バンダイ,ウルトラマン,"￥4,800","￥5,000代",1,Mirrored
1987-01-01,MSX,-,1M,スクウェア,エイリアン2,"￥5,900","￥6,000代",1,ASCII_16KB
1986-01-01,MSX,-,32K,日本デクスタ,エイリアン8,"￥5,700","￥5,500代",1,Mirrored
1983-01-01,MSX,-,16K,アスキー,エクスチェンジャー,"￥4,800","￥5,000代",1,Basic(startat0x8000)
1984-01-01,MSX,-,16K,ジャレコ,エクセリオン(EXERION),"￥4,500","￥4,500代",1,Mirrored
1986-01-01,MSX,-,16K,カシオ,エクゾイドZ,"￥4,800","￥5,000代",1,Mirrored
1986-01-01,MSX,-,32K,カシオ,エクゾイドZエリア5,"￥4,800","￥5,000代",1,Mirrored
1985-01-01,MSX,-,32K,ＨＡＬ研究所,エッガーランドミステリー,"￥5,600","￥5,500代",1,Mirrored
1986-01-01,MSX,-,1M,ＨＡＬ研究所,エッガーランドミステリー2迷宮神話,￥,￥0代,1,ASCII_16KB
1988-01-01,MSX2,-,1M,ＮＣＳ,エルスリード,"￥6,800","￥7,000代",1,ASCII_8KB+SRAM
1985-01-01,MSX,-,32K,タイトー／ニデコ,エレベーターアクション,"￥4,900","￥5,000代",1,Mirrored
1985-01-01,MSX,-,32K,コンプティーク,オイルズ・ウェル,"￥5,900","￥6,000代",1,Mirrored
1988-01-01,MSX2,-,64K,和知電子機器,お絵かきソフト画楽多,￥,￥0代,1,ASCII_16KB
1988-01-01,MSX2,-,1M,システムソフト,オーガ(OGRE),"￥5,800","￥6,000代",1,ASCII_16KB
1985-01-01,MSX,-,16K,ポニーキャニオン,オセロ(Othello),"￥4,900","￥5,000代",1,Mirrored
1983-01-01,MSX,-,16K,ＭＩＡ,おてんばベッキーの大冒険,"￥4,800","￥5,000代",1,Mirrored
1986-01-01,MSX,-,32K,コンパイル,ガーディック,"￥4,900","￥5,000代",1,Mirrored
1985-01-01,MSX,-,16K,カシオ,カーファイター,"￥4,800","￥5,000代",1,Mirrored
1988-01-01,MSX2,-,1M,日本テレネット,ガーリーブロック,"￥6,800","￥7,000代",1,ASCII_16KB
1983-01-01,MSX,-,8K,アスキー,カーレース(CARRACE),"￥4,800","￥5,000代",1,Mirrored
1985-01-01,MSX,-,32K,カシオ,カシオワールドオープン,"￥4,800","￥5,000代",1,Mirrored
1980-01-01,不明,-,不明,アートサプライ,カップル,￥,￥0代,1,?
1986-01-01,MSX,-,32K,ポニーキャニオン,カモン!ピコ,"￥4,900","￥5,000代",1,Mirrored
1983-01-01,MSX,-,16K,アスキー,カラー・トーチカ,"￥4,800","￥5,000代",1,Mirrored
1983-01-01,MSX,-,16K,マジックソフト,カラー・ミッドウエイ,"￥4,800","￥5,000代",1,Mirrored
1983-01-01,MSX,-,8K,ハドソン,カラーボール,"￥4,800","￥5,000代",1,Mirrored
1984-01-01,MSX,-,16K,ＨＡＬ研究所,カラ丸珍道中,"￥4,800","￥5,000代",1,Basic(startat0x8000)
1986-01-01,MSX,-,32K,ポニーキャニオン,ガルケイブ,"￥4,800","￥5,000代",1,Mirrored
1986-01-01,MSX,-,1M,ソニー,ガルフォースカオスの攻防,"￥5,800","￥6,000代",1,ASCII_16KB
1985-01-01,MSX,-,32K,コスモスコンピュータ,カレイジアスペルセウス,￥,￥0代,1,Mirrored
1980-01-01,MSX2,-,1M,アスキー,かんたん手帳リファイルの攻防,￥,￥0代,1,?
1987-01-01,MSX2,-,1M,コナミ,がんばれゴエモン!からくり道中,"￥5,800","￥6,000代",1,Konami48KB(noSCC)
1986-01-01,MSX,-,32K,日本デクスタ,ガンフライト,"￥5,700","￥5,500代",1,Mirrored
1984-01-01,MSX,-,16K,ポニーキャニオン,キーストンケーパーズ,"￥4,800","￥5,000代",1,Mirrored
1985-01-01,MSX,-,不明,ヤマハ,キーボードコードプログレッション1,"￥6,500","￥6,500代",1,?
1985-01-01,MSX,-,不明,ヤマハ,ギターコードマスター,"￥6,500","￥6,500代",1,?
1987-01-01,MSX,-,32K,ＨＡＬ研究所,キックイット,"￥5,500","￥5,500代",1,Mirrored
1987-01-01,MSX,-,不明,タケル／ブラザー工業,キャノンターボ,"￥2,500","￥2,500代",1,?
1983-01-01,MSX,-,8K,ハドソン,キャノンボール,"￥4,800","￥5,000代",1,Mirrored
1984-01-01,MSX,-,16K,NEXA,キャプテン・コスモ,"￥4,800","￥5,000代",1,Mirrored
1984-01-01,MSX,-,8K,日本コロムビア,キャプテンシェフ,"￥4,800","￥5,000代",1,Mirrored
1983-01-01,MSX,-,16K,コナミ,キャベッジパッチキッズ,"￥4,800","￥5,000代",1,Mirrored
1984-01-01,MSX,-,32K,ナムコ,ギャラガ,"￥4,500","￥4,500代",1,Mirrored
1984-01-01,MSX,-,8K,ナムコ,ギャラクシアン,"￥4,500","￥4,500代",1,Mirrored
1983-01-01,MSX,-,16K,アスキー,ギャング・マスター,"￥4,800","￥5,000代",1,Basic(startat0x8000)
1983-01-01,MSX,-,16K,アスキー,キャンドゥーニンジャ,"￥4,800","￥5,000代",1,Mirrored
1985-01-01,MSX,-,不明,ＨＡＬ研究所,キュースター,"￥4,800","￥5,000代",1,?
1988-01-01,MSX,-,2M,ゲームアーツ,ぎゅわんぶらあ自己中心派,"￥6,800","￥7,000代",1,ASCII_8KB
1988-01-01,MSX2,-,2M,ゲームアーツ,ぎゅわんぶらあ自己中心派2自称!強豪雀士編,"￥6,800","￥7,000代",1,ASCII_8KB
1984-01-01,MSX,-,32K,ナムコ,キング＆バルーン,"￥4,500","￥4,500代",1,Mirrored
1986-01-01,MSX2,-,1M,コナミ,キングコング2甦る伝説,"￥5,800","￥6,000代",1,Konami48KB(noSCC)
1986-01-01,MSX,-,1M,スクウェア,キングスナイト,"￥5,900","￥6,000代",1,ASCII_16KB
1985-01-01,MSX,-,32K,バンダイ,キン肉マンコロシアムデスマッチ,"￥4,800","￥5,000代",1,Mirrored
1984-01-01,MSX,-,16K,アスキー,クィーンズゴルフ,"￥4,800","￥5,000代",1,Mirrored
1988-01-01,MSX2,-,2M,BIT2,クインプル,￥,￥0代,1,ASCII_8KB
1986-01-01,MSX,ACT,32K,コナミ,グーニーズ,"￥4,800","￥5,000代",1,Mirrored
1985-01-01,MSX,-,32K,東芝/東芝ＥＭＩ,クエスト,￥,￥0代,1,Mirrored
1990-01-01,MSX2,-,1M,コナミ,クォース,"￥5,800","￥6,000代",1,Konami58KB(SCC)
1985-01-01,MSX,-,16K,ZAP,グライダー,"￥4,800","￥5,000代",1,Mirrored
1986-01-01,MSX,SHT,1M,コナミ,グラディウス,"￥4,980","￥5,000代",1,Konami48KB(noSCC)
1987-01-01,MSX,SHT,1M,コナミ,グラディウス2,"￥5,800","￥6,000代",1,Konami58KB(SCC)
1985-01-01,MSX,-,不明,ヤマハ,グラフィックアーティスト,"￥7,800","￥8,000代",1,?
1986-01-01,MSX,-,不明,ヤマハ,グラフィックアーティストユーティリティ,"￥7,800","￥8,000代",1,?
1985-01-01,MSX,-,不明,ヤマハ,グラフィックカードセット,"￥19,800","￥20,000代",1,?
1984-01-01,MSX,-,不明,ソニー,グラフィックボール+エディー2,"￥20,400","￥20,500代",1,?
1985-01-01,MSX,-,不明,ソニー,グラフィックマスターラボ,"￥6,800","￥7,000代",1,?
1987-01-01,MSX2,-,2M,スキャップアトラスト,クリムゾン,￥,￥0代,1,ASCII_8KB
1985-01-01,MSX,-,32K,ポニーキャニオン,クルゼーダー,"￥4,900","￥5,000代",1,Standard(startat0x4000)
1983-01-01,MSX,-,8K,ソニー,クレイジートレイン,"￥4,800","￥5,000代",1,Mirrored
1988-01-01,MSX,-,1M,ハート電子産業,クレイズ,"￥5,800","￥6,000代",1,ASCII_16KB
1983-01-01,MSX,-,16K,アスキー,クレージーブレット,"￥4,800","￥5,000代",1,Basic(startat0x8000)
1985-01-01,MSX,-,64K,デービーソフト,クロスブレイム,"￥5,800","￥6,000代",1,[クロスブレイム] rom
1985-01-01,MSX,-,32K,コンプティーク,グロックスリベンジ,"￥4,900","￥5,000代",1,Mirrored
1983-01-01,MSX,-,16K,マスティール,クンフーマスター,"￥4,800","￥5,000代",1,Mirrored
1984-01-01,MSX,-,32K,カシオ,ゲームランド,"￥7,800","￥8,000代",1,*0
1985-01-01,MSX,-,不明,カシオ,ゲームランドスペシャル,"￥8,900","￥9,000代",1,?
1984-01-01,MSX,-,16K,コナミ,けっきょく南極大冒険,"￥4,800","￥5,000代",1,Mirrored
1988-01-01,MSX2,-,1M,ポニーキャニオン,ケンペレンチェス,"￥5,500","￥5,500代",1,ASCII_16KB
1986-01-01,MSX,-,32K,ソニー,コースターレース,"￥4,900","￥5,000代",1,Mirrored
1984-01-01,MSX,-,32K,ポニーキャニオン,ゴーストバスター,￥,￥0代,1,Mirrored
1988-01-01,MSX,-,2M,コナミ,ゴーファーの野望EPISODEII,"￥5,800","￥6,000代",1,Konami58KB(SCC)
1983-01-01,MSX,-,16K,マジックソフト,ゴキブリ大作戦,"￥4,800","￥5,000代",1,Mirrored
1984-01-01,MSX,-,16K,バンダイ,ゴジラVS3大怪獣,"￥4,800","￥5,000代",1,Mirrored
1985-01-01,MSX,-,32K,東宝,ゴジラくん,"￥4,800","￥5,000代",1,Mirrored
1985-01-01,MSX,-,32K,ソニー,コスモエクスプローラ,"￥4,900","￥5,000代",1,Mirrored
1985-01-01,MSX,-,不明,コナミ,コナミEC700,"￥34,800","￥35,000代",1,?
1985-01-01,MSX,-,16K,コナミ,コナミのゲームを10倍楽しむカートリッジ,"￥4,800","￥5,000代",1,Mirrored
1985-01-01,MSX,-,16K,コナミ,コナミのゴルフ,"￥4,800","￥5,000代",1,Mirrored
1985-01-01,MSX,-,32K,コナミ,コナミのサッカー,"￥4,800","￥5,000代",1,Mirrored
1984-01-01,MSX,-,16K,カシオ,コナミのテニス,"￥4,800","￥5,000代",1,?
1984-01-01,MSX,-,16K,コナミ,コナミのテニス,"￥4,800","￥5,000代",1,Mirrored
1985-01-01,MSX,-,16K,コナミ,コナミのピンポン,"￥4,800","￥5,000代",1,Mirrored
1985-01-01,MSX,-,16K,ハドソン,コナミのプーヤン,"￥4,800","￥5,000代",1,Mirrored
1984-01-01,MSX,-,不明,東芝/東芝ＥＭＩ,コナミのベースボール,"￥4,800","￥5,000代",1,Mirrored
1984-01-01,MSX,-,16K,コナミ,コナミのベースボール,"￥4,800","￥5,000代",1,?
1985-01-01,MSX,-,32K,コナミ,コナミのボクシング,"￥4,800","￥5,000代",1,Mirrored
1988-01-01,MSX,-,1M,コナミ,コナミの新10倍カートリッジ,"￥5,800","￥6,000代",1,[コナミの新10倍カートリッジ] rom
1984-01-01,MSX,-,32K,コナミ,コナミの麻雀道場,"￥6,000","￥6,000代",1,Mirrored
1983-01-01,MSX,-,16K,アスキー,コメットテイル,"￥4,800","￥5,000代",1,Basic(startat0x8000)
1986-01-01,MSX,-,32K,ポニーキャニオン,ゴルゴ13狼の巣,￥,￥0代,1,Mirrored
1983-01-01,MSX,-,16K,アスキー,ゴルフゲーム,"￥4,800","￥5,000代",1,Basic(startat0x8000)
1984-01-01,MSX,-,32K,ハドソン,ゴルフ狂,"￥4,800","￥5,000代",1,Mirrored
1987-01-01,MSX2,-,2M,ポニーキャニオン,コロニスリフト,"￥5,800","￥6,000代",1,ASCII_16KB
1983-01-01,MSX,-,8K,レイゾン,コンドリ,"￥4,800","￥5,000代",1,Mirrored
1984-01-01,MSX,-,16K,ソニー,コンピューターオセロ,"￥3,500","￥3,500代",1,Mirrored
1984-01-01,MSX,-,16K,ソニー,コンピューターチェス,"￥4,000","￥4,000代",1,Mirrored
1983-01-01,MSX,-,8K,ソニー,コンピュータービリヤード,"￥4,800","￥5,000代",1,Mirrored
1984-01-01,不明,-,不明,ソニー,コンピュータパチンコ,￥,￥0代,1,?
1985-01-01,MSX,-,32K,カシオ,コンピュータ入門,"￥5,800","￥6,000代",1,*0
1985-01-01,MSX,-,不明,三菱,コンピュー簿,"￥6,800","￥7,000代",1,?
1988-01-01,MSX,-,不明,キャンドゥ,コンポーザ・コンバータ,"￥5,800","￥6,000代",1,?
1986-01-01,MSX,-,32K,アスキー,ザ・キャッスル,"￥5,800","￥6,000代",1,Mirrored
1986-01-01,MSX,-,32K,アスキー,ザ・キャッスルエクセレント,"￥5,800","￥6,000代",1,Mirrored
1987-01-01,MSX2,-,1M,タイトー／ニデコ,ザ・コックピット,"￥6,800","￥7,000代",1,ASCII_16KB
1988-01-01,MSX2,-,1M,パック・イン・ビデオ,ザ・ゴルフ,"￥6,800","￥7,000代",1,?
1985-01-01,MSX,-,32K,BPS／アスキー,ザ・ブラックオニキス,"￥6,800","￥7,000代",1,ASCII_16KB
1986-01-01,MSX,-,1M,BPS／アスキー,ザ・ブラックオニキスIIファイヤークリスタルを求めて,"￥6,800","￥7,000代",1,ASCII_16KB
1983-01-01,MSX,-,16K,アスキー,ザ・ブレイン,"￥4,800","￥5,000代",1,Basic(startat0x8000)
1986-01-01,MSX,-,64K,ヤマハ,ザ・ペインタ,￥,￥0代,1,?
1986-01-01,MSX,-,32K,チャンピオンソフト,ザ・競馬,￥,￥0代,1,Mirrored
1984-01-01,MSX,-,16K,コナミ,サーカスチャーリー,"￥4,800","￥5,000代",1,Mirrored
1984-01-01,MSX,-,16K,カシオ,サーカスチャーリー,"￥4,800","￥5,000代",1,?
1985-01-01,MSX,-,16K,ソニー,サイオン,"￥4,000","￥4,000代",1,Mirrored
1987-01-01,MSX,-,2M,KGD,サイキックウォー,"￥8,800","￥9,000代",1,ASCII_8KB+SRAM
1984-01-01,MSX,-,16K,タイトー／ニデコ,ザイゾログ,"￥4,800","￥5,000代",1,Mirrored
1985-01-01,MSX,-,32K,ポニーキャニオン,ザクソン,"￥4,800","￥5,000代",1,Mirrored
1983-01-01,MSX,-,16K,マスティール,ササ(SASA),"￥4,800","￥5,000代",1,Mirrored
1986-01-01,MSX,-,32K,ポニーキャニオン,ザナックAI,"￥4,900","￥5,000代",1,Mirrored
1986-01-01,MSX2,-,1M,ポニーキャニオン,ザナックEX,"￥5,800","￥6,000代",1,ASCII_16KB
1987-01-01,MSX,-,2M,ファルコム,ザナドゥ,"￥7,800","￥8,000代",1,ASCII_8KB+SRAM
1985-01-01,MSX,-,32K,アスキー,サンダーボール,"￥5,800","￥6,000代",1,Mirrored
1986-01-01,MSX,-,32K,ピクセル,サンダーボルト,￥,￥0代,1,Mirrored
1985-01-01,MSX,-,16K,ポニーキャニオン,シーソー,"￥4,800","￥5,000代",1,Mirrored
1985-01-01,MSX,-,16K,ハドソン,ジェトセットウォーリー(JetSetWilly),"￥4,800","￥5,000代",1,Mirrored
1983-01-01,MSX,-,16K,ＭＩＡ,ジグソーセット,"￥4,800","￥5,000代",1,Mirrored
1985-01-01,MSX,-,不明,クロスメディア,ジグソーパズル,"￥4,800","￥5,000代",1,?
1986-01-01,MSX,-,32K,日本デクスタ,シティコネクション,"￥5,700","￥5,500代",1,Mirrored
1985-01-01,MSX,-,不明,日本コロムビア,ジャイロアドベンチャー,"￥4,800","￥5,000代",1,?
1986-01-01,MSX,-,32K,タイトー／ニデコ,ジャイロダイン,"￥4,800","￥5,000代",1,Mirrored
1987-01-01,MSX,-,32K,ビクター音産,シャウトマッチ,"￥5,800","￥6,000代",1,Mirrored
1987-01-01,MSX,-,1M,ハドソン,ジャガー5魔の三角地帯作戦,"￥5,800","￥6,000代",1,ASCII_16KB
1984-01-01,MSX,-,8K,日本コロムビア,ジャンプコースター,"￥4,800","￥5,000代",1,Mirrored
1984-01-01,MSX,-,16K,ハドソン,ジャン狂,"￥4,800","￥5,000代",1,Mirrored
1984-01-01,MSX,-,16K,東芝/東芝ＥＭＩ,ジャン狂,"￥4,800","￥5,000代",1,?
1987-01-01,MSX2,-,1M,パナソフト,ジュニアメイト,"￥9,800","￥10,000代",1,?
1983-01-01,MSX,-,8K,ソニー,ジュノファースト,"￥4,000","￥4,000代",1,Mirrored
1985-01-01,MSX,-,32K,ビクター音産,ジョイテロップ,"￥25,000","￥25,000代",1,Mirrored
1985-01-01,MSX,-,不明,ビクター音産,ジョイレター,"￥14,800","￥15,000代",1,?
1983-01-01,MSX,-,不明,クロストーク,ジョーキングマン,"￥4,800","￥5,000代",1,?
1988-01-01,MSX2,-,64K,BIT2,シンセサウルス,"￥6,800","￥7,000代",1,Mirrored
1986-01-01,MSX,-,16K,カシオ,シンドバッド7つの冒険,"￥4,800","￥5,000代",1,Mirrored
1984-01-01,MSX,-,16K,タイトー／ニデコ,スイートアーコン,"￥4,800","￥5,000代",1,Mirrored
1985-01-01,MSX,-,不明,東芝/東芝ＥＭＩ,すいすいローラー,"￥4,800","￥5,000代",1,?
1984-01-01,MSX,-,32K,東芝/東芝ＥＭＩ,スゥーワーサム,"￥6,800","￥7,000代",1,Mirrored
1983-01-01,MSX,-,8K,コナミ,スーパーコブラ,"￥4,000","￥4,000代",1,Mirrored
1984-01-01,MSX,-,32K,ソニー,スーパーゴルフ,"￥6,200","￥6,000代",1,Mirrored
1985-01-01,MSX,-,32K,ソニー,スーパーサッカー,"￥4,900","￥5,000代",1,Mirrored
1984-01-01,MSX,-,16K,ビクター音産,スーパーシンセ,"￥5,800","￥6,000代",1,Mirrored
1983-01-01,MSX,-,8K,ＨＡＬ研究所,スーパースネーク,"￥4,800","￥5,000代",1,Mirrored
1988-01-01,MSX2,-,2M,マイクロキャビン,スーパー大戦略,"￥8,800","￥9,000代",1,ASCII_16KB+SRAM
1984-01-01,MSX,-,16K,ソニー,スーパーテニス,"￥4,500","￥4,500代",1,Mirrored
1986-01-01,MSX2,-,1M,ザインソフト,スーパートリトーン,"￥5,900","￥6,000代",1,ASCII_8KB
1983-01-01,MSX,-,16K,アスキー,スーパードリンカー(SUPERDRINKER),"￥4,800","￥5,000代",1,Mirrored
1985-01-01,MSX,-,16K,日本コロムビア,スーパーパチンコ,"￥4,800","￥5,000代",1,Mirrored
1987-01-01,MSX,-,1M,タイトー／ニデコ,スーパーピエロ,"￥5,800","￥6,000代",1,[スーパーピエロ] rom
1984-01-01,MSX,-,8K,ＨＡＬ研究所,スーパービリヤード,"￥4,800","￥5,000代",1,Basic(startat0x8000)
1985-01-01,MSX,-,不明,エミールソフト,スーパーモニター1.1,￥,￥0代,1,Mirrored
1985-01-01,MSX,-,不明,エミールソフト,スーパーモニター1.2,￥,￥0代,1,Mirrored
1987-01-01,MSX2,-,1M,ポニーキャニオン,スーパーランナー(SUPERRUNNER),"￥5,800","￥6,000代",1,ASCII_8KB
1986-01-01,MSX2,-,1M,パック・イン・ビデオ,スーパーランボースペシャル,"￥5,800","￥6,000代",1,ASCII_16KB
1987-01-01,MSX,-,2M,T＆E SOFT,スーパーレイドックミッションストライカー,"￥6,800","￥7,000代",1,ASCII_8KB
1980-01-01,MSX,-,2M,T＆E SOFT,スーパーレイドックミッションストライカーネットワークバージョン,"￥6,800","￥7,000代",1,?
1987-01-01,MSX2,-,1M,アイレム,スーパーロードランナー,"￥5,800","￥6,000代",1,?
1987-01-01,MSX2,-,1M,ポニーキャニオン,スーパーロードランナー,"￥5,800","￥6,000代",1,[スーパーロードランナー] rom
1985-01-01,MSX,-,32K,ポニーキャニオン,ズーム909,"￥4,900","￥5,000代",1,Mirrored
1986-01-01,MSX,-,32K,東芝/東芝ＥＭＩ,スカーレット7,"￥4,800","￥5,000代",1,Mirrored
1986-01-01,MSX,-,32K,マジカルズゥ,スカイギャルド,"￥4,800","￥5,000代",1,Standard(startat0x4000)
1984-01-01,MSX,-,16K,コナミ,スカイジャガー,"￥4,800","￥5,000代",1,Mirrored
1984-01-01,MSX,-,16K,カシオ,スキーコマンド,"￥4,800","￥5,000代",1,Mirrored
1983-01-01,MSX,-,16K,シリウス,スクイッシュゼム(SQUISH'EM),"￥4,800","￥5,000代",1,Mirrored
1987-01-01,MSX,-,32K,ポニーキャニオン,スクーター,"￥4,900","￥5,000代",1,Mirrored
1984-01-01,MSX,-,16K,東芝/東芝ＥＭＩ,スクエアダンサー,"￥5,800","￥6,000代",1,Mirrored
1983-01-01,MSX,-,8K,アンプルソフトウエア,スクランブルエッグ,"￥4,800","￥5,000代",1,Mirrored
1987-01-01,MSX2,-,2M,タイトー／ニデコ,スクランブルフォーメーション,"￥5,800","￥6,000代",1,ASCII_8KB
1980-01-01,不明,-,不明,アスキー,スコーピオン,￥,￥0代,1,?
1983-01-01,MSX,-,16K,ソニー,スコープオン,"￥4,800","￥5,000代",1,Basic(startat0x8000)
1988-01-01,MSX2,-,1M,ポニーキャニオン,スターヴァージン,"￥5,300","￥5,500代",1,ASCII_8KB
1983-01-01,MSX,-,16K,アスキー,スターコマンド,"￥4,800","￥5,000代",1,Basic(startat0x8000)
1984-01-01,MSX,-,16K,NEXA,スターシップシミュレータ,"￥4,800","￥5,000代",1,Mirrored
1986-01-01,MSX,-,32K,ハドソン,スターソルジャー,"￥4,800","￥5,000代",1,Mirrored
1987-01-01,MSX,-,32K,ジャスト,スタートラップくりいむレモン,"￥5,800","￥6,000代",1,Mirrored
1985-01-01,MSX,-,32K,ハドソン,スターフォース,"￥4,800","￥5,000代",1,Mirrored
1985-01-01,MSX,-,16K,ソニー,スターブレーザー,"￥4,000","￥4,000代",1,Mirrored
1987-01-01,MSX2,-,1M,ＨＡＬ研究所,ずっこけやじきた隠密道中,"￥5,600","￥5,500代",1,ASCII_8KB
1985-01-01,MSX,-,16K,アスキー,ステッパー,"￥4,800","￥5,000代",1,Mirrored
1983-01-01,MSX,-,8K,ＨＡＬ研究所,ステップアップ,"￥4,800","￥5,000代",1,Mirrored
1983-01-01,MSX,-,8K,東芝/東芝ＥＭＩ,ステップアップ,"￥4,800","￥5,000代",1,?
1987-01-01,MSX,-,32K,日本デクスタ,ストレンジループ,"￥5,700","￥5,500代",1,Mirrored
1986-01-01,MSX,-,32K,ＨＡＬ研究所,スネイクイット,"￥5,500","￥5,500代",1,Mirrored
1983-01-01,MSX,-,8K,ソニー,スパーキー,"￥4,800","￥5,000代",1,Mirrored
1984-01-01,MSX,-,16K,タイトー／ニデコ,スペースインベーダー,"￥4,800","￥5,000代",1,Mirrored
1986-01-01,MSX,-,32K,パック・イン・ビデオ,スペースキャンプ,"￥4,800","￥5,000代",1,Mirrored
1988-01-01,MSX,-,不明,ポニーキャニオン,スペースシャトル,"￥4,900","￥5,000代",1,?
1984-01-01,MSX,-,8K,ＨＡＬ研究所,スペーストラブル,"￥4,800","￥5,000代",1,Mirrored
1989-01-01,MSX2/2+,-,2M,コナミ,スペースマンボウ,"￥6,800","￥7,000代",1,Konami58KB(SCC)
1983-01-01,MSX,-,8K,ＨＡＬ研究所,スペースメイズアタック,"￥4,800","￥5,000代",1,*0
1986-01-01,MSX,-,32K,カシオ,スペランカー,"￥4,900","￥5,000代",1,?
1986-01-01,MSX,-,32K,アイレム,スペランカー,"￥4,900","￥5,000代",1,Mirrored
1985-01-01,MSX,-,32K,カシオ,ゼクサスリミテッド,"￥5,800","￥6,000代",1,?
1985-01-01,MSX,-,32K,デービーソフト,ゼクサスリミテッド,"￥5,800","￥6,000代",1,Mirrored
1989-01-01,MSX2,-,2M,ナムコ,ゼビウスファードラウト伝説,"￥6,800","￥7,000代",1,ASCII_16KB
1988-01-01,MSX2,-,不明,マイコンソフト,センサーキッド,"￥6,800","￥7,000代",1,?
1984-01-01,MSX,-,16K,ポニーキャニオン,ゼンジー,"￥4,800","￥5,000代",1,Mirrored
1984-01-01,MSX,-,16K,ソニー,センジョー,"￥4,000","￥4,000代",1,Mirrored
1988-01-01,MSX2,-,1M,東芝/東芝ＥＭＩ,ゾイド中央大陸の戦い,"￥5,800","￥6,000代",1,ASCII_16KB
1987-01-01,MSX,-,64K,電波新聞社,ソフィア,"￥5,300","￥5,500代",1,ASCII_8KB
1984-01-01,MSX,-,16K,東芝/東芝ＥＭＩ,ゾルニエクセリオン2(ZorniExerion2),"￥4,800","￥5,000代",1,Mirrored
1989-01-01,MSX2,-,1M,ハイスコア,ゾンビハンター,"￥5,800","￥6,000代",1,ASCII_8KB
1987-01-01,MSX2,-,1M,ハドソン,ダーウィン4078,"￥5,800","￥6,000代",1,ASCII_8KB
1983-01-01,MSX,-,16K,マスティール,ターボート,"￥4,800","￥5,000代",1,Mirrored
1983-01-01,MSX,-,16K,シリウス,ターモイル(TURMOIL),"￥4,800","￥5,000代",1,Mirrored
1988-01-01,MSX,-,1M,東芝/東芝ＥＭＩ,ダイナマイトボウル,"￥5,800","￥6,000代",1,ASCII_16KB
1988-01-01,MSX2,-,1M,東芝/東芝ＥＭＩ,ダイナマイトボウル,￥,￥0代,1,ASCII_16KB
1983-01-01,MSX,-,16K,コナミ,タイムパイロット(TIMEPILOT),"￥4,800","￥5,000代",1,Mirrored
1987-01-01,MSX,-,32K,ブラザー工業,タケル伝説,"￥2,500","￥2,500代",1,Mirrored
1984-01-01,MSX,-,16K,マスティール,タティカ,"￥4,800","￥5,000代",1,Mirrored
1984-01-01,MSX,-,16K,アスキー,ダビデ2,"￥4,800","￥5,000代",1,Mirrored
1988-01-01,MSX2,-,2M,ハード,ダブルヴィジョン,￥,￥0代,1,ASCII_8KB
1985-01-01,MSX,-,32K,コンプティーク,ダムバスター,"￥5,900","￥6,000代",1,Mirrored
1984-01-01,MSX,-,16K,アスキー,たわらくん,"￥4,800","￥5,000代",1,Mirrored
1986-01-01,MSX,-,32K,ＨＡＬ研究所,ダンクショット,"￥5,600","￥5,500代",1,Mirrored
1984-01-01,MSX,-,8K,ナムコ,タンクバタリアン,"￥4,500","￥4,500代",1,Mirrored
1989-01-01,MSX,-,1M,アスキー,ダンジョンハンター,"￥12,800","￥13,000代",1,ASCII_16KB
1986-01-01,MSX,-,32K,アスキー,ダンジョンマスター,"￥5,800","￥6,000代",1,Mirrored
1985-01-01,MSX,-,16K,ポニーキャニオン,チェッカーズインTANTANたぬき,"￥4,800","￥5,000代",1,Mirrored
1980-01-01,MSX2,-,2M,ザインソフト,チャアムクリスマス,￥,￥0代,1,?
1985-01-01,MSX,-,不明,エプソン,ちゃっかりCOPY,"￥12,000","￥12,000代",1,?
1984-01-01,MSX,-,16K,タイトー／ニデコ,ちゃっくんぽっぷ,"￥4,800","￥5,000代",1,Mirrored
1985-01-01,MSX,-,32K,ポニーキャニオン,チャレンジダービー,"￥4,800","￥5,000代",1,Mirrored
1986-01-01,MSX,-,32K,ポニーキャニオン,チャンピオンアイスホッケー,"￥4,900","￥5,000代",1,Mirrored
1985-01-01,MSX,-,16K,ポニーキャニオン,チャンピオンサッカー,"￥4,800","￥5,000代",1,Mirrored
1985-01-01,MSX,-,32K,ソニー,チャンピオンシップロードランナー,"￥5,800","￥6,000代",1,Mirrored
1985-01-01,MSX,-,32K,コンプティーク,チャンピオンバルダーダッシュ,"￥5,900","￥6,000代",1,*0
1985-01-01,MSX,-,32K,ポニーキャニオン,チャンピオンプロレス,"￥5,500","￥5,500代",1,Mirrored
1985-01-01,MSX,-,32K,ポニーキャニオン,チャンピオンボクシング,"￥5,500","￥5,500代",1,Mirrored
1986-01-01,MSX,-,32K,ポニーキャニオン,チャンピオン剣道,"￥4,900","￥5,000代",1,Mirrored
1985-01-01,MSX,-,32K,ソニー,チョップリフター,"￥4,900","￥5,000代",1,Mirrored
1984-01-01,MSX,-,16K,タイトー／ニデコ,チョロQ,"￥4,800","￥5,000代",1,Mirrored
1986-01-01,MSX,-,32K,カシオ,ツインビー,"￥4,800","￥5,000代",1,?
1986-01-01,MSX,-,32K,コナミ,ツインビー,"￥4,800","￥5,000代",1,Mirrored
1980-01-01,MSX2,-,不明,T＆E SOFT,ディーヴァネットワークバージョン,￥,￥0代,1,?
1987-01-01,MSX,-,2M,T＆E SOFT,ディーヴァアスラの血流,"￥6,800","￥7,000代",1,ASCII_8KB
1988-01-01,MSX,-,1M,スキャップアトラスト,ディープダンジョン2勇士の紋章,"￥6,800","￥7,000代",1,ASCII_8KB+SRAM
1988-01-01,MSX,-,1M,スキャップアトラスト,ディープダンジョン魔洞戦記,"￥6,800","￥7,000代",1,ASCII_8KB+SRAM
1987-01-01,MSX2,-,1M,ザインソフト,ディープフォレスト,"￥5,800","￥6,000代",1,ASCII_8KB
1984-01-01,MSX,-,32K,ナムコ,ディグダグ,"￥4,500","￥4,500代",1,Mirrored
1984-01-01,MSX,-,16K,アスキー,デインジャーX4,"￥4,800","￥5,000代",1,Basic(startat0x8000)
1985-01-01,MSX,-,不明,ヤマハ,データメモリカートリッジ,"￥9,800","￥10,000代",1,?
1986-01-01,MSX,-,32K,電波新聞社,デーモンクリスタル,"￥4,800","￥5,000代",1,Mirrored
1984-01-01,MSX,-,16K,ポニーキャニオン,デカスロン,"￥4,800","￥5,000代",1,Mirrored
1986-01-01,MSX,-,32K,ゲームアーツ,テクザー(THEXDER),"￥5,800","￥6,000代",1,Mirrored
1987-01-01,MSX,RPG,1M,日本テレネット,デジタルデビル物語女神転生,"￥6,800","￥7,000代",1,ASCII_8KB
1984-01-01,MSX,-,16K,アスキー,テセウス,"￥4,800","￥5,000代",1,Mirrored
1985-01-01,MSX,-,16K,ＨＡＬ研究所,てつまん,"￥4,800","￥5,000代",1,Mirrored
1984-01-01,MSX,-,不明,マスティール,テトラホラー,"￥4,800","￥5,000代",1,?
1988-01-01,MSX2,-,1M,BPS,テトリス,"￥6,800","￥7,000代",1,ASCII_8KB
1983-01-01,MSX,-,16K,ゼネラル,デビルズ・ヘブン,"￥4,800","￥5,000代",1,*0
1980-01-01,MSX2,-,1M,日本物産,テラクレスタ,￥,￥0代,1,?
1983-01-01,MSX,-,16K,アスキー,テレバニー,"￥4,800","￥5,000代",1,Mirrored
1984-01-01,MSX,-,16K,エニックス,ドアドア,"￥4,800","￥5,000代",1,Mirrored
1988-01-01,MSX2,-,不明,エミールソフト,とーくまん,"￥14,800","￥15,000代",1,?
1988-01-01,MSX,-,64K,ポニーキャニオン,ドーンパトロール,"￥4,900","￥5,000代",1,Mirrored
1985-01-01,MSX,-,32K,ポニーキャニオン,どきどきペンギンランド,"￥4,900","￥5,000代",1,Mirrored
1980-01-01,不明,-,不明,東芝/東芝ＥＭＩ,ドクターセルフ(Dr.SELF),￥,￥0代,1,?
1986-01-01,MSX,-,32K,ボースティック,トップルジップ,"￥5,800","￥6,000代",1,Mirrored
1987-01-01,MSX2,-,1M,ボースティック,トップルジップ,"￥5,900","￥6,000代",1,ASCII_8KB
1984-01-01,MSX,-,16K,ジャレコ,トップローラー(TOPROLLER),"￥4,800","￥5,000代",1,Mirrored
1984-01-01,MSX,-,16K,アスキー,トライアルスキー,"￥4,800","￥5,000代",1,Basic(startat0x8000)
1983-01-01,MSX,-,8K,ＨＡＬ研究所,ドラゴンアタック,"￥4,800","￥5,000代",1,Mirrored
1986-01-01,MSX,RPG,1M,エニックス,ドラゴンクエスト,"￥5,800","￥6,000代",1,ASCII_8KB
1986-01-01,MSX2,RPG,1M,エニックス,ドラゴンクエスト,"￥6,400","￥6,500代",1,ASCII_8KB
1987-01-01,MSX2,RPG,2M,エニックス,ドラゴンクエストⅡ悪霊の神々,"￥6,800","￥7,000代",1,ASCII_8KB
1987-01-01,MSX,RPG,2M,エニックス,ドラゴンクエストⅡ悪霊の神々,"￥6,800","￥7,000代",1,ASCII_8KB
1985-01-01,MSX,RPG,32K,スクウェア,ドラゴンスレイヤー,"￥5,200","￥5,000代",1,Mirrored
1987-01-01,MSX,-,2M,ファルコム,ドラゴンスレイヤーⅣドラスレファミリー,"￥6,800","￥7,000代",1,ASCII_8KB
1987-01-01,MSX2,-,2M,ファルコム,ドラゴンスレイヤーⅣドラスレファミリー,"￥6,800","￥7,000代",1,ASCII_8KB
1987-01-01,MSX2,-,1M,ナムコ,ドラゴンバスター,"￥5,800","￥6,000代",1,ASCII_8KB
1986-01-01,MSX,-,32K,ソニー,トラフィック,￥,￥0代,1,Mirrored
1986-01-01,MSX,-,32K,東芝/東芝ＥＭＩ,トランプエイド,"￥4,800","￥5,000代",1,Mirrored
1986-01-01,MSX,-,32K,ザインソフト,トリトーン,￥,￥0代,1,Standard(startat0x4000)
1986-01-01,MSX,-,32K,ナムコ,ドルアーガの塔,"￥4,500","￥4,500代",1,Mirrored
1988-01-01,MSX2,-,1M,日本デクスタ,ドルイド,"￥6,800","￥7,000代",1,ASCII_8KB
1987-01-01,MSX,-,32K,ビクター音産,ドレイナー,"￥4,800","￥5,000代",1,Mirrored
1984-01-01,MSX,-,16K,ソニー,ドロドン,"￥4,500","￥4,500代",1,Mirrored
1987-01-01,MSX,-,1M,電波新聞社,ナイザースペシャル,"￥5,300","￥5,500代",1,ASCII_16KB
1985-01-01,MSX,-,32K,日本デクスタ,ナイトシェード,"￥5,700","￥5,500代",1,Mirrored
1986-01-01,MSX,-,32K,日本デクスタ,ナイトロアー,"￥5,700","￥5,500代",1,Mirrored
1986-01-01,MSX,-,32K,ビクター音産,ナイルの涙,"￥5,800","￥6,000代",1,Mirrored
1987-01-01,MSX,-,1M,東京書籍,ニューキャルシリーズニューホライズン全3巻,"￥6,800","￥7,000代",1,?
1986-01-01,MSX,-,1M,マイクロキャビン,は～りぃふぉっくすMSXスペシャル,"￥6,800","￥7,000代",1,ASCII_16KB+SRAM
1986-01-01,MSX,-,32K,電波新聞社,バーガータイム,"￥4,500","￥4,500代",1,Mirrored
1980-01-01,不明,-,不明,ソニー,バーディー,￥,￥0代,1,?
1987-01-01,MSX2,-,1M,ソニー,ハードボール,"￥5,800","￥6,000代",1,ASCII_8KB
1985-01-01,MSX,-,64K,マイクロキャビン,はーりぃふぉっくす雪の魔王編,￥,￥0代,1,[はーりぃふぉっくす雪の魔王編] rom
1983-01-01,MSX,-,16K,ウェイリミット,ハイウェイスター,"￥4,800","￥5,000代",1,Mirrored
1987-01-01,MSX2,-,1M,ポニーキャニオン,ハイスクール!奇面組,"￥5,800","￥6,000代",1,ASCII_8KB
1985-01-01,MSX,-,32K,コンプティーク,ハイスト,"￥5,900","￥6,000代",1,Mirrored
1985-01-01,MSX,ACT,32K,T＆E SOFT,ハイドライド,"￥5,800","￥6,000代",1,Mirrored
1986-01-01,MSX,ACT,1M,T＆E SOFT,ハイドライドⅡ,"￥6,400","￥6,500代",1,ASCII_16KB+SRAM
1987-01-01,MSX,ACT,4M,T＆E SOFT,ハイドライド3,"￥7,800","￥8,000代",1,ASCII_8KB
1987-01-01,MSX2,ACT,4M,T＆E SOFT,ハイドライド3,"￥7,800","￥8,000代",1,ASCII_8KB
1987-01-01,MSX,-,不明,T＆E SOFT,ハイドライドブロンズバック(Ⅱと3のセット),"￥9,980","￥10,000代",1,-
1984-01-01,MSX,-,16K,ZAP,パイナップリン,"￥4,800","￥5,000代",1,Mirrored
1984-01-01,MSX,SPT,16K,コナミ,ハイパーオリンピック1,"￥4,800","￥5,000代",1,Mirrored
1984-01-01,MSX,SPT,16K,ソニー,ハイパーオリンピックⅠ,"￥4,800","￥5,000代",1,?
1984-01-01,MSX,SPT,16K,コナミ,ハイパーオリンピック2,"￥4,800","￥5,000代",1,Mirrored
1984-01-01,MSX,SPT,16K,ソニー,ハイパーオリンピックⅡ,"￥4,800","￥5,000代",1,?
1984-01-01,MSX,SPT,16K,コナミ,ハイパースポーツ1,"￥4,800","￥5,000代",1,Mirrored
1984-01-01,MSX,SPT,16K,ソニー,ハイパースポーツⅠ,￥,￥0代,1,?
1984-01-01,MSX,SPT,16K,コナミ,ハイパースポーツ2,"￥4,800","￥5,000代",1,Mirrored
1984-01-01,MSX,SPT,16K,ソニー,ハイパースポーツⅡ,￥,￥0代,1,?
1985-01-01,MSX,SPT,32K,コナミ,ハイパースポーツ3,"￥4,800","￥5,000代",1,Mirrored
1985-01-01,MSX,-,16K,コナミ,ハイパーラリー,"￥4,800","￥5,000代",1,Mirrored
1983-01-01,MSX,-,16K,アスキー,パイパニック,"￥4,800","￥5,000代",1,Mirrored
1980-01-01,不明,-,不明,ハドソン,バギージャンプ,￥,￥0代,1,?
1984-01-01,MSX,-,16K,ポニーキャニオン,パストファインダー,"￥4,800","￥5,000代",1,Mirrored
1983-01-01,MSX,-,16K,アスキー,パスボール,"￥4,800","￥5,000代",1,Basic(startat0x8000)
1986-01-01,MSX,-,32K,システムソフト,パズルパニック,"￥4,900","￥5,000代",1,Mirrored
1984-01-01,MSX,-,不明,ソニー,パソコンタイプライター,"￥6,800","￥7,000代",1,?
1983-01-01,MSX,-,16K,リットーミュージック,パソコン作曲家,"￥4,800","￥5,000代",1,Basic(startat0x8000)
1980-01-01,不明,-,不明,ストラッドフォード,パソコン先生入門編・教師用,￥,￥0代,1,?
1985-01-01,MSX,-,32K,東芝/東芝ＥＭＩ,パチコン,"￥4,800","￥5,000代",1,Mirrored
1988-01-01,MSX2,-,1M,ＨＡＬ研究所,パチプロ伝説,"￥5,800","￥6,000代",1,ASCII_8KB
1984-01-01,MSX,-,16K,カシオ,パチンコUFO,"￥4,800","￥5,000代",1,Mirrored
1988-01-01,MSX2,-,1M,ポニーキャニオン,ハッカー,"￥5,800","￥6,000代",1,ASCII_16KB
1984-01-01,MSX,-,16K,ソニー,バックギャモン,"￥4,000","￥4,000代",1,Mirrored
1985-01-01,MSX,-,32K,ポニーキャニオン,バックトゥザフューチャー,"￥4,900","￥5,000代",1,Standard(startat0x4000)
1989-01-01,MSX2,-,2M,ナムコ,パックマニア,"￥6,800","￥7,000代",1,ASCII_8KB
1984-01-01,MSX,-,16K,ナムコ,パックマン,"￥4,500","￥4,500代",1,Mirrored
1984-01-01,MSX,-,16K,コンパイル,ハッスルチュミー,"￥4,800","￥5,000代",1,*0
1985-01-01,MSX,-,32K,テクノソフト,ばってんタヌキの大冒険,"￥5,800","￥6,000代",1,Mirrored
1987-01-01,MSX,-,64K,パック・イン・ビデオ,バットマンロビン救出スペシャル,"￥5,800","￥6,000代",1,ASCII_8KB
1984-01-01,MSX,-,16K,ソニー,バトルクロス,"￥4,500","￥4,500代",1,Mirrored
1983-01-01,MSX,-,8K,T＆E SOFT,バトルシップ・クラプトンII,"￥4,800","￥5,000代",1,Mirrored
1988-01-01,MSX,-,64K,パナソフト,FMパナアミューズメントカートリッジ,"￥3,800","￥4,000代",1,[パナアミューズメントカートリッジ] rom
1985-01-01,MSX,-,16K,パナソフト,パナソフトのサッカー(MSXsoccre),"￥4,800","￥5,000代",1,Mirrored
1984-01-01,MSX,-,16K,パナソフト,パナソフトのベースボール(MSXBASEBALL),"￥4,800","￥5,000代",1,Mirrored
1986-01-01,MSX,-,16K,パナソフト,パナソフトのベースボールII(MSXBASEBALLII),"￥4,800","￥5,000代",1,Mirrored
1985-01-01,MSX,-,16K,パナソフト,パナソフトのラグビー(MSXRUGBY),"￥4,800","￥5,000代",1,Mirrored
1984-01-01,MSX,-,16K,スタジオＧＥＮ,バナナ(BANANA),"￥4,800","￥5,000代",1,Mirrored
1987-01-01,MSX2,-,1M,タイトー／ニデコ,バブルボブル,"￥5,800","￥6,000代",1,ASCII_8KB
1984-01-01,MSX,-,8K,アスキー,はらぺこパックン,"￥4,800","￥5,000代",1,Mirrored
1984-01-01,MSX,-,8K,ＨＡＬ研究所,バラン数(BALANCE),"￥4,800","￥5,000代",1,Mirrored
1988-01-01,MSX,SHT,1M,コナミ,パロディウスタコは地球を救う,"￥5,800","￥6,000代",1,Konami58KB(SCC)
1985-01-01,MSX,-,32K,ポニーキャニオン,ハングオン,"￥4,900","￥5,000代",1,Mirrored
1985-01-01,MSX,-,32K,ポニーキャニオン,バンクパニック,"￥4,900","￥5,000代",1,?
1984-01-01,MSX,-,32K,ソニー,バンゲリングベイ,"￥4,900","￥5,000代",1,Mirrored
1986-01-01,MSX,-,32K,アイレム,パンサー,￥,￥0代,1,Mirrored
1990-01-01,MSX2,-,不明,ＨＡＬ研究所,ハンディスキャナMSX2,"￥24,800","￥25,000代",1,?
1984-01-01,MSX,-,8K,日本コロムビア,ピータン,"￥4,800","￥5,000代",1,Mirrored
1980-01-01,MSX,-,不明,ハドソン,ビーパック(BEEPACK),￥,￥0代,1,-
1984-01-01,MSX,-,16K,ポニーキャニオン,ビームライダー,"￥4,800","￥5,000代",1,Mirrored
1984-01-01,MSX,-,16K,ポニーキャニオン,ヒーロー,"￥4,800","￥5,000代",1,Mirrored
1991-01-01,MSX2,-,4M,ポニーキャニオン,ヒーローオブザランス,"￥7,500","￥7,500代",1,ASCII_8KB+SRAM
1983-01-01,MSX,-,8K,ＨＡＬ研究所,ピクチャーパズル,"￥4,800","￥5,000代",1,Mirrored
1987-01-01,MSX2,-,1M,タイトー／ニデコ,ビクトリアスナインII高校野球編,"￥5,800","￥6,000代",1,ASCII_16KB
1980-01-01,不明,-,不明,ＨＡＬ研究所,ピッキー,￥,￥0代,1,?
1984-01-01,MSX,-,8K,ハドソン,ひつじやーい,"￥4,800","￥5,000代",1,Mirrored
1984-01-01,MSX,-,16K,ポニーキャニオン,ピットフォール,"￥4,800","￥5,000代",1,Mirrored
1984-01-01,MSX,-,16K,ポニーキャニオン,ピットフォールII,"￥4,800","￥5,000代",1,Mirrored
1989-01-01,MSX2,-,不明,ソニー,ビデオデジタイザー,"￥29,800","￥30,000代",1,?
1983-01-01,MSX,-,8K,コナミ,ビデオハスラー,"￥4,500","￥4,500代",1,Mirrored
1984-01-01,MSX,-,不明,ビクター音産,ビデオ画面効果ソフトビデオ・エディパル,"￥7,800","￥8,000代",1,?
1984-01-01,MSX,-,32K,日本デクスタ,ピピ(オウムのピピの大冒険),"￥4,800","￥5,000代",1,Mirrored
1985-01-01,MSX,-,16K,コナミ,ピポルス,"￥4,800","￥5,000代",1,Mirrored
1983-01-01,MSX,-,8K,T＆E SOFT,ピラミッド・ワープ,"￥4,800","￥5,000代",1,Mirrored
1987-01-01,MSX,-,不明,セイカロモックス,ピロマン,"￥5,500","￥5,500代",1,?
1987-01-01,MSX,-,不明,ＨＡＬ研究所,ピロマン,"￥5,500","￥5,500代",1,?
1985-01-01,MSX,-,不明,日本コロムビア,ピンキーチェイス,"￥4,800","￥5,000代",1,?
1985-01-01,MSX,-,16K,日本コロムビア,ピンボールメーカー,"￥4,800","￥5,000代",1,Mirrored
1984-01-01,MSX,-,16K,マスティール,ファーマー,"￥4,800","￥5,000代",1,Mirrored
1988-01-01,MSX2,-,1M,ハミングバードソフト,ファイアボール,"￥6,800","￥7,000代",1,ASCII_8KB
1985-01-01,MSX,-,16K,ポニーキャニオン,ファイナルジャスティス,"￥4,800","￥5,000代",1,Mirrored
1986-01-01,MSX,-,1M,日本テレネット,ファイナルゾーンウルフ,"￥6,800","￥7,000代",1,ASCII_8KB
1983-01-01,MSX,-,16K,ＭＩＡ,ファイナル麻雀,"￥4,800","￥5,000代",1,Mirrored
1984-01-01,MSX,-,16K,ハドソン,ファイヤーレスキュー,"￥4,800","￥5,000代",1,Mirrored
1988-01-01,MSX2,-,2M,BIT2,ファミクルパロディック,"￥6,800","￥7,000代",1,ASCII_8KB
1987-01-01,MSX2,-,64K,パック・イン・ビデオ,ファミリービリヤード,"￥5,800","￥6,000代",1,ASCII_8KB
1988-01-01,MSX2,-,2M,ソニー,ファミリーボクシングMSXタイトルマッチ,"￥5,800","￥6,000代",1,ASCII_8KB
1984-01-01,MSX,-,32K,ソニー,ファルク,"￥14,800","￥15,000代",1,Mirrored
1984-01-01,MSX,-,16K,ZAP,ファンキー・マウス,"￥4,800","￥5,000代",1,Mirrored
1986-01-01,MSX,-,1M,ポニーキャニオン,ファンタジーゾーン,"￥5,500","￥5,500代",1,ASCII_8KB
1987-01-01,MSX2,-,2M,ポニーキャニオン,ファンタジーゾーンⅡオパオパの涙,"￥6,800","￥7,000代",1,ASCII_16KB
1984-01-01,MSX,-,16K,アスキー,ブーメラン,"￥4,800","￥5,000代",1,Mirrored
1985-01-01,MSX,-,16K,ZAP,フェアリー,"￥4,800","￥5,000代",1,Mirrored
1987-01-01,MSX,-,1M,ＧＡ夢／HOT-B,フェアリーランドストーリー,"￥5,900","￥6,000代",1,ASCII_8KB
1985-01-01,MSX,-,32K,日本デクスタ,フォーメーションZ,"￥5,700","￥5,500代",1,Mirrored
1987-01-01,MSX,-,不明,タケル／ブラザー工業,フォールフェル,"￥2,500","￥2,500代",1,?
1983-01-01,MSX,-,16K,アンプルソフトウエア,ブギウギジャングル,"￥4,800","￥5,000代",1,Mirrored
1983-01-01,MSX,-,8K,ＨＡＬ研究所,ぶた丸パンツ,"￥4,800","￥5,000代",1,Mirrored
1988-01-01,MSX,-,1M,サブロジック,フライトシミュレーター,"￥5,800","￥6,000代",1,ASCII_8KB
1986-01-01,MSX,-,64K,ポニーキャニオン,フライトデッキ,"￥4,900","￥5,000代",1,Mirrored
1986-01-01,MSX,-,32K,マイクロキャビン,ブラッガー,"￥5,400","￥5,500代",1,Standard(startat0x4000)
1984-01-01,MSX,-,8K,東芝/東芝ＥＭＩ,フラッシュスプラッシュ,"￥4,800","￥5,000代",1,Mirrored
1984-01-01,MSX,-,16K,デービーソフト,フラッピーリミテッド,"￥5,800","￥6,000代",1,Mirrored
1984-01-01,MSX,-,16K,カシオ,フラッピーリミテッド,"￥5,800","￥6,000代",1,?
1985-01-01,MSX,-,16K,デービーソフト,フラッピーリミテッド'85,￥,￥0代,1,Mirrored
1990-01-01,MSXTurboR,-,2M,アスキー,フリートコマンダーII黄昏の海域,"￥9,800","￥10,000代",1,ASCII_8KB
1986-01-01,MSX,-,32K,マイクロネット,フリッキー,"￥4,400","￥4,500代",1,Mirrored
1983-01-01,MSX,-,16K,スペクトラ・ビデオ,フリッパースリッパー,"￥4,800","￥5,000代",1,Mirrored
1985-01-01,MSX,-,不明,ソニー,プリンターソフトプリントラボ,"￥5,800","￥6,000代",1,?
1985-01-01,MSX,-,32K,コンプティーク,ブルース・リー,"￥5,900","￥6,000代",1,Mirrored
1983-01-01,MSX,-,8K,ＨＡＬ研究所,フルーツサーチ,"￥4,800","￥5,000代",1,Mirrored
1986-01-01,MSX,-,32K,ＨＡＬ研究所,ブルとマイティー危機一髪,"￥4,800","￥5,000代",1,Mirrored
1985-01-01,MSX,-,16K,ヤマハ,プレイカードセット,"￥12,800","￥13,000代",1,Mirrored
1983-01-01,MSX,-,16K,アスキー,ブレイクアウト,"￥4,800","￥5,000代",1,Basic(startat0x8000)
1987-01-01,MSX,-,64K,ジャレコ,ブレイクイン(BREAKIN),"￥4,900","￥5,000代",1,Mirrored
1986-01-01,MSX,-,32K,ソニー,プレイボール,"￥6,900","￥7,000代",1,[プレイボール] rom
1988-01-01,MSX2,-,1M,パック・イン・ビデオ,プレデター,"￥5,800","￥6,000代",1,ASCII_8KB
1987-01-01,MSX2,-,1M,ポニーキャニオン,プロジェクトA2史上最大の標的,"￥5,800","￥6,000代",1,ASCII_8KB
1983-01-01,MSX,-,8K,コナミ,フロッガー(FROGGER),"￥4,000","￥4,000代",1,Mirrored
1984-01-01,MSX,-,16K,東芝/東芝ＥＭＩ,ブロッケードランナー,"￥5,800","￥6,000代",1,Mirrored
1984-01-01,MSX,-,不明,ソニー,プロッ太,"￥6,800","￥7,000代",1,?
1985-01-01,MSX,-,16K,ポニーキャニオン,プロテクター,"￥4,800","￥5,000代",1,Mirrored
1986-01-01,MSX,-,32K,徳間書店／テクノポリス,プロフェッショナルベースボール,￥,￥0代,1,Mirrored
1985-01-01,MSX,-,32K,シャノアール,プロフェッショナル麻雀,"￥6,800","￥7,000代",1,Mirrored
1988-01-01,MSX2,-,1M,シャノアール,プロフェッショナル麻雀悟空,"￥6,800","￥7,000代",1,ASCII_16KB+SRAM
1984-01-01,MSX,-,16K,タイトー／ニデコ,フロントライン,"￥4,800","￥5,000代",1,Mirrored
1989-01-01,MSX2,-,2M,ナムコ,プロ野球ファミリースタジアムペナントレース,"￥7,800","￥8,000代",1,ASCII_16KB
1987-01-01,MSX2,-,2M,日本テレネット,プロ野球FANテレネットスタジアム,￥,￥0代,1,ASCII_8KB
1983-01-01,MSX,-,16K,アスキー,ペアーズ,"￥4,800","￥5,000代",1,Basic(startat0x8000)
1986-01-01,MSX,-,不明,ヤマハ,ベーシックヘルパー,"￥9,800","￥10,000代",1,?
1986-01-01,MSX,-,32K,ビクター音産,ペガサス,"￥5,800","￥6,000代",1,Mirrored
1983-01-01,MSX,-,8K,ＨＡＬ研究所,ヘビーボクシング,"￥4,800","￥5,000代",1,Mirrored
1983-01-01,MSX,-,16K,NABU,ヘリタンク,"￥4,800","￥5,000代",1,Mirrored
1985-01-01,MSX,-,32K,アスキー,ぺんぎんくんウォーズ,"￥5,800","￥6,000代",1,Mirrored
1988-01-01,MSX2,-,2M,アスキー,ぺんぎんくんウォーズ2,"￥6,800","￥7,000代",1,ASCII_16KB
1986-01-01,MSX,-,32K,ビクター音産,ポイントX占領作戦,"￥5,800","￥6,000代",1,*0
1986-01-01,MSX,-,32K,システムソフト,ぼうけんろまん(冒険浪漫),"￥4,800","￥5,000代",1,Standard(startat0x4000)
1984-01-01,MSX,-,16K,松下電器産業,ホームカルク,"￥7,800","￥8,000代",1,Mirrored
1984-01-01,MSX,-,16K,ＨＡＬ研究所,ホールインワン,"￥4,800","￥5,000代",1,Mirrored
1985-01-01,MSX,-,32K,ＨＡＬ研究所,ホールインワンプロフェッショナル,"￥5,800","￥6,000代",1,Mirrored
1987-01-01,MSX2,-,1M,ＨＡＬ研究所,ホールインワンスペシャル,"￥5,600","￥5,500代",1,ASCII_16KB
1980-01-01,不明,-,不明,ポニーキャニオン,ボールブレイザー,￥,￥0代,1,?
1984-01-01,MSX,-,8K,日本コロムビア,ボギー'84,"￥4,800","￥5,000代",1,Mirrored
1984-01-01,MSX,-,16K,アスキー,ボコスカウォーズ,"￥4,800","￥5,000代",1,Mirrored
1984-01-01,MSX,-,32K,ナムコ,ボスコニアン,"￥4,500","￥4,500代",1,Mirrored
1984-01-01,MSX,-,16K,マスティール,ポパック・ザ・フィッシュ,"￥4,800","￥5,000代",1,Mirrored
1985-01-01,MSX,-,32K,ポニーキャニオン,ポリスストーリー,"￥4,900","￥5,000代",1,Mirrored
1987-01-01,MSX,-,1M,クリスタルソフト,ボルフェスと5人の悪魔,"￥5,800","￥6,000代",1,ASCII_16KB
1988-01-01,MSX,-,1M,ハドソン,ボンバーキング,"￥6,200","￥6,000代",1,ASCII_8KB
1983-01-01,MSX,-,8K,ハドソン,ボンバーマン,"￥4,800","￥5,000代",1,Mirrored
1986-01-01,MSX,-,32K,ハドソン,ボンバーマンスペシャル,"￥4,800","￥5,000代",1,Mirrored
1984-01-01,MSX,-,16K,コナミ,ぽんぽこぱん(comicbakery),"￥4,800","￥5,000代",1,Mirrored
1989-01-01,MSX2,-,1M,デービーソフト,マース,"￥6,800","￥7,000代",1,ASCII_16KB
1983-01-01,MSX,-,16K,ソニー,マウザー,"￥4,500","￥4,500代",1,Mirrored
1988-01-01,MSX,-,1M,東芝/東芝ＥＭＩ,マグナム危機一髪エンパイアシティ1931,"￥5,800","￥6,000代",1,ASCII_16KB
1984-01-01,MSX,-,16K,コナミ,マジカルツリー,"￥4,800","￥5,000代",1,Mirrored
1985-01-01,MSX,-,不明,ポニーキャニオン,マスターオブザランプ,"￥4,800","￥5,000代",1,?
1987-01-01,MSX2,-,1M,キャリーソフト,マッドライダー,"￥6,200","￥6,000代",1,ASCII_8KB
1984-01-01,MSX,-,32K,ナムコ,マッピー,"￥4,500","￥4,500代",1,Mirrored
1988-01-01,MSX2,-,1M,ポニーキャニオン,マラヤの秘宝,"￥5,800","￥6,000代",1,ASCII_16KB
1983-01-01,MSX,-,16K,アスキー,マリンバトル,"￥4,800","￥5,000代",1,Basic(startat0x8000)
1986-01-01,MSX,-,32K,ビクター音産,ミクとしおりのニャンニャンプロレス,"￥5,800","￥6,000代",1,Mirrored
1980-01-01,MSX2,-,1M,草思社,ミケランジェロⅡ,￥,￥0代,1,?
1987-01-01,MSX2,-,1M,ジャレコ,ミシシッピー殺人事件,"￥6,800","￥7,000代",1,ASCII_8KB
1984-01-01,MSX,-,16K,ソニー,ミスタードゥvsユニコーンズ,"￥4,500","￥4,500代",1,Mirrored
1987-01-01,MSX2,-,1M,松下電器産業,ミセスパック,"￥9,800","￥10,000代",1,?
1983-01-01,MSX,-,16K,ウェイリミット,ミッドナイトビルディング,"￥4,800","￥5,000代",1,Mirrored
1986-01-01,MSX,-,32K,ソニー,ミッドナイトブラザーズずっこけ探偵,"￥4,800","￥5,000代",1,Mirrored
1985-01-01,MSX,-,16K,ナムコ,ミニゴルフ,"￥4,500","￥4,500代",1,Mirrored
1984-01-01,MSX,-,16K,リットーミュージック,ミュージック・ハーモナイザー3,"￥4,800","￥5,000代",1,Basic(startat0x8000)
1984-01-01,MSX,-,16K,ＨＡＬ研究所,ミュージックエディタMUE,"￥4,800","￥5,000代",1,Mirrored
1984-01-01,MSX,-,不明,東芝/東芝ＥＭＩ,ミュージックエディター,￥,￥0代,1,?
1985-01-01,MSX,-,不明,ソニー,ミュージックスタジオG7,"￥6,800","￥7,000代",1,Mirrored
1986-01-01,MSX,-,不明,キャンドゥ,ミュージックワープロMUSICIAN,"￥7,800","￥8,000代",1,?
1984-01-01,MSX,-,16K,電波新聞社,ムーンパトロール,"￥4,500","￥4,500代",1,Mirrored
1983-01-01,MSX,-,16K,アスキー,ムーンランディング,"￥4,800","￥5,000代",1,Basic(startat0x8000)
1984-01-01,MSX,-,16K,ZAP,メーニーズ,"￥4,800","￥5,000代",1,Mirrored
1983-01-01,MSX,-,16K,ゼネラル,メガロポリスSOS,"￥4,800","￥5,000代",1,*0
1987-01-01,MSX2,-,2M,マイクロキャビン,めぞん一刻想いでのフォトグラフ,"￥6,800","￥7,000代",1,ASCII_8KB
1988-01-01,MSX2,-,4M,マイクロキャビン,めぞん一刻完結編さよなら､そして…,"￥7,800","￥8,000代",1,ASCII_8KB
1987-01-01,MSX2,-,1M,コナミ,メタルギア,"￥5,800","￥6,000代",1,Konami48KB(noSCC)
1990-01-01,MSX2,-,4M,コナミ,メタルギア2ソリッドスネーク,"￥9,800","￥10,000代",1,Konami58KB(SCC)
1987-01-01,MSX,-,1M,システムサコム,メルヘンヴェールI,"￥5,800","￥6,000代",1,ASCII_8KB
1986-01-01,MSX,-,32K,カシオ,モアイの秘宝,"￥4,800","￥5,000代",1,Mirrored
1986-01-01,MSX,-,32K,レーベンプロ,もーかりまっか？ぼちぼちでんなっ!,￥,￥0代,1,Mirrored
1986-01-01,MSX,-,不明,ビクター音産,モールモール,"￥5,800","￥6,000代",1,?
1987-01-01,MSX,-,32K,ビクター音産,モールモール2,"￥5,800","￥6,000代",1,Mirrored
1985-01-01,MSX,-,16K,カシオ,モピレンジャー,"￥4,800","￥5,000代",1,?
1985-01-01,MSX,-,16K,コナミ,モピレンジャー,"￥4,800","￥5,000代",1,Mirrored
1989-01-01,MSX2,-,1M,ＧＡ夢／HOT-B,モンモンモンスター(悶々怪物),"￥6,800","￥7,000代",1,ASCII_8KB
1984-01-01,MSX,-,16K,コナミ,モン太君のいち・に・さんすう(MONKYACADEMY),"￥4,800","￥5,000代",1,Mirrored
1987-01-01,MSX2,-,2M,ウルフチーフ,ヤシャ(YAKSA),￥,￥0代,1,ASCII_8KB
1987-01-01,MSX,-,1M,パック・イン・ビデオ,ヤングシャーロックドイルの遺産,"￥5,800","￥6,000代",1,ASCII_8KB
1985-01-01,MSX,-,不明,ヤマハ,ユニットコネクタ,"￥7,800","￥8,000代",1,?
1992-01-01,MSX2,-,8M,光栄,ヨーロッパ戦線,"￥12,800","￥13,000代",1,koei+SRAM
1983-01-01,MSX,-,16K,アスキー,ライズアウト,"￥4,800","￥5,000代",1,Mirrored
1988-01-01,MSX2,-,2M,タイトー／ニデコ,ラスタンサーガ,"￥5,800","￥6,000代",1,ASCII_8KB
1984-01-01,MSX,-,16K,アスキー,ラダービルディング,"￥4,800","￥5,000代",1,Basic(startat0x8000)
1987-01-01,MSX2,-,2M,パック・イン・ビデオ,ラビリンス魔王の迷宮,"￥6,800","￥7,000代",1,ASCII_8KB
1986-01-01,MSX,-,32K,デービーソフト,らぷてっく2,"￥4,900","￥5,000代",1,Mirrored
1986-01-01,MSX,-,不明,ブラザー工業,ラリー,"￥4,200","￥4,000代",1,?
1984-01-01,MSX,-,16K,ナムコ,ラリーX,"￥4,500","￥4,500代",1,Mirrored
1990-01-01,MSX2,-,4M,光栄,ランペルール,￥,￥0代,1,koei+SRAM
1985-01-01,MSX,ACT,32K,パック・イン・ビデオ,ランボー,"￥5,800","￥6,000代",1,Mirrored
1983-01-01,MSX,-,8K,タカラ,リアルテニス,"￥4,800","￥5,000代",1,Mirrored
1987-01-01,MSX2,-,1M,キャリーラボ,リターンオブジェルダ,"￥5,800","￥6,000代",1,ASCII_8KB
1987-01-01,MSX2,-,1M,ハミングバードソフト,りっくとみっくの大冒険,"￥5,800","￥6,000代",1,ASCII_8KB
1984-01-01,MSX,-,16K,ポニーキャニオン,リバーレイド,"￥4,800","￥5,000代",1,Mirrored
1983-01-01,MSX,-,32K,ポニーキャニオン,ルナーボール,"￥4,900","￥5,000代",1,Mirrored
1987-01-01,MSX2,-,1M,東宝,ルパン3世カリオストロの城,"￥6,800","￥7,000代",1,ASCII_8KB
1988-01-01,MSX2,-,1M,東宝,ルパン3世バビロンの黄金伝説,"￥6,400","￥6,500代",1,ASCII_8KB
1985-01-01,MSX,-,16K,イエローホーン,レッドゾーン,"￥4,800","￥5,000代",1,Mirrored
1987-01-01,MSX2,-,1M,ソニー,レプリカート,"￥5,800","￥6,000代",1,ASCII_8KB
1986-01-01,MSX2,-,2M,ボースティック,レリクス,"￥7,200","￥7,000代",1,ASCII_8KB
1986-01-01,MSX,-,1M,ボースティック,レリクス,￥,￥0代,1,ASCII_8KB
1991-01-01,MSX2,-,8M,光栄,ロイヤルブラッド,￥,￥0代,1,koei+SRAM
1984-01-01,MSX,-,16K,アスキー,ローターズ,"￥4,800","￥5,000代",1,Basic(startat0x8000)
1983-01-01,MSX,-,16K,アスキー,ロードオーバー,"￥4,800","￥5,000代",1,Basic(startat0x8000)
1985-01-01,MSX,-,16K,カシオ,ロードファイター,"￥4,800","￥5,000代",1,?
1985-01-01,MSX,-,16K,コナミ,ロードファイター,"￥4,800","￥5,000代",1,Mirrored
1984-01-01,MSX,-,32K,ソニー,ロードランナー,"￥5,800","￥6,000代",1,Mirrored
1984-01-01,MSX,-,32K,ソニー,ロードランナーII,"￥5,800","￥6,000代",1,Mirrored
1984-01-01,MSX,-,16K,ＨＡＬ研究所,ローラーボール,"￥4,800","￥5,000代",1,Mirrored
1980-01-01,不明,-,不明,ＨＡＬ研究所,ロケットロジャー,￥,￥0代,1,?
1985-01-01,MSX,-,16K,ポニーキャニオン,ロックンボルト,"￥4,800","￥5,000代",1,Mirrored
1986-01-01,MSX,-,32K,徳間書店／テクノポリス,ロットロット,"￥4,800","￥5,000代",1,Mirrored
1987-01-01,MSX,-,1M,マイクロネット,ロボレス2001年(ROBOWRES2001),"￥5,800","￥6,000代",1,ASCII_16KB
1986-01-01,MSX,-,1M,ファルコム,ロマンシア,"￥5,800","￥6,000代",1,ASCII_16KB
1986-01-01,MSX2,-,1M,ファルコム,ロマンシア,"￥5,800","￥6,000代",1,ASCII_16KB
1985-01-01,MSX,-,不明,ソニー,ワードランド文II,"￥14,800","￥15,000代",1,?
1985-01-01,MSX2,-,不明,ソニー,ワードランド文II,￥,￥0代,1,?
1984-01-01,MSX,-,8K,ナムコ,ワープ＆ワープ,"￥4,500","￥4,500代",1,Mirrored
1985-01-01,MSX,-,不明,日本コロムビア,ワイルドキャット,"￥4,800","￥5,000代",1,?
1984-01-01,MSX,-,16K,コナミ,わんぱくアスレチック(ATHLETICLAND),"￥4,800","￥5,000代",1,Mirrored
1988-01-01,MSX2,-,2M,マイクロキャビン,亜空戦記グリフォン,"￥6,800","￥7,000代",1,?
1986-01-01,MSX2,-,1M,コナミ,悪魔城ドラキュラ(VAMPIREKILLER),"￥5,800","￥6,000代",1,Konami48KB(noSCC)
1980-01-01,不明,-,不明,東芝/東芝ＥＭＩ,宛名書き,￥,￥0代,1,?
1986-01-01,MSX,-,32K,カシオ,闇の竜王ハデスの紋章,"￥4,800","￥5,000代",1,Mirrored
1985-01-01,MSX,-,16K,カシオ,伊賀忍法帖,"￥4,800","￥5,000代",1,Mirrored
1986-01-01,MSX,-,32K,カシオ,伊賀忍法帖満月城の戦い,"￥4,800","￥5,000代",1,Mirrored
1991-01-01,MSX2,-,8M,光栄,伊忍道打倒信長,￥,￥0代,1,koei+SRAM
1988-01-01,MSX2,-,1M,パック・イン・ビデオ,井出洋介名人の実戦麻雀,"￥6,800","￥7,000代",1,ASCII_8KB
1987-01-01,MSX,-,32K,カシオ,一寸法師のどんなもんだい,"￥4,800","￥5,000代",1,Mirrored
1989-01-01,MSX2,-,4M,光栄,維新の嵐,￥,￥0代,1,koei+SRAM
1985-01-01,MSX,-,32K,東芝/東芝ＥＭＩ,宇宙戦士「隼」(MOONSWEEPER),"￥4,800","￥5,000代",1,Mirrored
1986-01-01,MSX,-,32K,タイトー／ニデコ,影の伝説,"￥4,900","￥5,000代",1,Mirrored
1984-01-01,MSX,-,8K,ＨＡＬ研究所,泳いでタンゴ,"￥4,800","￥5,000代",1,Mirrored
1986-01-01,MSX,-,不明,東芝/東芝ＥＭＩ,英文ワードプロセッサ,"￥7,800","￥8,000代",1,Mirrored
1985-01-01,MSX,-,16K,東芝/東芝ＥＭＩ,王家の谷(KING'SVALLEY),"￥4,800","￥5,000代",1,?
1985-01-01,MSX,-,16K,カシオ,王家の谷(KING'SVALLEY),"￥4,800","￥5,000代",1,?
1985-01-01,MSX,-,16K,コナミ,王家の谷(KING'SVALLEY),"￥4,800","￥5,000代",1,Mirrored
1988-01-01,MSX2,-,1M,コナミ,王家の谷エルギーザの封印(KING'SVALLEYII),"￥5,800","￥6,000代",1,Konami58KB(SCC)
1988-01-01,MSX,-,1M,コナミ,王家の谷2エルギーザの封印(KING'SVALLEYII),"￥5,800","￥6,000代",1,Konami58KB(SCC)
1984-01-01,MSX,-,不明,リットーミュージック,音感トレーニング,"￥4,800","￥5,000代",1,?
1987-01-01,MSX2,-,1M,コナミ,火の鳥鳳凰編,"￥5,800","￥6,000代",1,Konami48KB(noSCC)
1984-01-01,MSX,-,32K,東芝/東芝ＥＭＩ,花札,"￥6,800","￥7,000代",1,Mirrored
1984-01-01,MSX,-,16K,RAMソフト,花札コイコイ,"￥4,800","￥5,000代",1,Mirrored
1987-01-01,MSX2,-,2M,ザインソフト,牙龍王,"￥6,400","￥6,500代",1,ASCII_8KB
1986-01-01,MSX2,-,不明,東芝/東芝ＥＭＩ,絵葉書用ワープロ,"￥9,800","￥10,000代",1,?
1988-01-01,MSX2,-,2M,グレイト,学園物語,￥,￥0代,1,ASCII_16KB
1980-01-01,不明,-,不明,ストラッドフォード,楽しい算数,￥,￥0代,1,?
1985-01-01,MSX,-,1M,ビクター音産,漢字ROM,"￥29,800","￥30,000代",1,Mirrored
1985-01-01,MSX,-,不明,ヤマハ,漢字カセットラベラ,"￥7,800","￥8,000代",1,?
1986-01-01,MSX,-,不明,東芝/東芝ＥＭＩ,漢字テロッパ,"￥25,000","￥25,000代",1,?
1984-01-01,MSX,-,不明,ヤマハ,漢字ワープロユニット,"￥49,800","￥50,000代",1,?
1984-01-01,MSX,-,不明,松下電器産業,漢字ワープロユニット,"￥49,800","￥50,000代",1,?
1985-01-01,MSX,-,不明,ヤマハ,漢字住所録,"￥7,800","￥8,000代",1,?
1985-01-01,MSX,-,不明,ヤマハ,漢字枠組自在,"￥9,800","￥10,000代",1,?
1985-01-01,MSX,-,不明,マイクロキャビン,管理馬券,"￥3,500","￥3,500代",1,?
1984-01-01,MSX,-,不明,ハドソン,簡易言語データ君,"￥12,800","￥13,000代",1,?
1985-01-01,MSX,-,32K,ソニー,頑張れトラックボーイペイロード,"￥4,900","￥5,000代",1,Mirrored
1987-01-01,MSX2,-,1M,ソニー,奇々怪界,"￥5,800","￥6,000代",1,ASCII_8KB
1987-01-01,MSX2,-,1M,ソニー,棋聖,"￥6,800","￥7,000代",1,ASCII_8KB+SRAM
1984-01-01,MSX,-,16K,バンダイ,機動戦士ガンダム,"￥4,800","￥5,000代",1,Mirrored
1986-01-01,MSX,-,32K,ＨＡＬ研究所,機動惑星スティルス,"￥5,600","￥5,500代",1,Mirrored
1987-01-01,MSX,-,1M,チャンピオンソフト,詰碁120関西棋院監修,"￥8,000","￥8,000代",1,ASCII_16KB
1988-01-01,MSX2,-,1M,ポニーキャニオン,居眠り流阿佐田哲也のA級麻雀,"￥5,800","￥6,000代",1,ASCII_16KB
1984-01-01,MSX,-,16K,バンダイ,銀河漂流バイファム,"￥4,800","￥5,000代",1,*0
1985-01-01,MSX,-,32K,東芝/東芝ＥＭＩ,軍人将棋軍神マース,"￥4,800","￥5,000代",1,Mirrored
1986-01-01,MSX,-,1M,エニックス,軽井沢誘拐案内,"￥5,800","￥6,000代",1,ASCII_8KB
1989-01-01,MSX2,-,1M,コナミ,激突ペナントレース2,"￥6,800","￥7,000代",1,Konami58KB(SCC)
1986-01-01,MSX,-,32K,カシオ,賢者の石,"￥4,800","￥5,000代",1,Mirrored
1984-01-01,MSX,-,16K,東芝/東芝ＥＭＩ,五目ならべ,"￥5,800","￥6,000代",1,Mirrored
1984-01-01,MSX,-,16K,東芝/東芝ＥＭＩ,功夫大君,"￥4,800","￥5,000代",1,Mirrored
1988-01-01,MSX2,-,2M,ポニーキャニオン,孔雀王,"￥5,800","￥6,000代",1,?
1986-01-01,MSX,-,32K,ハドソン,高橋名人の冒険島,"￥4,800","￥5,000代",1,Mirrored
1989-01-01,MSX2,-,1M,コナミ,魂斗羅,"￥5,800","￥6,000代",1,Konami58KB(SCC)
1987-01-01,MSX,-,1M,コナミ,沙羅曼蛇,"￥6,800","￥7,000代",1,Konami58KB(SCC)
1988-01-01,MSX2,-,4M,マイクロキャビン,殺人倶楽部,￥,￥0代,1,ASCII_8KB
1989-01-01,MSX,-,1M,ナツメ,三つ目がとおる,"￥7,800","￥8,000代",1,ASCII_8KB
1986-01-01,MSX,-,2M,光栄,三國志,"￥12,800","￥13,000代",1,koei+SRAM
1988-01-01,MSX2,-,4M,光栄,三國志,￥,￥0代,1,koei+SRAM
1991-01-01,MSX2,-,8M,光栄,三國志Ⅱ,￥,￥0代,1,koei+SRAM
1986-01-01,MSX,-,32K,カシオ,仔猫の大冒険チビちゃんがいく,"￥4,800","￥5,000代",1,Mirrored
1985-01-01,MSX,-,1M,松下電器産業,辞書データ,￥,￥0代,1,[辞書データ] rom
1987-01-01,MSX2,-,1M,システムソフト,上海,￥,￥0代,1,ASCII_16KB
1987-01-01,MSX2,-,2M,ビクター音産,死霊戦線,"￥8,800","￥9,000代",1,ASCII_8KB+SRAM
1984-01-01,MSX,-,16K,ソニー,実戦四人麻雀,"￥4,000","￥4,000代",1,Mirrored
1985-01-01,MSX,-,不明,松下電器産業,住所録/名刺管理ソフト,"￥8,800","￥9,000代",1,?
1986-01-01,MSX,-,不明,ソニー,渋滞パニックトラフィック,"￥4,900","￥5,000代",1,?
1987-01-01,MSX,-,不明,ランダムハウス,獣神ローガス,"￥5,800","￥6,000代",1,?
1985-01-01,MSX,-,32K,ポニーキャニオン,将棋,"￥4,900","￥5,000代",1,Mirrored
1985-01-01,MSX,-,16K,マイクロ・キャビン,将棋(SHOGI),￥,￥0代,1,Mirrored
1985-01-01,MSX,-,32K,東芝/東芝ＥＭＩ,将棋名人,"￥5,800","￥6,000代",1,Mirrored
1987-01-01,MSX,-,1M,日本デクスタ,将軍,"￥7,800","￥8,000代",1,ASCII_8KB+SRAM
1989-01-01,MSX2,-,4M,光栄,信長の野望戦国群雄伝,"￥11,800","￥12,000代",1,koei+SRAM
1991-01-01,MSXTurboR,-,8M,光栄,信長の野望武将風雲録,"￥11,800","￥12,000代",1,koei+SRAM
1987-01-01,MSX2,-,4M,光栄,信長の野望全国版,"￥9,800","￥10,000代",1,koei+SRAM
1987-01-01,MSX,-,2M,光栄,信長の野望全国版,"￥9,800","￥10,000代",1,koei+SRAM
1986-01-01,MSX,-,32K,コナミ,新世SIZER,"￥6,800","￥7,000代",1,[新世SIZER] rom
1986-01-01,MSX,-,32K,東芝/東芝ＥＭＩ,森田和郎のオセロ,"￥4,900","￥5,000代",1,Mirrored
1985-01-01,MSX,-,32K,東芝/東芝ＥＭＩ,人魚伝説,"￥4,800","￥5,000代",1,Mirrored
1989-01-01,MSX2,-,4M,光栄,水滸伝天命の誓い,￥,￥0代,1,koei+SRAM
1984-01-01,MSX,-,16K,タイトー／ニデコ,雀フレンド,"￥4,800","￥5,000代",1,*0
1985-01-01,MSX,-,16K,宇宙堂,雀華,"￥4,800","￥5,000代",1,Mirrored
1986-01-01,MSX2,-,1M,ソニー,雀聖,"￥6,800","￥7,000代",1,ASCII_16KB+SRAM
1987-01-01,MSX,-,32K,テクノソフト,雀友,"￥5,400","￥5,500代",1,Mirrored
1987-01-01,MSX,-,1M,ピクセル,生命惑星M36生きていたマザーブレイン,"￥5,800","￥6,000代",1,ASCII_8KB
1987-01-01,MSX2,-,1M,ソニー,聖飢魔IIスペシャル悪魔の逆襲,"￥5,800","￥6,000代",1,ASCII_8KB
1985-01-01,MSX,-,32K,アイレム／アスキー,聖拳アチョー,"￥5,800","￥6,000代",1,Mirrored
1987-01-01,MSX,-,1M,アスキー,戦場の狼,"￥5,800","￥6,000代",1,ASCII_8KB
1986-01-01,MSX2,-,1M,アスキー,戦場の狼,"￥5,980","￥6,000代",1,?
1984-01-01,MSX,-,16K,アスキー,倉庫番,"￥4,800","￥5,000代",1,Mirrored
1985-01-01,MSX,-,16K,ポニーキャニオン,窓ふき会社のスイングくん,"￥4,800","￥5,000代",1,Mirrored
1992-01-01,MSX2,-,8M,光栄,蒼き狼と白き牝鹿元朝秘史,￥,￥0代,1,koei+SRAM
1988-01-01,MSX,-,2M,光栄,蒼き狼と白き牝鹿ジンギスカン,"￥9,800","￥10,000代",1,koei+SRAM
1988-01-01,MSX2,-,4M,光栄,蒼き狼と白き牝鹿ジンギスカン,￥,￥0代,1,koei+SRAM
1986-01-01,MSX2,-,1M,マイクロキャビン,大戦略,￥,￥0代,1,ASCII_16KB+SRAM
1987-01-01,MSX2,-,2M,ファルコム,太陽の神殿アステカⅡ,"￥7,800","￥8,000代",1,ASCII_8KB
1990-01-01,MSX2,-,4M,光栄,大航海時代,￥,￥0代,1,koei+SRAM
1984-01-01,MSX,-,16K,カシオ,大障害競馬,"￥4,800","￥5,000代",1,Mirrored
1985-01-01,MSX,-,32K,キャリーラボ,大脱走,￥,￥0代,1,Mirrored
1986-01-01,MSX,-,32K,ポニーキャニオン,谷川浩司の将棋指南,"￥4,900","￥5,000代",1,Mirrored
1988-01-01,MSX2,-,1M,ポニーキャニオン,谷川浩司の将棋指南II名人への道,"￥5,500","￥5,500代",1,ASCII_8KB+SRAM
1980-01-01,不明,-,不明,ストラッドフォード,中学必修英作文,￥,￥0代,1,?
1987-01-01,MSX,-,32K,ストラッドフォード,中学必修英文法[中学1年],￥,￥0代,1,Mirrored
1985-01-01,MSX,-,32K,ボースティック,超時空要塞マクロスカウントダウン,"￥5,800","￥6,000代",1,Mirrored
1986-01-01,MSX,-,32K,コスモスコンピュータ,超戦士ザイダーバトルオブペガス,"￥5,800","￥6,000代",1,Mirrored
1988-01-01,MSX2,-,1M,クロスメディア,釣りキチ三平ブルーマリン編,"￥6,800","￥7,000代",1,ASCII_8KB
1989-01-01,MSX2,-,2M,ビクター音産,釣りキチ三平釣り仙人編,"￥8,200","￥8,000代",1,ASCII_8KB
1991-01-01,MSXTurboR,-,8M,光栄,提督の決断,"￥14,800","￥15,000代",1,koei+SRAM
1987-01-01,MSX2,-,1M,タイトー／ニデコ,天国よいとこ,"￥5,800","￥6,000代",1,ASCII_8KB
1986-01-01,MSX,-,32K,東芝/東芝ＥＭＩ,天才ラビアン大奮戦,"￥4,900","￥5,000代",1,Mirrored
1987-01-01,MSX,-,32K,ジャスト,天使たちの午後,"￥5,800","￥6,000代",1,Mirrored
1987-01-01,MSX2,-,1M,BIT2,伝説の聖戦士アシュギーネ,"￥5,800","￥6,000代",1,ASCII_8KB
1987-01-01,MSX2,-,2M,ＳＮＫ,怒,"￥6,800","￥7,000代",1,ASCII_16KB
1986-01-01,MSX,-,4M,アスキー,日本語MSX-Write,"￥19,800","￥20,000代",1,ASCII_16KB
1988-01-01,MSX2,-,4M,アスキー,日本語ワードプロセッサMSX-WriteII,"￥19,800","￥20,000代",1,ASCII_8KB+SRAM
1986-01-01,MSX,-,不明,東芝/東芝ＥＭＩ,日本語ワードプロセッサ漢字君II,"￥14,800","￥15,000代",1,?
1987-01-01,MSX,-,32K,ストラッドフォード,日本史年表,￥,￥0代,1,Mirrored
1983-01-01,MSX,-,16K,マイクロキャビン,忍者くん,"￥4,800","￥5,000代",1,Mirrored
1987-01-01,MSX2,-,1M,ＨＡＬ研究所,忍者くん阿修羅の章,"￥5,600","￥5,500代",1,ASCII_8KB
1984-01-01,MSX,-,32K,日本デクスタ,忍者くん魔城の冒険,"￥5,700","￥5,500代",1,Mirrored
1986-01-01,MSX,-,32K,日本デクスタ,忍者じゃじゃ丸くん,"￥5,700","￥5,500代",1,Mirrored
1986-01-01,MSX,-,32K,ポニーキャニオン,忍者プリンセス,"￥4,900","￥5,000代",1,Mirrored
1984-01-01,MSX,-,16K,ハドソン,忍者影,"￥4,800","￥5,000代",1,Mirrored
1989-01-01,MSX2,-,2M,ポニーキャニオン,熱血柔道,"￥6,800","￥7,000代",1,ASCII_8KB
1984-01-01,MSX,-,16K,カシオ,熱戦甲子園,"￥4,800","￥5,000代",1,Mirrored
1988-01-01,MSX2,-,2M,ジャレコ,燃えろ!!熱闘野球'88,"￥8,500","￥8,500代",1,ASCII_8KB
1987-01-01,MSX,-,1M,KGD,覇邪の封印,"￥7,800","￥8,000代",1,ASCII_8KB
1989-01-01,MSX2,-,1M,コナミ,牌の魔術師,"￥5,800","￥6,000代",1,[牌の魔術師] rom
1984-01-01,MSX,-,16K,ソニー,爆走スタントレーシング(CARJAMBOREE),"￥4,500","￥4,500代",1,Mirrored
1988-01-01,MSX2,-,2M,日本テレネット,反生命戦機アンドロギュヌス,"￥7,800","￥8,000代",1,ASCII_16KB
1985-01-01,MSX,-,16K,マイクロキャビン,飛車,￥,￥0代,1,Mirrored
1985-01-01,MSX,-,16K,カシオ,描きくけコン,"￥4,800","￥5,000代",1,*0
1986-01-01,MSX2,-,1M,マイクロキャビン,本格将棋棋太平,￥,￥0代,1,ASCII_8KB
1980-01-01,不明,-,不明,ヤマハ,文節変換カートリッジ,￥,￥0代,1,?
1985-01-01,MSX,-,不明,松下電器産業,文節変換熟語ユニット,"￥14,800","￥15,000代",1,?
1984-01-01,MSX,-,16K,徳間書店／テクノポリス,忘れじのナウシカ・ゲーム,"￥4,800","￥5,000代",1,Basic(startat0x8000)
1987-01-01,MSX,-,1M,コンパイル,魔王ゴルベリアス,"￥5,900","￥6,000代",1,ASCII_16KB
1987-01-01,MSX2,-,1M,カプコン,魔界島七つの島大冒険,"￥6,800","￥7,000代",1,ASCII_16KB
1986-01-01,MSX,-,32K,カシオ,魔城伝説,"￥4,800","￥5,000代",1,?
1986-01-01,MSX,-,32K,コナミ,魔城伝説,"￥4,800","￥5,000代",1,Mirrored
1987-01-01,MSX,-,1M,コナミ,魔城伝説Ⅱガリウスの迷宮(THEMAZEOFGALIOUS),"￥4,980","￥5,000代",1,Konami48KB(noSCC)
1987-01-01,MSX,-,2M,コナミ,魔城伝説Ⅲ完結編シャロム(KINGHTMAREIIISHALOM),"￥5,980","￥6,000代",1,Konami48KB(noSCC)
1987-01-01,MSX,-,64K,ポニーキャニオン,魔性の館ガバリン,"￥4,900","￥5,000代",1,Mirrored
1986-01-01,MSX,-,32K,ソニー,魔法使いウィズ,"￥4,800","￥5,000代",1,Mirrored
1987-01-01,MSX2,-,1M,ザインソフト,未来,"￥5,800","￥6,000代",1,ASCII_8KB
1987-01-01,MSX,-,1M,ザインソフト,未来,"￥5,800","￥6,000代",1,ASCII_8KB
1980-01-01,不明,-,不明,アイレム,密林の秘法,￥,￥0代,1,?
1986-01-01,MSX,-,1M,日本テレネット,夢幻戦士ヴァリス,"￥6,800","￥7,000代",1,ASCII_8KB
1986-01-01,MSX,-,1M,コナミ,夢大陸アドベンチャー(PENGUINADVENTURE),"￥4,980","￥5,000代",1,Konami48KB(noSCC)
1987-01-01,MSX,-,1M,電波新聞社,迷宮への扉(GATEOFLABYRINTH),"￥5,300","￥5,500代",1,ASCII_16KB
1986-01-01,MSX,-,1M,ＨＡＬ研究所,迷宮神話,"￥5,600","￥5,500代",1,ASCII_16KB
1984-01-01,MSX,-,32K,ハドソン,野球狂,"￥4,800","￥5,000代",1,Mirrored
1988-01-01,MSX2,-,2M,タイトー／ニデコ,山村美紗サスペンス京都龍の寺殺人事件,"￥5,800","￥6,000代",1,ASCII_8KB
1988-01-01,MSX2,-,2M,システムサコム,幽霊君,"￥6,800","￥7,000代",1,ASCII_8KB
1980-01-01,不明,-,不明,ストラッドフォード,幼児のえいご,￥,￥0代,1,?
1986-01-01,MSX,-,32K,カシオ,妖怪屋敷,"￥4,800","￥5,000代",1,Mirrored
1985-01-01,MSX,-,32K,ボースティック,妖怪探偵ちまちま,"￥5,600","￥5,500代",1,Mirrored
1985-01-01,MSX,-,16K,ポニーキャニオン,連珠とおじゃま犬たち,"￥4,800","￥5,000代",1,Basic(startat0x8000)
1987-01-01,MSX,-,不明,立石電気,連続血圧測定プログラム,"￥39,800","￥40,000代",1,?
@CsvOptions:,,,,,,,,,
"dataType=0,,,,,,,",,,,,,,,,
title=「MSX」ソフト一覧,,,,,,,,,
searchPrefix=MSX,,,,,,,,,
dataReference=<ul><li><a target%3d'_blank' href%3d'http://pasofami.game.coocan.jp/game/game.htm'>各種ゲーム機 カセット・ソフトタイトルリスト@pasofami</a><li><a target%3d'_blank' href%3d'https://ja.wikipedia.org/wiki/MSX%E3%81%AE%E3%82%B2%E3%83%BC%E3%83%A0%E3%82%BF%E3%82%A4%E3%83%88%E3%83%AB%E4%B8%80%E8%A6%A7'>MSXのゲームタイトル一覧@wikipedia</a></ul>,,,,,,,,,
detailType=city,,,,,,,,,
isMakeAutocompleteData=1,,,,,,,,,
chartName[imagePath]=/img/game/maker,,,,,,,,,
chartName[imageTooltip]=img,,,,,,,,,
chartCity[imagePath]=@tube,,,,,,,,,
chartCity[imageTooltip]=all,,,,,,,,,
chartCity[orderYmd]=1,,,,,,,,,
chartDate[elasticY]=0,,,,,,,,,
chartDate[width]=1000,,,,,,,,,
chartDate[format]=YYYY,,,,,,,,,
chartAge[unit]=null,,,,,,,,,
chartSex[unit]=null,,,,,,,,,
editUrl=https://docs.google.com/spreadsheets/d/1bY57j7jjEaGNWkZMPd0jIN00-h2WCtrifVJVp82LQzM/edit?gid=366568963#gid=366568963,,,,,,,,,