発売日,クロスレビュー(評価),容量(bit),ジャンル,メーカー,タイトル,価格,ジョブカテゴリ,売り上げ本数TOP50,ハード,カセットカラー,ラベル,「対戦」といえば？,「ハイスコア」といえば？,「クリアできなかった」といえば？
1983-07-15,-,1,ACT,任天堂,ドンキーコング,"￥4,500","￥4,500代",88,1,🟥赤,AC移植,-,19位,-
1983-07-15,-,1,ACT,任天堂,ドンキーコングJr.,"￥4,500","￥4,500代",0,1,⬜白,AC移植,-,-,-
1983-07-15,-,1,ACT,任天堂,ポパイ,"￥4,500","￥4,500代",0,1,-,-,-,-,-
1983-08-27,-,1,TAB,任天堂,五目ならべ連珠,"￥4,500","￥4,500代",0,1,◾黒,-,-,-,-
1983-08-27,-,1,TAB,任天堂,麻雀,"￥4,500","￥4,500代",213,1,-,-,-,-,-
1983-09-09,-,1,ACT,任天堂,マリオブラザーズ,"￥4,500","￥4,500代",163,1,🟨黄,対戦+AC移植,01位,10位,-
1983-11-22,-,1,ETC,任天堂,ポパイの英語遊び,"￥4,500","￥4,500代",0,1,-,-,-,-,-
1983-12-07,-,1,SPT,任天堂,ベースボール,"￥4,500","￥4,500代",235,1,🟦青,対戦,12位,-,-
1983-12-12,-,1,ETC,任天堂,ドンキーコングJr.の算数遊び,"￥4,500","￥4,500代",0,1,-,-,-,-,-
1984-01-14,-,1,SPT,任天堂,テニス,"￥4,500","￥4,500代",156,1,-,対戦,16位,-,-
1984-02-02,-,1,TAB,任天堂,ピンボール,"￥4,500","￥4,500代",0,1,🟨黄,-,-,08位,-
1984-02-18,-,1,SHT,任天堂,ワイルドガンマン,"￥4,500","￥4,500代",0,1,-,-,-,-,-
1984-04-21,-,1,SHT,任天堂,ダックハント,"￥4,500","￥4,500代",0,1,-,-,-,-,-
1984-05-01,-,1,SPT,任天堂,ゴルフ,"￥4,500","￥4,500代",246,1,🟦青,-,-,-,-
1984-06-12,-,1,SHT,任天堂,ホーガンズアレイ,"￥4,500","￥4,500代",0,1,-,-,-,-,-
1984-06-21,-,2,ETC,任天堂,ファミリーベーシック,"￥14,800","￥15,000代",0,1,-,-,-,-,-
1984-07-04,-,1,SHT,任天堂,ドンキーコング3,"￥4,500","￥4,500代",0,1,🟥赤,-,-,-,-
1984-07-28,-,1,ACT,ハドソン,ナッツ＆ミルク,"￥4,500","￥4,500代",0,1,🟦青,-,-,-,-
1984-07-31,-,1,PZL,ハドソン,ロードランナー,"￥4,500","￥4,500代",110,1,🟨黄,PC移植,-,-,-
1984-09-07,-,1,SHT,ナムコ,ギャラクシアン,"￥4,500","￥4,500代",0,1,-,AC移植,-,-,-
1984-10-05,-,1,ACT,任天堂,デビルワールド,"￥4,500","￥4,500代",0,1,🟦青,-,-,-,-
1984-11-02,-,1,TAB,任天堂,4人打ち麻雀,"￥4,500","￥4,500代",145,1,-,-,-,-,-
1984-11-02,-,1,RAC,任天堂,F1レース,"￥4,500","￥4,500代",152,1,-,-,-,-,-
1984-11-02,-,1,ACT,ナムコ,パックマン,"￥4,500","￥4,500代",0,1,-,AC移植,-,18位,-
1984-11-08,-,2,SHT,ナムコ,ゼビウス,"￥4,900","￥5,000代",127,1,◾黒,AC移植,-,03位,-
1984-11-14,-,1,ACT,任天堂,アーバンチャンピオン,"￥4,500","￥4,500代",0,1,🟦青,対戦,05位,-,-
1984-11-14,-,1,ACT,ナムコ,マッピー,"￥4,500","￥4,500代",0,1,-,-,-,-,-
1984-11-22,-,1,PZL,任天堂,クルクルランド,"￥4,500","￥4,500代",0,1,-,-,-,-,-
1984-11-30,-,1,RAC,任天堂,エキサイトバイク,"￥5,500","￥5,500代",157,1,🟥赤,-,-,-,-
1985-01-22,-,1,ACT,任天堂,バルーンファイト,"￥4,500","￥4,500代",0,1,⬜白,対戦,07位,11位,-
1985-01-30,-,1,ACT,任天堂,アイスクライマー,"￥4,500","￥4,500代",100,1,🟦青,対戦,06位,19位,-
1985-02-11,-,1,SHT,ジャレコ,エクセリオン,"￥4,500","￥4,500代",0,1,-,-,-,-,-
1985-02-21,-,2,ETC,任天堂,ファミリーベーシックV3,"￥9,800","￥10,000代",0,1,-,-,-,-,-
1985-02-22,-,1,SHT,ハドソン,バンゲリングベイ,"￥4,900","￥5,000代",0,1,◾黒,-,-,-,20位
1985-03-14,-,1,SHT,ナムコ,ギャラガ,"￥4,500","￥4,500代",0,1,-,AC移植,-,14位,-
1985-04-04,-,1,SHT,ジャレコ,フォーメーションZ,"￥4,500","￥4,500代",0,1,-,AC移植,-,-,-
1985-04-09,-,2,SPT,任天堂,サッカー,"￥4,900","￥5,000代",153,1,-,-,-,-,-
1985-04-17,-,1,SHT,タイトー,スペースインベーダー,"￥4,500","￥4,500代",0,1,-,AC移植,-,-,-
1985-04-17,-,1,PZL,ハドソン,チャンピオンシップロードランナー,"￥4,900","￥5,000代",0,1,⬜白,-,-,-,13位
1985-04-22,-,1,ACT,コナミ,イーアルカンフー,"￥4,500","￥4,500代",0,1,-,対戦+AC移植,14位,-,-
1985-04-22,-,1,ACT,コナミ,けっきょく南極大冒険,"￥4,500","￥4,500代",0,1,-,-,-,-,-
1985-05-10,-,1,ACT,ジャレコ,忍者くん魔城の冒険,"￥4,500","￥4,500代",0,1,-,AC移植,-,-,-
1985-05-24,-,1,PZL,タイトー,ちゃっくんぽっぷ,"￥4,500","￥4,500代",0,1,-,AC移植,-,-,-
1985-06-04,-,1,ACT,ナムコ,ディグダグ,"￥4,500","￥4,500代",0,1,-,AC移植,-,-,-
1985-06-14,-,2,PZL,デービーソフト,フラッピー,"￥5,500","￥5,500代",0,1,🟨黄,-,-,-,-
1985-06-18,-,2,ACT,任天堂,レッキングクルー,"￥5,500","￥5,500代",0,1,-,-,-,-,-
1985-06-21,-,2,ACT,任天堂,スパルタンX,"￥4,900","￥5,000代",142,1,-,AC移植,-,-,-
1985-06-21,-,1,SPT,コナミ,ハイパーオリンピック,"￥4,500","￥4,500代",0,1,-,AC移植,-,-,-
1985-06-21,-,2,SPT,コナミ,ハイパーオリンピック殿様版(限定発売),"￥4,500","￥4,500代",0,1,-,AC移植,-,-,-
1985-06-25,-,1,SHT,ハドソン,スターフォース,"￥4,900","￥5,000代",0,1,🟦青,AC移植,-,04位,-
1985-06-28,-,2,ACT,タイトー,エレベーターアクション,"￥4,900","￥5,000代",0,1,-,AC移植,-,-,-
1985-07-01,-,1,ACT,ジャレコ,フィールドコンバット,"￥4,500","￥4,500代",0,1,-,AC移植,-,-,-
1985-07-11,-,1,RAC,コナミ,ロードファイター,"￥4,500","￥4,500代",0,1,-,-,-,-,-
1985-07-12,-,1,ACT,ナムコ,ワープマン,"￥4,500","￥4,500代",0,1,-,-,-,-,-
1985-07-18,-,1,RAC,アイレム,ジッピーレース,"￥4,500","￥4,500代",0,1,-,-,-,-,-
1985-07-18,-,1,PZL,エニックス,ドアドア,"￥4,900","￥5,000代",0,1,-,-,-,-,-
1985-07-25,-,1,ACT,サンソフト,スーパーアラビアン,"￥4,500","￥4,500代",0,1,-,-,-,-,-
1985-07-26,-,2,ETC,任天堂,ブロック,"￥4,800","￥5,000代",0,1,-,-,-,-,-
1985-08-01,-,1,ACT,タイトー,フロントライン,"￥4,500","￥4,500代",0,1,-,-,-,-,-
1985-08-01,-,1,TAB,セタ,本将棋内藤九段将棋秘伝,"￥4,500","￥4,500代",0,1,-,-,-,-,-
1985-08-06,-,2,ACT,ナムコ,ドルアーガの塔,"￥4,900","￥5,000代",0,1,-,-,-,-,17位
1985-08-09,-,2,ACT,アスキー,アストロロボSASA,"￥5,500","￥5,500代",0,1,-,-,-,-,-
1985-08-13,-,2,ETC,任天堂,ジャイロ,"￥5,800","￥6,000代",0,1,-,-,-,-,-
1985-08-28,-,2,SHT,アスキー,ゲイモス,"￥5,500","￥5,500代",0,1,-,-,-,-,-
1985-08-30,-,1,SPT,アイレム,10ヤードファイト,"￥4,900","￥5,000代",0,1,-,-,-,-,-
1985-09-09,-,1,ACT,ナムコ,バトルシティー,"￥4,500","￥4,500代",0,1,-,-,-,-,-
1985-09-13,-,2,ACT,任天堂,スーパーマリオブラザーズ,"￥4,900","￥5,000代",681,1,🟨黄,-,-,06位,-
1985-09-20,-,1,ACT,ハドソン,プーヤン,"￥4,900","￥5,000代",0,1,⬜白,-,-,-,-
1985-09-27,-,1,SPT,コナミ,ハイパースポーツ,"￥4,500","￥4,500代",0,1,-,-,-,-,-
1985-09-27,-,1,RAC,ジャレコ,シティコネクション,"￥4,900","￥5,000代",0,1,🟨黄,-,-,-,-
1985-10-04,-,2,RAC,サンソフト,ルート16ターボ,"￥4,900","￥5,000代",0,1,-,-,-,-,-
1985-10-15,-,2,ACT,ハドソン,チャレンジャー,"￥4,900","￥5,000代",0,1,-,-,-,-,15位
1985-11-08,-,1,ACT,バンダイ,キン肉マンマッスルタッグマッチ,"￥4,900","￥5,000代",105,1,🟥赤,対戦,09位,-,-
1985-11-14,-,1,SHT,タイトー,スカイデストロイヤー,"￥4,500","￥4,500代",0,1,-,-,-,-,-
1985-11-15,-,2,ACT,ポニーキャニオン,おにゃんこTOWN,"￥4,900","￥5,000代",0,1,-,-,-,-,-
1985-11-15,-,1,ACT,ジャレコ,忍者じゃじゃ丸くん,"￥4,900","￥5,000代",100,1,🟥赤,-,-,-,-
1985-11-21,-,2,TAB,東芝ＥＭＩ,パチコン,"￥4,900","￥5,000代",0,1,🟨黄,-,-,-,-
1985-11-21,-,2,ACT,ナムコ,パックランド,"￥4,500","￥4,500代",0,1,-,AC移植,-,-,-
1985-11-21,-,2,RAC,任天堂,マッハライダー,"￥4,900","￥5,000代",0,1,🟦青,-,-,-,-
1985-11-27,-,1,ACT,ナムコ,バーガータイム,"￥4,500","￥4,500代",0,1,-,-,-,-,-
1985-11-28,-,1,ACT,サンソフト,いっき,"￥4,900","￥5,000代",0,1,⬜白,-,-,-,-
1985-11-29,-,2,ADV,エニックス,ポートピア連続殺人事件,"￥5,500","￥5,500代",0,1,◾黒,-,-,-,-
1985-12-05,-,1,ACT,ソフトプロ,カラテカ,"￥4,900","￥5,000代",0,1,-,-,-,-,-
1985-12-05,-,1,TAB,ポニーキャニオン,ルナーボール,"￥4,900","￥5,000代",0,1,🟨黄,-,-,-,-
1985-12-06,-,2,SHT,ナムコ,スターラスター,"￥4,900","￥5,000代",0,1,-,-,-,-,-
1985-12-06,-,2,ACT,アイレム,スペランカー,"￥4,900","￥5,000代",0,1,⬜白,-,-,-,07位
1985-12-07,-,2,ACT,デービーソフト,高機動戦闘メカヴォルガードⅡ,"￥4,900","￥5,000代",0,1,-,-,-,-,-
1985-12-10,-,1,ACT,ナムコ,超時空要塞マクロス,"￥4,500","￥4,500代",0,1,-,-,-,-,-
1985-12-11,-,2,SHT,カプコン,1942,"￥4,900","￥5,000代",0,1,-,-,-,-,-
1985-12-11,-,2,ACT,ケムコ,ダウボーイ,"￥5,300","￥5,500代",0,1,🟦青,-,-,-,-
1985-12-14,-,2,RPG,アスキー,ボコスカウォーズ,"￥5,500","￥5,500代",0,1,-,-,-,-,-
1985-12-14,-,2,SHT,デービーソフト,頭脳戦艦ガル,"￥4,900","￥5,000代",0,1,⬜白,-,-,-,-
1985-12-16,-,2,ACT,バンダイ,オバケのQ太郎ワンワンパニック,"￥4,900","￥5,000代",0,1,🟨黄,-,-,-,08位
1985-12-19,-,2,ACT,スクウェア,テグザー,"￥5,500","￥5,500代",0,1,⬜白,-,-,-,-
1985-12-19,-,1,PZL,ハドソン,バイナリィランド,"￥4,900","￥5,000代",0,1,-,-,-,-,-
1985-12-19,-,1,ACT,ハドソン,ボンバーマン,"￥4,900","￥5,000代",80,1,◾黒,対戦,19位,15位,-
1985-12-21,-,2,SHT,徳間書店,エグゼドエグゼス,"￥5,200","￥5,000代",0,1,🟨黄,-,-,-,-
1985-12-21,-,2,PZL,徳間書店,ロットロット,"￥5,200","￥5,000代",0,1,🟥赤,-,-,-,-
1985-12-25,-,2,ACT,アスキー,ぺんぎんくんWARS,"￥5,500","￥5,500代",0,1,-,-,-,-,-
1986-01-04,-,2,SHT,コナミ,ツインビー,"￥4,900","￥5,000代",100,1,-,-,-,09位,-
1986-02-08,-,2,ACT,カプコン,ソンソン,"￥4,900","￥5,000代",0,1,🟥赤,-,-,-,-
1986-02-21,-,2,ACT,コナミ,グーニーズ,"￥4,900","￥5,000代",0,1,-,-,-,-,-
1986-03-01,-,2,SHT,東映動画,バルトロン,"￥4,900","￥5,000代",0,1,-,-,-,-,-
1986-03-04,-,1,ACT,ソフトプロ,サーカスチャーリー,"￥4,900","￥5,000代",0,1,-,-,-,-,-
1986-03-05,-,2,ACT,ハドソン,忍者ハットリくん忍者は修行でござるの巻,"￥4,900","￥5,000代",150,1,-,-,-,-,-
1986-03-13,-,2,SHT,タイトー,ジャイロダイン,"￥4,900","￥5,000代",0,1,-,-,-,-,-
1986-03-18,-,2,RPG,東芝ＥＭＩ,ハイドライドスペシャル,"￥4,900","￥5,000代",0,1,⬜白,-,-,-,-
1986-03-19,-,2,SHT,日本物産,マグマックス,"￥4,900","￥5,000代",0,1,-,-,-,-,-
1986-04-02,-,2,ACT,ナムコ,タッグチームプロレスリング,"￥4,900","￥5,000代",0,1,-,-,-,-,-
1986-04-17,-,2,SHT,ジャレコ,アーガス,"￥4,900","￥5,000代",0,1,-,-,-,-,-
1986-04-17,-,2,ACT,サンソフト,アトランチスの謎,"￥4,900","￥5,000代",0,1,⬜白,-,-,-,12位
1986-04-17,-,2,ACT,バンダイ,ゲゲゲの鬼太郎妖怪大魔境,"￥4,900","￥5,000代",125,1,-,-,-,-,-
1986-04-18,-,2,ACT,タイトー,影の伝説,"￥4,900","￥5,000代",0,1,◾黒,-,-,-,-
1986-04-19,-,2,ACT,ナムコ,ディグダグⅡ,"￥4,500","￥4,500代",0,1,-,-,-,-,-
1986-04-24,-,2,ACT,テクモ,マイティボンジャック,"￥4,980","￥5,000代",0,1,🟨黄,-,-,-,06位
1986-04-25,-,2,ACT,コナミ,グラディウス,"￥4,900","￥5,000代",100,1,◾黒,-,-,05位,-
1986-04-25,-,2,ETC,東京書籍,けいさんゲームさんすう1年,"￥4,900","￥5,000代",0,1,-,-,-,-,-
1986-04-25,-,2,ETC,東京書籍,けいさんゲーム算数2年,"￥4,900","￥5,000代",0,1,-,-,-,-,-
1986-04-25,-,2,ETC,東京書籍,けいさんゲーム算数3年,"￥4,900","￥5,000代",0,1,-,-,-,-,-
1986-04-26,-,2,ACT,ケムコ,スパイVSスパイ,"￥4,900","￥5,000代",0,1,🟦青,対戦,08位,-,-
1986-05-19,-,2,ACT,日本物産,セクロス,"￥4,900","￥5,000代",0,1,-,-,-,-,-
1986-05-27,-,2,RPG,エニックス,ドラゴンクエスト,"￥5,500","￥5,500代",150,1,◾黒,-,-,-,-
1986-06-03,-,1,ACT,東芝ＥＭＩ,バードウィーク,"￥4,900","￥5,000代",0,1,-,-,-,-,-
1986-06-03,-,2,SHT,データイースト,Bウイング(ビーウイング),"￥4,900","￥5,000代",0,1,🟨黄,-,-,-,-
1986-06-13,-,2,SHT,ハドソン,スターソルジャー,"￥4,900","￥5,000代",100,1,◾黒,-,-,01位,-
1986-06-13,-,4,ACT,カプコン,魔界村,"￥5,500","￥5,500代",164,1,◾黒,-,-,-,02位
1986-06-19,-,2,ACT,ナムコ,スーパーチャイニーズ,"￥3,900","￥4,000代",0,1,-,-,-,-,-
1986-06-26,-,2,ACT,アイレム,スクーン,"￥4,900","￥5,000代",0,1,-,-,-,-,-
1986-06-26,-,2,ACT,ジャレコ,チョップリフター,"￥4,900","￥5,000代",0,1,-,-,-,-,-
1986-07-03,-,2,ACT,サンソフト,東海道五十三次,"￥4,900","￥5,000代",0,1,-,-,-,-,-
1986-07-18,-,2,PZL,ナムコ,バベルの塔,"￥3,900","￥4,000代",0,1,-,-,-,-,-
1986-07-30,-,4,ACT,コナミ,がんばれゴエモン！からくり道中,"￥5,300","￥5,500代",0,1,-,-,-,-,-
1986-07-30,-,2,PZL,テクモ,ソロモンの鍵,"￥4,900","￥5,000代",0,1,🟨黄,-,-,-,-
1986-08-01,-,2,RPG,ナムコ,ワルキューレの冒険時の鍵の伝説,"￥3,900","￥4,000代",0,1,-,-,-,-,-
1986-08-08,-,2,SPT,タイトー,六三四の剣ただいま修行中,"￥4,900","￥5,000代",0,1,-,対戦,13位,-,-
1986-08-10,-,2,ACT,東映動画,北斗の拳,"￥4,900","￥5,000代",0,1,-,-,-,-,-
1986-08-22,-,2,ACT,ジャレコ,じゃじゃ丸の大冒険,"￥4,900","￥5,000代",0,1,-,-,-,-,-
1986-08-22,-,2,ACT,ナムコ,スカイキッド,"￥3,900","￥4,000代",0,1,-,-,-,-,-
1986-08-28,-,4,SHT,バンダイ,機動戦士Zガンダムホットスクランブル,"￥5,500","￥5,500代",0,1,-,-,-,-,-
1986-09-03,-,2,SHT,SNK,ASO,"￥4,900","￥5,000代",0,1,-,-,-,-,-
1986-09-05,-,4,ACT,ポニーキャニオン,スーパーピットフォール,"￥5,500","￥5,500代",0,1,-,-,-,-,-
1986-09-08,-,2,PZL,ビクター音楽産業,バナナ,"￥4,900","￥5,000代",0,1,-,-,-,-,-
1986-09-12,-,2,ACT,ハドソン,高橋名人の冒険島,"￥4,900","￥5,000代",105,1,⬜白,-,-,-,03位
1986-09-18,-,2,SHT,スクウェア,キングスナイト,"￥4,900","￥5,000代",0,1,-,-,-,-,-
1986-09-19,-,4,SHT,ナムコ,スーパーゼビウスガンプの謎,"￥4,900","￥5,000代",0,1,-,-,-,-,-
1986-09-22,-,2,ACT,徳間書店,ゴーストバスターズ,"￥4,500","￥4,500代",0,1,-,-,-,-,-
1986-09-26,-,2,ADV,ケムコ,スペースハンター,"￥4,900","￥5,000代",0,1,-,-,-,-,-
1986-09-27,-,4,SHT,日本物産,テラクレスタ,"￥4,900","￥5,000代",0,1,-,-,-,-,-
1986-09-27,-,4,ACT,カプコン,戦場の狼,"￥5,500","￥5,500代",116,1,-,-,-,-,-
1986-10-08,-,2,RAC,データイースト,バギーポッパー,"￥4,900","￥5,000代",0,1,-,-,-,-,-
1986-10-23,-,2,ACT,ジャレコ,うる星やつらラムのウェディングベル,"￥4,900","￥5,000代",0,1,-,-,-,-,-
1986-10-30,-,2,ETC,東京書籍,けいさんゲーム算数4年,"￥4,900","￥5,000代",0,1,-,-,-,-,-
1986-10-30,-,2,ETC,東京書籍,けいさんゲーム算数5・6年少数・分数のまとめ,"￥4,900","￥5,000代",0,1,-,-,-,-,-
1986-10-31,-,4,ADV,ジャレコ,ミシシッピー殺人事件,"￥5,200","￥5,000代",0,1,🟦青,-,-,-,15位
1986-11-11,-,4,SHT,テクモ,スーパースターフォース時空歴の秘密,"￥5,300","￥5,500代",0,1,-,-,-,-,-
1986-11-12,-,2,SPT,バンダイ,ファミリートレーナーシリーズ1アスレチックワールド,"￥8,500","￥8,500代",0,1,-,-,-,-,-
1986-11-13,-,2,TAB,河田,Othello(オセロ),"￥4,900","￥5,000代",0,1,-,-,-,-,-
1986-11-13,-,2,ACT,ハドソン,迷宮組曲ミロンの大冒険,"￥4,900","￥5,000代",0,1,🟨黄,-,-,-,-
1986-11-21,-,4,ACT,ビック東海,アイギーナの予言バルバルークの伝説より,"￥5,300","￥5,500代",0,1,-,-,-,-,-
1986-11-21,-,2,RPG,バップ,元祖西遊記スーパーモンキー大冒険,"￥4,900","￥5,000代",0,1,-,-,-,-,-
1986-11-21,-,2,ACT,東映動画,長靴をはいた猫世界一周80日大冒険,"￥4,900","￥5,000代",0,1,🟥赤,-,-,-,-
1986-11-26,-,4,ACT,ナムコ,マッピーランド,"￥3,900","￥4,000代",0,1,-,-,-,-,-
1986-11-26,-,4,ACT,ケイアミューズメントリース,怒IKARI,"￥5,500","￥5,500代",0,1,-,-,-,-,-
1986-11-27,-,4,ACT,バンダイ,ドラゴンボール神龍の謎,"￥5,300","￥5,500代",125,1,🟦青,-,-,-,11位
1986-11-28,-,2,PZL,アスキー,キャッスルエクセレント,"￥4,900","￥5,000代",0,1,-,-,-,-,-
1986-12-01,-,2,SPT,バンダイ,ファミリートレーナーシリーズ2ランニングスタジアム,"￥4,900","￥5,000代",0,1,-,-,-,-,-
1986-12-05,-,2,SHT,ポニーキャニオン,タイガーヘリ,"￥4,900","￥5,000代",0,1,-,-,-,-,-
1986-12-05,-,4,SLG,東芝ＥＭＩ,ディーヴァストーリー6ナーサティアの玉座,"￥5,500","￥5,500代",0,1,-,-,-,-,-
1986-12-05,-,2,ACT,タカラ,戦え超ロボット生命体トランスフォーマーコンボイの謎,"￥4,900","￥5,000代",0,1,◾黒,-,-,-,04位
1986-12-06,-,2,ACT,ユース,ホッターマンの地底探険,"￥4,900","￥5,000代",0,1,-,-,-,-,-
1986-12-10,-,4,ADV,タイトー,たけしの挑戦状,"￥5,300","￥5,500代",80,1,-,-,-,-,01位
1986-12-10,-,3,SPT,ナムコ,プロ野球ファミリースタジアム,"￥3,900","￥4,000代",205,1,-,対戦,03位,-,-
1986-12-11,-,4,ADV,トーワチキ,シャーロックホームズ伯爵令嬢誘拐事件,"￥5,000","￥5,000代",0,1,-,-,-,-,-
1986-12-12,-,4,ACT,ハドソン,ドラえもん,"￥5,500","￥5,500代",115,1,⬜白,-,-,-,-
1986-12-15,-,4,RPG,アイレム,魔鐘,"￥5,300","￥5,500代",0,1,-,-,-,-,-
1986-12-16,-,2,ACT,ナムコ,メトロクロス,"￥3,900","￥4,000代",0,1,-,-,-,-,-
1986-12-18,-,4,ACT,コナミ,キングコング2怒りのメガトンパンチ,"￥5,300","￥5,500代",0,1,-,-,-,-,-
1986-12-18,-,2,ACT,サンソフト,マドゥーラの翼,"￥4,900","￥5,000代",0,1,-,-,-,-,-
1986-12-18,-,2,ACT,CBSソニー,聖飢魔Ⅱ悪魔の逆襲！,"￥4,900","￥5,000代",0,1,-,-,-,-,-
1986-12-20,-,4,ACT,デービーソフト,レイラ,"￥5,300","￥5,500代",0,1,-,-,-,-,-
1986-12-23,-,2,SLG,アスキー,コスモジェネシス,"￥4,900","￥5,000代",0,1,-,-,-,-,-
1986-12-24,-,4,ACT,カプコン,闘いの挽歌,"￥5,500","￥5,500代",0,1,🟨黄,-,-,-,-
1986-12-26,30,2,ETC,タイトー,アルカノイド,"￥5,400","￥5,500代",0,1,-,-,-,-,-
1986-12-26,-,4,ACT,日本物産,クレイジークライマー,"￥5,300","￥5,500代",0,1,-,-,-,-,-
1986-12-26,-,4,ADV,ケムコ,時空の旅人,"￥4,900","￥5,000代",0,1,-,-,-,-,-
1987-01-04,-,4,ACT,コナミ,火の鳥鳳凰編我王の冒険,"￥5,300","￥5,500代",0,1,-,-,-,-,-
1987-01-07,-,4,ACT,ナムコ,ドラゴンバスター,"￥4,900","￥5,000代",0,1,-,-,-,-,-
1987-01-07,-,4,ACT,徳間書店,ラビリンス魔王の迷宮,"￥4,900","￥5,000代",0,1,-,-,-,-,-
1987-01-26,38,4,RPG,エニックス,ドラゴンクエストⅡ悪霊の神々,"￥5,500","￥5,500代",241,1,◾黒,-,-,-,10位
1987-02-01,-,2,SPT,バンダイ,ファミリートレーナーシリーズ3エアロビスタジオ,"￥5,800","￥6,000代",0,1,-,-,-,-,-
1987-02-06,-,4,ETC,ホットビィ,ザ・ブラックバス,"￥5,300","￥5,500代",0,1,-,-,-,-,-
1987-02-10,-,2,ACT,リコーエレメックス,新人類,"￥4,900","￥5,000代",0,1,🟥赤,-,-,-,-
1987-02-14,-,4,ACT,カルチャーブレーン,飛龍の拳奥義の書,"￥5,500","￥5,500代",0,1,-,-,-,-,-
1987-02-27,-,4,ACT,バンダイ,ポケットザウルス十王剣の謎,"￥5,500","￥5,500代",0,1,🟨黄,-,-,-,-
1987-03-05,-,2,ETC,トンキンハウス,ファミリーシンセいきなりミュージシャン,"￥4,900","￥5,000代",0,1,-,-,-,-,-
1987-03-06,-,2,ACT,ハドソン,ミッキーマウス不思議の国の大冒険,"￥4,900","￥5,000代",0,1,⬜白,-,-,-,-
1987-03-06,-,4,ADV,ポニーキャニオン,LawoftheWest西部の掟,"￥5,500","￥5,500代",0,1,-,-,-,-,-
1987-03-14,-,4,ADV,東宝,タッチミステリーオブトライアングル,"￥4,900","￥5,000代",0,1,-,-,-,-,-
1987-03-17,-,4,ACT,ビクター音楽産業,花のスター街道,"￥5,300","￥5,500代",0,1,-,-,-,-,-
1987-03-18,-,4,ADV,コナミ,グーニーズ2フラッテリー最後の挑戦,"￥4,900","￥5,000代",0,1,-,-,-,-,-
1987-03-25,-,4,ACT,タカラ,失われたメッセージロストワードオブジェニー,"￥5,500","￥5,500代",0,1,-,-,-,-,-
1987-03-27,-,4,ACT,ケムコ,南国指令！！スパイVSスパイ,"￥4,900","￥5,000代",0,1,-,-,-,-,-
1987-04-02,34,4,ADV,ナムコ,さんまの名探偵,"￥4,900","￥5,000代",0,1,-,-,-,-,-
1987-04-14,-,4,TAB,セタ,森田将棋,"￥5,500","￥5,500代",0,1,-,-,-,-,-
1987-04-14,-,4,ACT,カプコン,魔界島七つの島の大冒険,"￥4,980","￥5,000代",0,1,🟦青,-,-,-,-
1987-04-15,-,4,ACT,テクノスジャパン,熱血硬派くにおくん,"￥5,300","￥5,500代",0,1,🟥赤,-,-,-,-
1987-04-17,-,4,ACT,テクモ,アルゴスの戦士はちゃめちゃ大進撃,"￥4,980","￥5,000代",0,1,-,-,-,-,-
1987-04-17,-,4,ACT,東映動画,北斗の拳2世紀末救世主伝説,"￥5,300","￥5,500代",0,1,-,-,-,-,-
1987-04-24,31,2,SPT,ナムコ,ファミリージョッキー,"￥3,900","￥4,000代",0,1,-,-,-,-,-
1987-05-01,-,2,SPT,バンダイ,ファミリートレーナーシリーズ4ジョギングレース,"￥4,900","￥5,000代",0,1,-,-,-,-,-
1987-05-19,-,4,ACT,ジャレコ,妖怪倶楽部,"￥4,900","￥5,000代",0,1,-,-,-,-,-
1987-05-24,-,2,SPT,東芝ＥＭＩ,ダイナマイトボウル,"￥4,900","￥5,000代",0,1,-,-,-,-,-
1987-06-01,-,5,ADV,アスキー,北海道連鎖殺人オホーツクに消ゆ,"￥5,800","￥6,000代",0,1,◾黒,-,-,-,-
1987-06-05,-,4,ACT,SNK,アテナ,"￥5,500","￥5,500代",0,1,-,-,-,-,-
1987-06-05,-,4,ACT,ハドソン,高橋名人のBUGってハニー,"￥5,500","￥5,500代",0,1,-,-,-,-,-
1987-06-12,-,4,RPG,データイースト,闘人魔境伝ヘラクレスの栄光,"￥5,300","￥5,500代",0,1,🟦青,-,-,-,-
1987-06-19,30,3,SPT,ナムコ,ファミリーボクシング,"￥4,900","￥5,000代",0,1,-,-,-,-,-
1987-06-20,31,4,ACT,デービーソフト,うっでいぽこ,"￥5,500","￥5,500代",0,1,🟨黄,-,-,-,-
1987-06-26,32,4,SPT,ジャレコ,燃えろ！！プロ野球,"￥5,500","￥5,500代",158,1,🟥赤,-,-,-,-
1987-06-26,-,4,SPT,ジャレコ,燃えろ！！プロ野球(黒),"￥5,500","￥5,500代",0,1,◾黒,-,-,-,-
1987-06-27,-,2,ACT,エピックソニー,所さんのまもるもせめるも,"￥4,900","￥5,000代",0,1,🟨黄,-,-,-,-
1987-06-30,-,5,RPG,タイトー,未来神話ジャーヴァス,"￥5,500","￥5,500代",0,1,-,-,-,-,-
1987-07-03,-,4,RPG,ハイスコアメディアワーク,ゾンビハンター,"￥4,900","￥5,000代",0,1,-,-,-,02位,-
1987-07-07,-,4,ACT,コナミ,月風魔伝,"￥4,900","￥5,000代",0,1,-,-,-,-,-
1987-07-10,-,4,ACT,日本物産,ブービーキッズ,"￥4,900","￥5,000代",0,1,-,-,-,-,-
1987-07-16,-,4,SHT,ハドソン,ヘクター'87,"￥5,000","￥5,000代",0,1,-,-,-,13位,-
1987-07-17,-,4,RPG,ナムコ,ドラゴンスレイヤーⅣ,"￥4,900","￥5,000代",0,1,-,-,-,-,-
1987-07-18,-,4,ETC,ケイアミューズメントリース,ジャンボウ,"￥4,980","￥5,000代",0,1,-,-,-,-,-
1987-07-20,34,4,SHT,サンソフト,ファンタジーゾーン,"￥5,300","￥5,500代",0,1,⬜白,-,-,-,-
1987-07-22,-,4,ACT,ユース,バツ＆テリー魔境の鉄人レース,"￥5,300","￥5,500代",0,1,-,-,-,-,-
1987-07-30,-,4,ETC,バンダイ,カラオケスタジオ基本セット,"￥7,500","￥7,500代",0,1,-,-,-,-,-
1987-07-30,-,4,RPG,ビック東海,チェスターフィールド暗黒神への挑戦,"￥5,300","￥5,500代",0,1,-,-,-,-,-
1987-07-31,-,4,SPT,バンダイ,ファミリートレーナーシリーズ5迷路大作戦,"￥4,900","￥5,000代",0,1,-,-,-,-,-
1987-08-07,32,4,RAC,スクウェア,ハイウェイスター,"￥4,500","￥4,500代",0,1,-,-,-,-,-
1987-08-07,-,4,ACT,ハドソン,ボンバーキング,"￥5,500","￥5,500代",0,1,🟥赤,-,-,-,-
1987-08-07,-,4,ACT,キングレコード,ミラクルロピット2100年の冒険,"￥4,900","￥5,000代",0,1,-,-,-,-,-
1987-08-10,-,4,ACT,トーワチキ,エルナークの財宝,"￥5,300","￥5,500代",0,1,-,-,-,-,19位
1987-08-10,-,4,RPG,バンダイ,聖闘士星矢黄金伝説,"￥5,500","￥5,500代",0,1,🟦青,-,-,-,-
1987-08-11,-,4,TAB,ナムコ,ファミリーマージャン,"￥3,900","￥4,000代",0,1,-,-,-,-,-
1987-08-11,-,2,TAB,BPS,囲碁九路盤対局,"￥5,500","￥5,500代",0,1,-,-,-,-,-
1987-08-11,-,4,ADV,サンソフト,天下のご意見番水戸黄門,"￥5,300","￥5,500代",0,1,-,-,-,-,-
1987-08-11,-,4,ACT,コナミ,魔城伝説Ⅱ大魔司教ガリウス,"￥4,900","￥5,000代",0,1,-,-,-,-,-
1987-08-17,-,4,ACT,HAL研究所,エアーフォートレス,"￥5,300","￥5,500代",0,1,-,-,-,-,-
1987-08-21,-,4,ACT,徳間書店,夢幻戦士ヴァリスthefantasicsoldier,"￥5,500","￥5,500代",0,1,-,-,-,-,-
1987-08-28,-,4,ADV,タカラ,光の戦士フォトン惑星ゾルディアスの戦い,"￥5,500","￥5,500代",0,1,-,-,-,-,-
1987-08-31,-,4,SPT,バンダイ,ファミリートレーナーシリーズ6マンハッタンポリス,"￥4,900","￥5,000代",0,1,-,-,-,-,-
1987-09-03,-,4,RPG,カルチャーブレーン,シェラザードアラビアンドリーム,"￥5,500","￥5,500代",0,1,-,-,-,-,-
1987-09-05,-,4,RPG,東芝ＥＭＩ,ゾイド中央大陸の戦い,"￥5,300","￥5,500代",0,1,🟥赤,-,-,-,-
1987-09-11,-,4,ADV,東映動画,SWAT,"￥5,300","￥5,500代",0,1,-,-,-,-,-
1987-09-11,31,4,RPG,ナムコ,デジタルデビル物語女神転生,"￥4,900","￥5,000代",0,1,-,-,-,-,-
1987-09-18,-,4,ACT,アイレム,スペランカーⅡ勇者への挑戦,"￥5,300","￥5,500代",0,1,-,-,-,-,-
1987-09-18,-,2,ACT,テクモ,つっぱり大相撲,"￥4,900","￥5,000代",0,1,-,-,-,-,-
1987-09-22,-,4,ACT,ジャレコ,バイオ戦士DANインクリーザーとの闘い,"￥4,900","￥5,000代",0,1,-,-,-,-,-
1987-09-24,-,1,SHT,HAL研究所,スターゲイト,"￥3,900","￥4,000代",0,1,-,-,-,-,-
1987-09-24,-,4,TAB,カプコン,井出洋介名人の実践麻雀,"￥6,500","￥6,500代",0,1,-,-,-,-,-
1987-09-25,-,4,RPG,タイトー,キョンシーズ2,"￥5,500","￥5,500代",0,1,-,-,-,-,-
1987-09-25,-,4,ACT,コナミ,沙羅曼蛇,"￥4,900","￥5,000代",0,1,🟦青,-,-,-,-
1987-10-01,-,1,SHT,HAL研究所,ミリピート巨大昆虫の逆襲,"￥3,900","￥4,000代",0,1,-,-,-,-,-
1987-10-01,-,4,RPG,トンキンハウス,ロマンシア,"￥5,300","￥5,500代",0,1,-,-,-,-,-
1987-10-02,-,5,ACT,アイレム,快傑ヤンチャ丸,"￥5,500","￥5,500代",0,1,-,-,-,-,-
1987-10-09,32,5,RPG,ポニーキャニオン,ウルティマ～恐怖のエクソダス～,"￥5,900","￥6,000代",0,1,-,-,-,-,-
1987-10-13,-,5,ACT,ジャレコ,エスパ冒険隊魔王の砦,"￥5,300","￥5,500代",0,1,-,-,-,-,-
1987-10-20,-,4,RPG,ケムコ,インドラの光,"￥5,300","￥5,500代",0,1,-,-,-,-,-
1987-10-23,-,4,RPG,タイトー,ミネルバトンサーガラゴンの復活,"￥5,500","￥5,500代",0,1,-,-,-,-,-
1987-10-23,-,4,RPG,アスキー,覇邪の封印,"￥5,800","￥6,000代",0,1,-,-,-,-,-
1987-10-26,32,5,RPG,ハドソン,桃太郎伝説,"￥5,800","￥6,000代",100,1,⬜白,-,-,-,-
1987-10-27,-,4,RPG,ホットビィ,星をみるひと,"￥5,300","￥5,500代",0,1,-,-,-,-,18位
1987-10-28,-,5,ETC,バンダイ,カラオケスタジオ専用カセットトップヒット20Vol.1,"￥3,980","￥4,000代",0,1,-,-,-,-,-
1987-10-30,-,4,SPT,ナムコ,サイドポケット,"￥3,900","￥4,000代",0,1,-,-,-,-,-
1987-10-30,-,1,ACT,HAL研究所,ジャウスト,"￥3,900","￥4,000代",0,1,-,-,-,-,-
1987-10-30,-,4,PZL,サンソフト,上海,"￥5,300","￥5,500代",0,1,-,-,-,-,-
1987-11-01,30,4,SPT,任天堂,マイクタイソンパンチアウト,"￥5,500","￥5,500代",0,1,-,-,-,-,-
1987-11-06,-,4,ACT,ナムコ,ルパン三世パンドラの遺産,"￥3,900","￥4,000代",0,1,-,-,-,-,-
1987-11-06,-,4,SLG,ジャレコ,宇宙船コスモキャリア,"￥4,900","￥5,000代",0,1,-,-,-,-,-
1987-11-13,-,4,RPG,日本物産,アルテリオス,"￥5,500","￥5,500代",0,1,-,-,-,-,-
1987-11-16,-,5,RPG,ハドソン,ファザナドゥ,"￥5,900","￥6,000代",0,1,-,-,-,-,-
1987-11-27,-,2,SPT,バンダイ,ファミリートレーナーシリーズ7ファミトレ大運動会,"￥4,900","￥5,000代",0,1,-,-,-,-,-
1987-11-27,-,4,RPG,ナムコ,時空勇伝デビアス,"￥4,900","￥5,000代",0,1,-,-,-,-,-
1987-12-04,-,4,RPG,ビクター音楽産業,アウトランダーズ,"￥5,300","￥5,500代",0,1,-,-,-,-,-
1987-12-04,30,4,ACT,ナムコ,スターウォーズ(ナムコ製),"￥4,900","￥5,000代",0,1,-,-,-,-,-
1987-12-04,-,4,RPG,コナミ,ドラゴンスクロール蘇りし魔竜,"￥5,300","￥5,500代",0,1,-,-,-,-,-
1987-12-04,-,4,ACT,パックインビデオ,ランボー,"￥5,300","￥5,500代",0,1,-,-,-,-,-
1987-12-07,-,4,SHT,スクウェア,JJ(ジェイジェイ),"￥4,500","￥4,500代",0,1,-,-,-,-,-
1987-12-09,-,4,SPT,データイースト,ゴルフ倶楽部バーディラッシュ,"￥5,500","￥5,500代",0,1,-,-,-,-,-
1987-12-11,-,4,SHT,コナミ,トップガン,"￥5,300","￥5,500代",0,1,-,-,-,-,-
1987-12-11,-,3,SPT,ナムコ,ファミリーテニス,"￥3,900","￥4,000代",0,1,-,対戦,-,-,-
1987-12-11,-,4,ADV,タイトー,京都龍の寺殺人事件山村美紗サスペンスシリーズ,"￥5,500","￥5,500代",0,1,-,-,-,-,-
1987-12-12,34,2,ETC,デービーソフト,鉄道王,"￥4,900","￥5,000代",0,1,-,-,-,-,-
1987-12-15,-,4,RPG,任天堂,銀河の三人,"￥5,000","￥5,000代",0,1,🟦青,-,-,-,-
1987-12-16,-,4,ACT,コナミ,エキサイティングボクシング,"￥7,980","￥8,000代",0,1,-,-,-,-,-
1987-12-17,-,4,ACT,カプコン,ロックマン,"￥5,300","￥5,500代",120,1,🟦青,-,-,-,-
1987-12-18,-,4,ACT,ナムコ,カルノフ,"￥4,900","￥5,000代",0,1,-,-,-,-,-
1987-12-18,-,4,SPT,ケイアミューズメントリース,スティックハンター,"￥5,500","￥5,500代",0,1,-,-,-,-,-
1987-12-18,-,4,RAC,タイトー,タイトーグランプリ栄光へのライセンス,"￥5,500","￥5,500代",0,1,-,-,-,-,-
1987-12-18,34,5,RPG,スクウェア,ファイナルファンタジー,"￥5,900","￥6,000代",0,1,⬜白,-,-,-,-
1987-12-18,31,4,TAB,ココナッツジャパン,目指せパチプロパチ夫くん,"￥5,500","￥5,500代",0,1,-,-,-,-,-
1987-12-22,33,4,RPG,アスキー,ウィザードリィ,"￥5,800","￥6,000代",0,1,◾黒,-,-,-,-
1987-12-22,-,4,RPG,バンダイ,ゲゲゲの鬼太郎2妖怪軍団の挑戦,"￥5,500","￥5,500代",0,1,-,-,-,-,-
1987-12-22,-,3,SPT,ナムコ,プロ野球ファミリースタジアム87年度版,"￥3,900","￥4,000代",130,1,-,-,-,-,-
1987-12-22,-,4,ACT,コナミ,メタルギア,"￥5,300","￥5,500代",0,1,-,-,-,-,-
1987-12-25,-,4,SHT,東芝ＥＭＩ,マグナム危機一髪エンパイアシティー1931,"￥5,300","￥5,500代",0,1,-,-,-,-,-
1987-12-26,-,4,SHT,ポニーキャニオン,アタックアニマル学園,"￥5,500","￥5,500代",0,1,-,-,-,-,-
1987-12-26,-,4,ACT,ケムコ,スーパーマン,"￥5,500","￥5,500代",0,1,-,-,-,-,-
1987-12-28,-,2,SPT,バンダイ,ファミリートレーナーシリーズ8突撃！風雲たけし城,"￥4,900","￥5,000代",0,1,-,-,-,-,-
1988-01-06,32,4,RAC,ナムコ,ファミリーサーキット,"￥3,900","￥4,000代",0,1,-,-,-,-,-
1988-01-07,-,5,ADV,HAL研究所,ソフトハウス連続殺人事件殺意の階層,"￥5,900","￥6,000代",0,1,-,-,-,-,-
1988-01-14,30,4,ACT,コナミ,コナミワイワイワールド,"￥5,500","￥5,500代",0,1,-,-,-,-,-
1988-01-22,-,4,ACT,東映動画,スケバン刑事Ⅲ,"￥5,300","￥5,500代",0,1,-,-,-,-,-
1988-01-23,-,4,ADV,サンソフト,リップルアイランド,"￥4,900","￥5,000代",0,1,-,-,-,-,-
1988-01-29,-,4,ACT,データイースト,ドナルドランド,"￥5,500","￥5,500代",0,1,🟥赤,-,-,-,-
1988-02-01,-,4,SPT,HAL研究所,ジャンボ尾崎のホールインワンプロフェッシュナル,"￥5,600","￥5,500代",0,1,-,-,-,-,-
1988-02-01,-,4,RAC,CBSソニー,パリダカールラリースペシャル,"￥5,300","￥5,500代",0,1,-,-,-,-,-
1988-02-03,-,4,ACT,バンダイ,仮面ライダー倶楽部,"￥5,500","￥5,500代",0,1,-,-,-,-,09位
1988-02-05,30,4,SHT,アイレム,ガーディック外伝,"￥5,500","￥5,500代",0,1,-,-,-,-,-
1988-02-09,-,4,ACT,コナミ,魂斗羅(コントラ),"￥5,300","￥5,500代",0,1,-,-,-,-,-
1988-02-10,38,5,RPG,エニックス,ドラゴンクエストⅢそして伝説へ…,"￥5,900","￥6,000代",380,1,◾黒,-,-,-,-
1988-02-18,-,5,ETC,バンダイ,カラオケスタジオ専用カセットトップヒット20Vol.2,"￥3,980","￥4,000代",0,1,-,-,-,-,-
1988-02-18,30,5,SLG,イマジニア,松本亨の株式必勝学,"￥9,800","￥10,000代",0,1,-,-,-,-,-
1988-02-26,-,4,ADV,データイースト,探偵神宮寺三郎横浜港連続殺人事件,"￥5,500","￥5,500代",0,1,-,-,-,-,-
1988-02-26,-,4,ACT,コナミ,鉄腕アトム,"￥5,500","￥5,500代",0,1,-,-,-,-,-
1988-03-04,-,4,ACT,ポニーキャニオン,ボールブレイザー(ルーカスフィルムゲーム),"￥5,500","￥5,500代",0,1,-,-,-,-,-
1988-03-08,-,3,ETC,タイトー,アルカノイドⅡ,"￥5,900","￥6,000代",0,1,-,-,-,-,-
1988-03-10,-,4,ACT,パックインビデオ,シュワルツネッガーのプレデター,"￥5,500","￥5,500代",0,1,-,-,-,-,-
1988-03-17,-,4,ETC,ビクター音楽産業,釣りキチ三平ブルーマーリン編,"￥5,500","￥5,500代",0,1,-,-,-,-,-
1988-03-17,-,4,ACT,ナムコ,ローリングサンダー,"￥5,500","￥5,500代",0,1,-,-,-,-,-
1988-03-18,-,4,SLG,アイレム,ナポレオン戦記,"￥5,500","￥5,500代",0,1,-,-,-,-,-
1988-03-18,-,5,SLG,光栄,信長の野望全国版,"￥9,800","￥10,000代",0,1,-,-,-,-,-
1988-03-18,-,4,TAB,ポニーキャニオン,谷川浩司の将棋指南Ⅱ名人への道,"￥5,500","￥5,500代",0,1,-,-,-,-,-
1988-03-24,-,4,SPT,SNK,ファイティングゴルフ,"￥5,500","￥5,500代",0,1,-,-,-,-,-
1988-03-26,-,4,ACT,ビック東海,ゴルゴ13第一章神々の黄昏,"￥5,700","￥5,500代",0,1,-,-,-,-,-
1988-03-28,-,4,RPG,イマジニア,愛の伝説オリュンポスの戦い,"￥5,300","￥5,500代",0,1,-,-,-,-,-
1988-03-28,-,4,SLG,ホットビィ,武田信玄,"￥5,800","￥6,000代",0,1,-,-,-,-,-
1988-03-29,-,2,SLG,アスキー,フリートコマンダー,"￥5,500","￥5,500代",0,1,-,-,-,-,-
1988-03-29,-,5,ACT,タイトー,不動明王伝,"￥5,900","￥6,000代",0,1,-,-,-,-,-
1988-03-30,-,4,ADV,データイースト,ビーバップハイスクール高校生極楽伝説,"￥5,800","￥6,000代",0,1,-,-,-,-,-
1988-04-05,-,4,SLG,ナムコ,独眼竜政宗,"￥5,500","￥5,500代",0,1,-,-,-,-,-
1988-04-08,-,4,ACT,東宝,ジーキル博士の彷魔が刻,"￥5,300","￥5,500代",0,1,-,-,-,-,-
1988-04-08,31,4,ACT,テクノスジャパン,双截龍(ダブルドラゴン),"￥5,800","￥6,000代",0,1,-,-,-,-,-
1988-04-15,-,4,SPT,ジャレコ,燃えろ！！プロテニス,"￥5,500","￥5,500代",0,1,-,-,-,-,-
1988-04-16,-,5,ACT,ケイアミューズメントリース,怒ⅡDOGOSOKEN,"￥5,500","￥5,500代",0,1,-,-,-,-,-
1988-04-28,-,4,RPG,トンキンハウス,エリュシオン,"￥5,500","￥5,500代",0,1,-,-,-,-,-
1988-04-28,32,4,SPT,テクモ,キャプテン翼,"￥5,500","￥5,500代",0,1,🟥赤,-,-,-,-
1988-04-28,-,4,SLG,ケムコ,砂漠の狐戦車戦略,"￥5,500","￥5,500代",0,1,-,-,-,-,-
1988-05-01,-,5,ADV,トーワチキ,名探偵ホームズ霧のロンドン殺人事件,"￥6,000","￥6,000代",0,1,-,-,-,-,-
1988-05-13,-,5,RPG,スクウェア,ディープダンジョンⅢ勇士への旅,"￥5,900","￥6,000代",0,1,-,-,-,-,-
1988-05-20,-,4,ACT,東映動画,仮面の忍者赤影,"￥5,300","￥5,500代",0,1,-,-,-,-,-
1988-05-27,-,4,SLG,ヘクト,将軍(SHOGUN),"￥5,800","￥6,000代",0,1,-,-,-,-,-
1988-05-27,-,4,ADV,ハドソン,サラダの国のトマト姫,"￥5,900","￥6,000代",0,1,-,-,-,-,-
1988-05-27,30,5,SPT,ナムコ,ナムコクラシック,"￥5,900","￥6,000代",0,1,-,-,-,-,-
1988-05-27,-,4,ACT,ユーピーエル,忍者くん阿修羅の章,"￥5,300","￥5,500代",0,1,🟥赤,-,-,-,-
1988-05-30,-,4,RPG,バンダイ,聖闘士星矢黄金伝説完結編,"￥5,800","￥6,000代",0,1,🟦青,-,-,-,-
1988-06-03,-,4,ACT,日本物産,コスモポリスギャリバン,"￥5,900","￥6,000代",0,1,-,-,-,-,-
1988-06-17,32,4,SHT,サンソフト,超惑星戦記メタファイト,"￥5,300","￥5,500代",0,1,-,-,-,-,-
1988-06-20,-,4,SHT,カプコン,1943,"￥5,300","￥5,500代",0,1,-,-,-,-,-
1988-06-24,30,4,RPG,ケムコ,真田十勇士,"￥5,600","￥5,500代",0,1,-,-,-,-,-
1988-06-24,30,4,ACT,ナムコ,妖怪道中記,"￥4,900","￥5,000代",0,1,-,-,-,-,-
1988-06-28,-,4,SPT,タイトー,究極ハリキリスタジアム,"￥5,500","￥5,500代",0,1,-,-,-,-,-
1988-07-14,-,5,RPG,BPS,スーパーブラックオニキス,"￥5,900","￥6,000代",0,1,-,-,-,-,-
1988-07-15,-,4,ADV,コナミ,じゃりん子チエばくだん娘のし幸せさがし,"￥5,800","￥6,000代",0,1,-,-,-,-,-
1988-07-15,30,4,SLG,アスキー,ベストプレープロ野球,"￥5,800","￥6,000代",0,1,-,-,-,-,-
1988-07-15,-,4,ACT,ジャレコ,伝説の騎士エルロンド,"￥5,500","￥5,500代",0,1,-,-,-,-,-
1988-07-20,-,5,ACT,カプコン,ヒットラーの復活トップシークレット,"￥5,900","￥6,000代",0,1,-,-,-,-,-
1988-07-21,-,5,ADV,ボーステック,めぞん一刻,"￥5,900","￥6,000代",0,1,-,-,-,-,-
1988-07-22,-,4,ACT,ナムコ,カイの冒険,"￥3,900","￥4,000代",0,1,-,-,-,-,-
1988-07-22,-,4,ACT,ビック東海,カケフくんのジャンプ天国スピード地獄,"￥5,300","￥5,500代",0,1,-,-,-,-,-
1988-07-26,-,4,ACT,タイトー,レインボーアイランド,"￥5,500","￥5,500代",0,1,-,-,-,-,-
1988-07-26,31,4,SPT,テクノスジャパン,熱血高校ドッジボール部,"￥5,800","￥6,000代",0,1,-,対戦,10位,-,-
1988-07-29,-,4,SHT,SNK,グレートタンク,"￥5,500","￥5,500代",0,1,-,-,-,-,-
1988-07-29,-,4,SLG,ナムコ,三国志中原の覇者,"￥6,900","￥7,000代",0,1,-,-,-,-,-
1988-07-29,-,4,ACT,カルチャーブレーン,飛龍の拳Ⅱドラゴンの翼,"￥5,500","￥5,500代",0,1,-,-,-,-,-
1988-07-30,-,4,SPT,バップ,スーパーリアルベースボール'88,"￥5,500","￥5,500代",0,1,-,-,-,-,-
1988-08-03,-,5,ADV,東京書籍,太陽の神殿アステカⅡ,"￥5,900","￥6,000代",0,1,-,-,-,-,-
1988-08-09,-,4,PZL,HAL研究所,エッガーランド迷宮の復活,"￥5,600","￥5,500代",0,1,-,-,-,-,-
1988-08-10,-,4,SLG,ソフエル,ザ・マネーゲーム,"￥5,900","￥6,000代",0,1,-,-,-,-,-
1988-08-10,-,4,ADV,バンダイ,闘将！！拉麺男炸裂超人一○二芸,"￥5,800","￥6,000代",0,1,-,-,-,-,-
1988-08-10,-,5,SPT,ジャレコ,燃えろ！！プロ野球'88決定版,"￥5,800","￥6,000代",0,1,-,-,-,-,-
1988-08-11,-,4,ADV,サンソフト,水戸黄門Ⅱ世界漫遊記,"￥5,500","￥5,500代",0,1,-,-,-,-,-
1988-08-12,-,4,SPT,データイースト,サッカーリーグウィナーズカップ,"￥5,800","￥6,000代",0,1,-,-,-,-,-
1988-08-12,-,4,RPG,バンダイ,ドラゴンボール大魔王復活,"￥5,800","￥6,000代",0,1,-,-,-,-,-
1988-08-12,-,4,RAC,ナムコ,ファイナルラップ,"￥5,200","￥5,000代",0,1,-,-,-,-,-
1988-08-12,33,4,SLG,任天堂,ファミコンウォーズ,"￥5,500","￥5,500代",0,1,-,-,-,-,-
1988-08-12,-,4,ACT,コナミ,マッドシティ,"￥5,500","￥5,500代",0,1,-,-,-,-,-
1988-08-19,-,5,SLG,アイレム,不如帰(ほととぎす),"￥6,500","￥6,500代",0,1,-,-,-,-,-
1988-08-23,-,4,ETC,ココナッツジャパン,スーパーピンボール,"￥5,800","￥6,000代",0,1,-,-,-,-,-
1988-08-26,30,5,RPG,ビクター音楽産業,イース,"￥6,200","￥6,000代",0,1,-,-,-,-,-
1988-08-26,-,2,SPT,バップ,スーパーダイナミックバトミントン,"￥4,900","￥5,000代",0,1,-,-,-,-,-
1988-08-26,-,4,SHT,ハドソン,亀の恩返し,"￥5,500","￥5,500代",0,1,-,-,-,-,-
1988-09-02,-,4,TAB,SNK,ファミコン名人戦,"￥5,900","￥6,000代",0,1,-,-,-,-,-
1988-09-13,-,5,ADV,ジャレコ,マニアックマンション,"￥5,500","￥5,500代",0,1,-,-,-,-,-
1988-09-16,-,4,SPT,コナミ,コナミックスポーツインソウル,"￥5,500","￥5,500代",0,1,-,-,-,-,-
1988-09-16,-,5,ACT,ポニーキャニオン,霊幻道士,"￥5,900","￥6,000代",0,1,-,-,-,-,-
1988-09-21,-,5,ADV,ポニーキャニオン,孔雀王,"￥5,800","￥6,000代",0,1,-,-,-,-,-
1988-09-22,-,4,ETC,ケムコ,ドナルドダック,"￥5,800","￥6,000代",0,1,-,-,-,-,-
1988-09-27,-,4,ACT,セタ,エイトアイズ,"￥5,800","￥6,000代",0,1,-,-,-,-,-
1988-09-27,-,4,ADV,ナムコ,えりかとさとるの夢冒険,"￥4,900","￥5,000代",0,1,-,-,-,-,-
1988-09-30,-,4,TAB,エピックソニー,VIVALASVEGAS,"￥5,900","￥6,000代",0,1,-,-,-,-,-
1988-09-30,-,3,RAC,パックインビデオ,ナイトライダー,"￥5,500","￥5,500代",0,1,-,-,-,-,-
1988-10-01,-,4,SLG,アスキー,ベストプレープロ野球新データ,"￥5,800","￥6,000代",0,1,-,-,-,-,-
1988-10-11,-,4,SLG,ボーステック,大戦略,"￥5,900","￥6,000代",0,1,-,-,-,-,-
1988-10-18,-,4,ETC,ホットビィ,ザ・ブラックバスⅡ,"￥5,800","￥6,000代",0,1,-,-,-,-,-
1988-10-21,-,4,SHT,データイースト,コブラコマンド,"￥5,800","￥6,000代",0,1,-,-,-,-,-
1988-10-21,-,4,RPG,ナムコ,源平討魔伝,"￥4,900","￥5,000代",0,1,-,-,-,-,-
1988-10-23,35,5,ACT,任天堂,スーパーマリオブラザーズ3,"￥6,500","￥6,500代",384,1,🟨黄,対戦,18位,16位,-
1988-10-28,-,4,SLG,ヘクト,アメリカ大統領選挙,"￥9,800","￥10,000代",0,1,-,-,-,-,-
1988-10-30,-,5,SLG,光栄,三國志,"￥9,800","￥10,000代",0,1,-,-,-,-,-
1988-11-10,-,4,ADV,ナツメ,東方見文録,"￥5,800","￥6,000代",0,1,-,-,-,-,-
1988-11-11,-,4,SPT,ケイアミューズメントリース,アメリカンフットボールタッチダウンフィーバー,"￥5,500","￥5,500代",0,1,-,-,-,-,-
1988-11-11,-,5,TAB,アスミック,ぎゅわんぶらあ自己中心派,"￥5,900","￥6,000代",0,1,-,-,-,-,-
1988-11-11,-,4,ACT,ジャレコ,西遊記ワールド,"￥5,500","￥5,500代",0,1,-,-,-,-,-
1988-11-16,-,4,ETC,アテナ,ファミリークイズ4人はライバル,"￥5,800","￥6,000代",0,1,-,-,-,-,-
1988-11-18,-,4,RPG,ナムコ,貝獣物語,"￥5,500","￥5,500代",0,1,-,-,-,-,-
1988-11-22,30,4,ADV,ケムコ,ディジャブ悪魔は本当にやって来た,"￥9,800","￥10,000代",0,1,-,-,-,-,-
1988-11-22,-,4,SPT,ジャレコ,燃えろ！！ジュニアバスケットTWOONTWO,"￥5,500","￥5,500代",0,1,-,-,-,-,-
1988-11-25,-,4,ETC,タイトー,たけしの戦国風雲児,"￥5,800","￥6,000代",0,1,-,-,-,-,-
1988-11-25,-,4,TAB,ナムコ,ファミリーマージャンⅡ上海への道,"￥4,900","￥5,000代",0,1,-,-,-,-,-
1988-11-29,-,4,ETC,ジャレコ,中国占星術,"￥5,900","￥6,000代",0,1,-,-,-,-,-
1988-12-02,-,4,ACT,サンソフト,エイリアンシンドローム,"￥5,500","￥5,500代",0,1,-,-,-,-,-
1988-12-02,-,5,TAB,ハドソン,桃太郎電鉄,"￥5,800","￥6,000代",0,1,-,-,-,-,-
1988-12-02,-,4,ACT,ビック東海,突然！マッチョマン,"￥5,500","￥5,500代",0,1,-,-,-,-,-
1988-12-02,-,4,SLG,スクウェア,半熟英雄,"￥5,800","￥6,000代",0,1,-,-,-,-,-
1988-12-09,30,4,SLG,ナムコ,キングオブキングス,"￥5,900","￥6,000代",0,1,-,-,-,-,-
1988-12-09,-,4,SLG,東宝,ゴジラ,"￥5,800","￥6,000代",0,1,-,-,-,-,-
1988-12-09,-,4,RAC,バリエ,中嶋悟監修F-1ヒーロー,"￥5,900","￥6,000代",0,1,-,-,-,-,-
1988-12-09,-,4,ACT,テクモ,忍者龍剣伝,"￥5,500","￥5,500代",0,1,⬜白,-,-,-,14位
1988-12-10,-,5,ETC,インダクショウンプロディース,89電脳九星占いbyGingukan,"￥9,800","￥10,000代",0,1,-,-,-,-,-
1988-12-13,-,4,ACT,東映動画,ファイティングロード,"￥6,200","￥6,000代",0,1,-,-,-,-,-
1988-12-16,-,5,ADV,ビクター音楽産業,かぐや姫伝説,"￥5,900","￥6,000代",0,1,-,-,-,-,-
1988-12-16,-,4,ACT,徳間書店,キャプテンシルバー,"￥5,500","￥5,500代",0,1,-,-,-,-,-
1988-12-16,31,4,ACT,コナミ,グラディウスⅡ,"￥5,900","￥6,000代",0,1,-,-,-,-,-
1988-12-16,-,4,RAC,ケイアミューズメントリース,ザトライアスロン,"￥5,600","￥5,500代",0,1,-,-,-,-,-
1988-12-16,-,4,SPT,タイトー,究極ハリキリスタジアム'88選手新データバージョン,"￥5,500","￥5,500代",0,1,-,-,-,-,-
1988-12-17,-,4,RAC,東京書籍,サイクルレースロードマン～激走！！日本一周4000km～,"￥5,500","￥5,500代",0,1,-,-,-,-,-
1988-12-17,-,4,RAC,バリエ,トップライダー,"￥9,800","￥10,000代",0,1,-,-,-,-,-
1988-12-17,35,5,RPG,スクウェア,ファイナルファンタジーⅡ,"￥6,500","￥6,500代",76,1,⬜白,-,-,-,-
1988-12-20,-,2,SPT,バンダイ,ファミリートレーナーシリーズ9風雲たけし城二,"￥4,900","￥5,000代",0,1,-,-,-,-,-
1988-12-20,-,4,SHT,サンソフト,ファンタジーゾーンⅡオパオパの涙,"￥5,500","￥5,500代",0,1,-,-,-,-,-
1988-12-20,-,4,SPT,ナムコ,プロ野球ファミリースタジアム'88年度版,"￥4,900","￥5,000代",109,1,-,-,-,-,-
1988-12-20,-,4,TAB,HAL研究所,ローラーボール,"￥5,600","￥5,500代",0,1,-,-,-,-,-
1988-12-21,-,4,SLG,ケムコ,銀河英雄伝説わが征くは星の大海,"￥5,900","￥6,000代",0,1,-,-,-,-,-
1988-12-22,-,2,PZL,BPS,テトリス,"￥4,900","￥5,000代",181,1,-,-,-,07位,-
1988-12-23,-,5,SPT,ジャレコ,燃えろ！！プロサッカー,"￥5,800","￥6,000代",0,1,-,-,-,-,-
1988-12-24,-,4,ADV,タイトー,アキラ,"￥6,800","￥7,000代",0,1,-,-,-,-,-
1988-12-24,-,4,ACT,九娯貿易,エアーウルフ,"￥5,900","￥6,000代",0,1,-,-,-,-,-
1988-12-24,-,5,ADV,フジテレビ,小公子セディ(ファミコンドラマ),"￥5,900","￥6,000代",0,1,-,-,-,-,-
1988-12-24,-,5,ADV,カプコン,プロ野球？殺人事件！,"￥5,900","￥6,000代",0,1,-,-,-,-,-
1988-12-24,-,5,ACT,カプコン,ロックマン2Dr.ワイリーの謎,"￥5,800","￥6,000代",151,1,🟥赤,-,-,-,-
1988-12-26,-,4,SHT,SNK,ゲバラ,"￥5,500","￥5,500代",0,1,-,-,-,-,-
1989-01-04,-,4,ACT,コナミ,がんばれゴエモン2,"￥5,500","￥5,500代",0,1,-,-,-,-,-
1989-01-06,-,4,SHT,タカラ,スペースハリアー,"￥5,500","￥5,500代",0,1,-,-,-,-,-
1989-01-06,-,5,TAB,ソフエル,100万$キッド幻の帝王編,"￥5,900","￥6,000代",0,1,-,-,-,-,-
1989-01-20,-,4,ADV,アイレム,西村京太郎ミステリーブルートレイン殺人事件,"￥6,500","￥6,500代",0,1,-,-,-,-,-
1989-01-20,-,4,RPG,SNK,里見八犬伝,"￥5,900","￥6,000代",0,1,-,-,-,-,-
1989-01-27,-,5,RPG,東芝ＥＭＩ,ゾイド2ゼネバスの逆襲,"￥5,900","￥6,000代",0,1,-,-,-,-,-
1989-01-27,-,4,RAC,コナミ,モトクロスチャンピオン,"￥5,500","￥5,500代",0,1,-,-,-,-,-
1989-01-27,-,4,ACT,ビック東海,電撃ビッグバン,"￥5,800","￥6,000代",0,1,-,-,-,-,-
1989-01-30,-,5,TAB,ココナッツジャパン,パチ夫くん2,"￥6,500","￥6,500代",0,1,-,-,-,-,-
1989-01-31,-,2,SPT,バンダイ,ファミリートレーナーシリーズ10来来キョンシーズベビーキョンシーのあみだ大冒険,"￥4,900","￥5,000代",0,1,-,-,-,-,-
1989-01-31,-,4,RAC,データイースト,ワールドグランプリPOLEtoFINISH(ポール・トゥ・フィニッシュ),"￥5,800","￥6,000代",0,1,-,-,-,-,-
1989-02-06,-,4,ACT,セタ,トムソーヤの冒険,"￥5,900","￥6,000代",0,1,-,-,-,-,-
1989-02-09,-,4,ACT,ナムコ,ワギャンランド,"￥4,900","￥5,000代",0,1,-,-,-,-,-
1989-02-10,-,4,ADV,サンソフト,赤龍王,"￥5,500","￥5,500代",0,1,-,-,-,-,-
1989-02-11,-,4,ADV,タイトー,京都花の密室殺人事件山村美紗サスペンスシリーズ,"￥5,900","￥6,000代",0,1,-,-,-,-,-
1989-02-15,-,5,RPG,バンダイ,ファミコンジャンプ英雄列伝,"￥6,500","￥6,500代",110,1,◾黒,-,-,-,-
1989-02-17,-,5,RPG,ナムコ,ハイドライド3闇からの訪問者,"￥6,900","￥7,000代",0,1,-,-,-,-,-
1989-02-17,-,4,ACT,エピックソニー,飛ingヒーロー(フライングヒーロー),"￥5,500","￥5,500代",0,1,-,-,-,-,-
1989-02-20,-,3,SHT,バンダイ,スペースシャドー,"￥9,800","￥10,000代",0,1,-,-,-,-,-
1989-02-21,32,4,RPG,アスキー,ウィザードリィⅡリルガミンの遺産,"￥6,500","￥6,500代",0,1,-,-,-,-,-
1989-02-23,-,4,RPG,ユース,百鬼夜行,"￥6,200","￥6,000代",0,1,-,-,-,-,-
1989-02-28,-,4,SPT,コナミ,がんばれペナントレース！,"￥5,900","￥6,000代",0,1,-,-,-,-,-
1989-03-03,-,4,ACT,バンダイ,魁！男塾疾風一号生,"￥5,800","￥6,000代",0,1,-,-,-,-,-
1989-03-03,-,2,TAB,ナムコ,早打ちスーパー囲碁,"￥5,900","￥6,000代",0,1,-,-,-,-,-
1989-03-17,-,5,ADV,キングレコード,ジーザス恐怖のバイオモンスター,"￥5,900","￥6,000代",0,1,-,-,-,-,-
1989-03-17,-,5,TAB,タイトー,爆笑！！人生劇場,"￥5,900","￥6,000代",0,1,-,-,-,-,-
1989-03-24,-,4,TAB,ナムコ,ファミリーピンボール,"￥4,900","￥5,000代",0,1,-,-,-,-,-
1989-03-24,-,5,ADV,トンキンハウス,暗黒神話ヤマトタケル伝説,"￥5,900","￥6,000代",0,1,-,-,-,-,-
1989-03-28,-,4,RPG,ジャレコ,じゃじゃ丸忍法帳,"￥5,800","￥6,000代",0,1,-,-,-,-,-
1989-03-28,-,4,SPT,データイースト,ペナントリーグホームランナイター,"￥5,800","￥6,000代",0,1,-,-,-,-,-
1989-03-30,-,4,SHT,サンソフト,アフターバーナー,"￥6,200","￥6,000代",0,1,-,-,-,-,-
1989-03-31,-,4,SHT,タイトー,オペレーションウルフ,"￥5,900","￥6,000代",0,1,-,-,-,-,-
1989-03-31,-,4,ADV,ケムコ,シャドウゲイト,"￥6,200","￥6,000代",0,1,-,-,-,-,-
1989-03-31,-,5,SLG,イマジニア,松本亨の株式必勝学Ⅱ,"￥9,800","￥10,000代",0,1,-,-,-,-,-
1989-04-07,-,4,ACT,トーワチキ,ガーフィールドの一週間,"￥5,500","￥5,500代",0,1,-,-,-,-,-
1989-04-14,-,4,SHT,ナムコ,ドラゴンスピリット新たなる伝説,"￥5,200","￥5,000代",0,1,-,-,-,-,-
1989-04-18,-,4,ETC,ナムコ,マインドシーカー,"￥6,500","￥6,500代",0,1,-,-,-,-,-
1989-04-20,-,5,SLG,光栄,蒼き狼と白き牝鹿ジンギスカン,"￥9,800","￥10,000代",0,1,-,-,-,-,-
1989-04-25,-,4,ACT,テクノスジャパン,ラベル,"￥5,900","￥6,000代",0,1,-,-,-,-,-
1989-04-25,-,4,ADV,ナムコ,デビルマン,"￥5,500","￥5,500代",0,1,-,-,-,-,-
1989-04-27,-,4,ACT,ナムコ,ドラゴンバスターⅡ闇の封印,"￥5,200","￥5,000代",0,1,-,-,-,-,-
1989-04-28,-,4,ACT,アイレム,HOLYDIVER(ホーリーダイヴァー),"￥5,500","￥5,500代",0,1,-,-,-,-,-
1989-04-28,-,4,SLG,日本物産,KEIBASIMULATION本命(競馬シュミレーション本命),"￥9,800","￥10,000代",0,1,-,-,-,-,-
1989-05-01,-,5,ADV,トーワチキ,名探偵ホームズMからの挑戦状,"￥6,000","￥6,000代",0,1,-,-,-,-,-
1989-05-02,-,5,SLG,ヘクト,株式道場実践編,"￥9,800","￥10,000代",0,1,-,-,-,-,-
1989-05-12,-,4,ACT,コナミ,激亀忍者伝,"￥5,800","￥6,000代",0,1,-,-,-,-,-
1989-05-19,31,4,SPT,SNK,めざせ三冠王ベースボールスター,"￥5,900","￥6,000代",0,1,-,-,-,-,-
1989-05-19,-,5,RPG,カプコン,天地を喰らう,"￥5,900","￥6,000代",0,1,-,-,-,-,-
1989-05-26,-,4,RPG,カルチャーブレーン,スーパーチャイニーズ2ドラゴンキッド,"￥5,900","￥6,000代",0,1,-,-,-,-,-
1989-05-26,-,4,TAB,ソフエル,帰って来た！軍人将棋なんやそれ？,"￥5,500","￥5,500代",0,1,-,-,-,-,-
1989-06-23,-,4,RPG,ナムコ,ラサール石井のチャイルズクエスト,"￥5,500","￥5,500代",0,1,-,-,-,-,-
1989-06-25,-,4,SLG,バンダイ,SDガンダムワールドガチャポン戦士2カプセル戦記,"￥6,800","￥7,000代",0,1,◾黒,対戦,15位,-,-
1989-06-27,-,4,ACT,ナムコ,クインティ,"￥4,900","￥5,000代",0,1,-,-,-,-,-
1989-06-30,-,4,ADV,セタ,マーダークラブ,"￥6,800","￥7,000代",0,1,-,-,-,-,-
1989-06-30,-,4,ACT,ケイアミューズメントリース,脱獄PRISONERSOFWAR,"￥5,600","￥5,500代",0,1,-,-,-,-,-
1989-07-13,-,5,SPT,ジャレコ,新燃えろプロ野球,"￥6,300","￥6,500代",0,1,-,-,-,-,-
1989-07-14,-,4,ACT,ナムコ,ドラゴンニンジャ,"￥5,800","￥6,000代",0,1,-,-,-,-,-
1989-07-14,-,4,RPG,ケムコ,ホワイトライオン伝説ピラミットの彼方に,"￥5,900","￥6,000代",0,1,-,-,-,-,-
1989-07-14,-,2,TAB,ヘクト,囲碁指南,"￥5,800","￥6,000代",0,1,-,-,-,-,-
1989-07-18,-,4,RPG,カプコン,ウィロー,"￥5,900","￥6,000代",0,1,-,-,-,-,-
1989-07-18,-,4,ACT,シグマ商事,必殺道場破り,"￥6,500","￥6,500代",0,1,-,-,-,-,-
1989-07-21,-,4,ACT,ナムコ,ケルナグール,"￥4,900","￥5,000代",0,1,-,対戦,16位,-,-
1989-07-21,-,4,RPG,ハイスコアメディアワーク,ファリア封印の剣,"￥6,200","￥6,000代",0,1,-,-,-,-,-
1989-07-21,-,4,SPT,タイトー,究極ハリキリスタジアム平成元年版,"￥6,800","￥7,000代",0,1,-,-,-,-,-
1989-07-21,-,4,SPT,ビック東海,全米プロバスケット,"￥5,800","￥6,000代",0,1,-,-,-,-,-
1989-07-25,-,4,SPT,トンキンハウス,パーフェクトボウリング,"￥5,500","￥5,500代",0,1,-,-,-,-,-
1989-07-25,31,5,RPG,任天堂,MOTHER(マザー),"￥6,500","￥6,500代",0,1,🟥赤,-,-,-,-
1989-07-25,-,4,ADV,バンダイ,美味しんぼ究極のメニュー三本勝負,"￥5,800","￥6,000代",0,1,-,-,-,-,-
1989-07-28,-,4,SPT,ナムコ,ファミスタ'89開幕版,"￥4,900","￥5,000代",0,1,-,-,-,-,-
1989-07-31,-,4,ACT,ナムコ,スプラッターハウスわんぱくグラフィティ,"￥4,900","￥5,000代",0,1,-,-,-,-,-
1989-08-04,-,4,SLG,コナミ,コズミックウォーズ,"￥6,500","￥6,500代",0,1,-,-,-,-,-
1989-08-04,-,4,SHT,CBSソニー,究極タイガー,"￥5,900","￥6,000代",0,1,-,-,-,-,-
1989-08-08,-,4,ACT,東宝,燃えるお兄さん,"￥5,800","￥6,000代",0,1,-,-,-,-,-
1989-08-08,-,4,SPT,バンダイ,名門第三野球部,"￥5,800","￥6,000代",0,1,-,-,-,-,-
1989-08-11,-,4,SLG,学習研究社,ムーランルージュ戦記メルヴィルの炎,"￥5,900","￥6,000代",0,1,-,-,-,-,-
1989-08-21,-,5,SLG,ホットビィ,武田信玄2スーパー戦国シュミレーションゲーム,"￥6,800","￥7,000代",0,1,-,-,-,-,-
1989-08-24,-,5,SHT,CBSソニー,キャプテンED(えど),"￥5,900","￥6,000代",0,1,-,-,-,-,-
1989-08-25,-,4,RAC,コナミ,レーサーミニ四駆ジャパンカップ,"￥5,900","￥6,000代",0,1,-,-,-,-,-
1989-08-25,-,4,ACT,データイースト,ロボコップ,"￥5,800","￥6,000代",0,1,-,-,-,-,-
1989-09-01,-,4,ACT,テクモ,激闘プロレス！！闘魂伝説,"￥5,800","￥6,000代",0,1,-,-,-,-,-
1989-09-14,-,4,ADV,トーワチキ,アイドル八犬伝,"￥6,000","￥6,000代",0,1,-,-,-,-,-
1989-09-14,-,4,TAB,ポニーキャニオン,谷川浩司の将棋指南Ⅲ,"￥5,800","￥6,000代",0,1,-,-,-,-,-
1989-09-19,-,4,ADV,カプコン,マルサの女,"￥5,900","￥6,000代",0,1,-,-,-,-,-
1989-09-20,31,5,RPG,ポニーキャニオン,ウルティマ聖者への道,"￥5,900","￥6,000代",0,1,-,-,-,-,-
1989-09-22,-,4,SHT,タイトー,中華大仙,"￥5,800","￥6,000代",0,1,-,-,-,-,-
1989-09-23,-,4,TAB,ココナッツジャパン,アメリカンドリーム(AMERICANDREAM),"￥5,900","￥6,000代",0,1,-,-,-,-,-
1989-09-29,-,4,SHT,パックインビデオ,サンダーバード,"￥5,500","￥5,500代",0,1,-,-,-,-,-
1989-09-29,-,4,SHT,コナミ,ツインビー3ポコポコ大魔王,"￥5,500","￥5,500代",0,1,-,-,-,-,-
1989-09-29,-,4,ADV,サンソフト,マハラジャ,"￥6,200","￥6,000代",0,1,-,-,-,-,-
1989-09-29,-,4,ADV,ケムコ,悪魔の招待状,"￥6,200","￥6,000代",0,1,-,-,-,-,-
1989-09-29,-,5,RPG,ユース,明治維新,"￥6,200","￥6,000代",0,1,-,-,-,-,-
1989-09-29,-,4,PZL,ジャレコ,落っことしパズルとんじゃん,"￥5,600","￥5,500代",0,1,-,-,-,-,-
1989-10-06,-,4,SPT,ケイアミューズメントリース,甲子園,"￥5,900","￥6,000代",0,1,-,-,-,-,-
1989-10-13,-,4,SPT,アスミック,ワールドスーパーテニス,"￥5,900","￥6,000代",0,1,-,-,-,-,-
1989-10-14,-,4,SLG,バリエ,ヴィナス戦記,"￥5,800","￥6,000代",0,1,-,-,-,-,-
1989-10-19,-,5,RPG,東映動画,北斗の拳3新世紀創造凄拳列伝,"￥6,200","￥6,000代",0,1,-,-,-,-,-
1989-10-27,-,4,SPT,トンキンハウス,ソフトボール天国,"￥5,800","￥6,000代",0,1,-,-,-,-,-
1989-10-27,-,4,RPG,バンダイ,ドラゴンボール3悟空伝,"￥6,800","￥7,000代",0,1,-,-,-,-,-
1989-10-27,-,4,SPT,アイレム,メジャーリーグ,"￥6,000","￥6,000代",0,1,-,-,-,-,-
1989-10-27,-,4,SPT,カルチャーブレーン,超人ウルトラベースボール,"￥6,500","￥6,500代",0,1,-,-,-,-,-
1989-10-27,-,4,ACT,エピックソニー,田代まさしのプリンセスがいっぱい,"￥5,500","￥5,500代",0,1,-,-,-,-,-
1989-10-31,-,4,TAB,光栄,麻雀大会,"￥7,800","￥8,000代",0,1,-,-,-,-,-
1989-11-07,-,5,ADV,HAL研究所,御存知弥次喜多珍道中,"￥6,800","￥7,000代",0,1,-,-,-,-,-
1989-11-10,-,4,SPT,テクノスジャパン,U.S.チャンピオンシップV'BALL,"￥5,900","￥6,000代",0,1,-,-,-,-,-
1989-11-10,-,4,RPG,ナツメ,ダンジョン＆マジックSWORDSOFELEMENT(ソードオブエレメント),"￥6,500","￥6,500代",0,1,-,-,-,-,-
1989-11-17,-,4,RAC,アイレム,激突四駆バトル,"￥4,800","￥5,000代",0,1,-,-,-,-,-
1989-11-17,-,4,ACT,九娯貿易,忍者COPサイゾウ,"￥5,900","￥6,000代",0,1,-,-,-,-,-
1989-11-24,-,4,SHT,アスミック,コズミックイプシロン,"￥6,500","￥6,500代",0,1,-,-,-,-,-
1989-11-24,-,5,TAB,シグマ商事,ベガスコネクションカジノより愛をこめて,"￥9,600","￥9,500代",0,1,-,-,-,-,-
1989-11-24,-,4,ACT,ジャレコ,寺尾のどすこい大相撲,"￥5,900","￥6,000代",0,1,-,-,-,-,-
1989-11-25,-,4,SPT,タイトー,ゴルフッ子オープン,"￥5,900","￥6,000代",0,1,-,-,-,-,-
1989-11-30,-,5,RPG,スクウェア,スクウェアのトムソーヤ,"￥6,500","￥6,500代",0,1,-,-,-,-,-
1989-12-01,-,4,SLG,ビック東海,コンフリクト,"￥6,200","￥6,000代",0,1,-,-,-,-,-
1989-12-01,-,4,RPG,バップ,TAO(タオ)道,"￥5,500","￥5,500代",0,1,-,-,-,-,-
1989-12-01,-,4,ACT,ケムコ,ホステージ,"￥5,900","￥6,000代",0,1,-,-,-,-,-
1989-12-01,-,5,SLG,パックインビデオ,未来戦史ライオス,"￥6,300","￥6,500代",0,1,-,-,-,-,-
1989-12-08,-,4,ADV,バンダイ,おそ松くんバックトゥザミーの出っ歯の巻,"￥5,800","￥6,000代",0,1,-,-,-,-,-
1989-12-08,-,2,ACT,アイジーエス,スーパーモグラたたきぽっくんモグラー,"￥6,900","￥7,000代",0,1,-,-,-,-,-
1989-12-08,-,4,RAC,タイトー,タイトーチェイスH.Q.,"￥5,900","￥6,000代",0,1,-,-,-,-,-
1989-12-08,-,5,RPG,東映動画,光と闇の戦い新里見八犬伝,"￥6,200","￥6,000代",0,1,-,-,-,-,-
1989-12-08,-,5,ADV,ハドソン,星霊狩り,"￥5,800","￥6,000代",0,1,-,-,-,-,-
1989-12-09,-,4,ACT,ポニーキャニオン,SUPERSTARプロレスリング,"￥5,900","￥6,000代",0,1,-,-,-,-,-
1989-12-15,-,4,SHT,ナツメ,アバドックス,"￥5,800","￥6,000代",0,1,-,-,-,-,-
1989-12-15,-,4,ADV,CBSソニー,かってにシロクマもりをすくえのまき,"￥5,900","￥6,000代",0,1,-,-,-,-,-
1989-12-15,-,5,RPG,カプコン,スウィートホーム,"￥6,500","￥6,500代",0,1,-,-,-,-,-
1989-12-15,-,4,SHT,コナミ,トップガンデュアルファイターズ,"￥6,000","￥6,000代",0,1,-,-,-,-,-
1989-12-15,-,4,TAB,ジャレコ,ピンボールクエスト,"￥5,600","￥5,500代",0,1,-,-,-,-,-
1989-12-15,-,4,SPT,エポック社,ファミコン野球盤,"￥6,200","￥6,000代",0,1,-,-,-,-,-
1989-12-15,-,2,PZL,タイトー,フリップル,"￥3,900","￥4,000代",0,1,-,-,-,-,-
1989-12-15,-,4,SPT,テクモ,激闘スタジアム,"￥5,500","￥5,500代",0,1,-,-,-,-,-
1989-12-15,-,5,RPG,アイレム,神仙伝,"￥6,300","￥6,500代",0,1,-,-,-,-,-
1989-12-19,-,4,SPT,ココナッツジャパン,ILOVEソフトボール,"￥6,500","￥6,500代",0,1,-,-,-,-,-
1989-12-19,-,4,SPT,ヘクト,エモやんの10倍プロ野球セリーグ編,"￥9,700","￥9,500代",0,1,-,-,-,-,-
1989-12-19,-,4,SPT,ポニーキャニオン,クォーターバックスクランブル,"￥5,900","￥6,000代",0,1,-,-,-,-,-
1989-12-19,30,4,SPT,ナムコ,ファミスタ'90,"￥5,800","￥6,000代",0,1,-,-,-,-,-
1989-12-20,-,4,SLG,ソフエル,ザ・マネーゲームⅡ兜町の奇跡,"￥5,900","￥6,000代",0,1,-,-,-,-,-
1989-12-21,-,4,ACT,ジャレコ,ザロードオブキング,"￥5,600","￥5,500代",0,1,-,-,-,-,-
1989-12-22,-,4,ADV,エピックソニー,TMNETWORKLIVEINPOWERBOWL,"￥6,200","￥6,000代",0,1,-,-,-,-,-
1989-12-22,-,4,ACT,サンソフト,バットマン,"￥6,200","￥6,000代",0,1,-,-,-,-,-
1989-12-22,-,4,ACT,ナムコ,マッピーキッズ,"￥5,800","￥6,000代",0,1,-,-,-,-,-
1989-12-22,30,5,ACT,コナミ,悪魔城伝説,"￥6,500","￥6,500代",0,1,-,-,-,-,-
1989-12-22,-,4,ACT,テクノスジャパン,双截龍ⅡTheRevenge,"￥5,900","￥6,000代",0,1,-,-,-,-,-
1989-12-23,-,5,RPG,データイースト,ヘラクレスの栄光Ⅱタイタンの滅亡,"￥5,900","￥6,000代",0,1,-,-,-,-,-
1989-12-23,-,4,TAB,ナツメ,中国雀士物語東風(トンフー),"￥5,800","￥6,000代",0,1,-,-,-,-,-
1989-12-25,-,4,SLG,アスミック,名門！多古西応援団,"￥6,500","￥6,500代",0,1,-,-,-,-,-
1989-12-27,-,4,SPT,ティーエスエス,スーパーラグビー,"￥5,900","￥6,000代",0,1,-,-,-,-,-
1990-01-05,-,5,RPG,コナミ,がんばれゴエモン外伝きえた黄金キセル,"￥6,980","￥7,000代",0,1,-,-,-,-,-
1990-01-06,30,2,PZL,HAL研究所,アドベンチャーズオブロロ,"￥4,900","￥5,000代",0,1,-,-,-,-,-
1990-01-12,-,2,TAB,青木書店,囲碁名鑑,"￥9,680","￥9,500代",0,1,-,-,-,-,-
1990-01-26,-,4,ACT,カプコン,わんぱくダック夢冒険DUCKTALES,"￥5,800","￥6,000代",0,1,-,-,-,-,-
1990-02-02,-,2,PZL,ヘクト,キャデラック,"￥4,900","￥5,000代",0,1,-,-,-,-,-
1990-02-02,-,4,ACT,コナミ,SUPER魂斗羅(スーパーコントラ),"￥5,800","￥6,000代",0,1,-,-,-,-,-
1990-02-03,-,5,SLG,光栄,信長の野望戦国群雄伝,"￥11,800","￥12,000代",0,1,-,-,-,-,-
1990-02-06,-,4,ACT,東映動画,もっともあぶない刑事,"￥5,300","￥5,500代",0,1,-,-,-,-,-
1990-02-11,37,6,RPG,エニックス,ドラゴンクエストⅣ導かれし者たち,"￥8,500","￥8,500代",310,1,◾黒,-,-,-,-
1990-02-23,-,4,PZL,ポニーキャニオン,アークティック,"￥5,500","￥5,500代",0,1,-,-,-,-,-
1990-02-23,-,4,ACT,エポック社,キテレツ大百科,"￥5,900","￥6,000代",0,1,-,-,-,-,-
1990-02-23,-,4,ACT,カプコン,デッドフォックス,"￥5,800","￥6,000代",0,1,-,-,-,-,-
1990-02-24,-,4,RPG,バンダイ,悪魔くん魔界の罠,"￥5,800","￥6,000代",0,1,-,-,-,-,-
1990-02-27,-,4,ACT,アテナ,ドラゴンユニット,"￥5,800","￥6,000代",0,1,-,-,-,-,-
1990-03-02,-,4,ADV,アイレム,西村京太郎ミステリースーパーエクスプレス殺人事件,"￥6,500","￥6,500代",0,1,-,-,-,-,-
1990-03-02,-,5,SLG,ホットビィ,プレジデントの選択,"￥9,800","￥10,000代",0,1,-,-,-,-,-
1990-03-02,-,4,ACT,データイースト,ヘビーバレル,"￥5,800","￥6,000代",0,1,-,-,-,-,-
1990-03-09,32,4,RPG,アスキー,ウィザードリィⅢダイヤモンドの騎士,"￥6,500","￥6,500代",0,1,-,-,-,-,-
1990-03-09,-,4,ACT,タイトー,ドンドコドン,"￥5,900","￥6,000代",0,1,-,-,-,-,-
1990-03-09,-,2,ACT,コナミ,モアイくん,"￥4,800","￥5,000代",0,1,-,-,-,-,-
1990-03-16,-,4,SHT,アイレム,イメージファイト,"￥6,500","￥6,500代",0,1,-,-,-,-,-
1990-03-16,-,4,ACT,カプコン,仮面の忍者花丸,"￥5,800","￥6,000代",0,1,-,-,-,-,-
1990-03-16,-,4,ACT,ケイアミューズメントリース,怒Ⅲ,"￥5,600","￥5,500代",0,1,-,-,-,-,-
1990-03-23,-,5,RPG,ビクター音楽産業,サンサーラナーガ,"￥7,500","￥7,500代",0,1,-,-,-,-,-
1990-03-23,-,2,ACT,データイースト,バルダーダッシュ,"￥4,900","￥5,000代",0,1,-,-,-,-,-
1990-03-23,-,5,RPG,ハドソン,魔神英雄伝ワタル外伝,"￥6,800","￥7,000代",0,1,-,-,-,-,-
1990-03-30,-,2,SPT,徳間書店,パワーサッカー,"￥4,900","￥5,000代",0,1,-,-,-,-,-
1990-03-30,-,5,SLG,アスキー,ベストプレープロ野球Ⅱ,"￥6,800","￥7,000代",0,1,-,-,-,-,-
1990-03-30,-,5,ETC,イマジニア,井崎脩五郎の競馬必勝学,"￥9,800","￥10,000代",0,1,-,-,-,-,-
1990-03-30,-,5,RPG,コナミ,魍魎戦記MADARA(魔陀羅マダラ),"￥8,500","￥8,500代",0,1,-,-,-,-,-
1990-04-06,-,5,RPG,アスミック,ディープダンジョンⅣ黒の妖術師,"￥6,500","￥6,500代",0,1,-,-,-,-,-
1990-04-06,33,5,RPG,ナムコ,デジタルデビル物語女神転生Ⅱ,"￥7,800","￥8,000代",0,1,-,-,-,-,-
1990-04-06,-,4,ACT,テクモ,忍者龍剣伝Ⅱ暗黒の邪神剣,"￥5,900","￥6,000代",0,1,-,-,-,-,-
1990-04-07,-,4,RPG,バンダイ,ウルトラマン倶楽部2帰ってきたウルトラマン倶楽部,"￥6,000","￥6,000代",0,1,-,-,-,-,-
1990-04-13,-,4,SLG,バリエ,ガンヘッド新たなる戦い,"￥6,500","￥6,500代",0,1,-,-,-,-,-
1990-04-13,-,2,PZL,コナミ,クォース,"￥4,900","￥5,000代",0,1,-,-,-,-,-
1990-04-13,-,5,RPG,SNK,ゴッドスレイヤーはるか天空のソナタ,"￥7,600","￥7,500代",0,1,-,-,-,-,-
1990-04-20,-,4,ACT,バンプレスト,SDバトル大相撲平成ヒーロー場所,"￥6,300","￥6,500代",0,1,-,-,-,-,-
1990-04-20,-,4,ACT,タイトー,パワーブレイザー,"￥5,900","￥6,000代",0,1,-,-,-,-,-
1990-04-20,-,5,SLG,任天堂,ファイアーエムブレム暗黒竜と光の剣,"￥6,000","￥6,000代",0,1,◾黒,-,-,-,-
1990-04-20,-,4,ETC,日本物産,黒鉄ヒロシの予想大好き！勝馬伝説,"￥8,000","￥8,000代",0,1,-,-,-,-,-
1990-04-27,36,6,RPG,スクウェア,ファイナルファンタジーⅢ,"￥8,400","￥8,500代",140,1,⬜白,-,-,-,-
1990-05-11,-,4,RPG,ピクセル,影狼伝説,"￥6,200","￥6,000代",0,1,-,-,-,-,-
1990-05-18,-,4,ETC,ハドソン,キャッスルクエスト,"￥4,900","￥5,000代",0,1,-,-,-,-,-
1990-05-18,-,4,SPT,テクノスジャパン,熱血高校ドッジボール部サッカー編,"￥5,900","￥6,000代",0,1,-,-,-,-,-
1990-05-25,-,6,RPG,ビクター音楽産業,イースⅡANCIENTYSVANISHEDTHEFINALCHAPTER,"￥7,500","￥7,500代",0,1,-,-,-,-,-
1990-05-25,-,5,SLG,ケイアミューズメントリース,馬券必勝学ゲートイン,"￥9,800","￥10,000代",0,1,-,-,-,-,-
1990-05-29,-,4,RPG,ジャレコ,じゃじゃ丸撃魔伝幻の金魔城,"￥5,900","￥6,000代",0,1,-,-,-,-,-
1990-06-08,-,4,ACT,カプコン,チップとデールの大作戦,"￥5,800","￥6,000代",0,1,-,-,-,-,-
1990-06-15,-,4,RAC,ビスコ,ダッシュ野郎,"￥5,800","￥6,000代",0,1,-,-,-,-,-
1990-06-23,-,4,SLG,ナムコ,バトルフリート,"￥5,900","￥6,000代",0,1,-,-,-,-,-
1990-06-23,-,4,ACT,ナツメ,ファイナルミッション,"￥5,800","￥6,000代",0,1,-,-,-,-,-
1990-06-29,-,5,SLG,光栄,水滸伝天命の誓い,"￥11,800","￥12,000代",0,1,-,-,-,-,-
1990-06-29,-,4,SPT,ジャレコ,燃えろ！！柔道WARRIORS,"￥5,600","￥5,500代",0,1,-,-,-,-,-
1990-06-29,-,4,PZL,アイレム,迷宮島,"￥5,800","￥6,000代",0,1,-,-,-,-,-
1990-07-06,-,4,PZL,BPS,ハットリス,"￥5,500","￥5,500代",0,1,-,-,-,-,-
1990-07-06,-,2,PZL,ホットビィ,パラメデス,"￥5,500","￥5,500代",0,1,-,-,-,-,-
1990-07-06,-,4,ACT,カルチャーブレーン,飛龍の拳Ⅲ五人の龍戦士,"￥6,300","￥6,500代",0,1,-,-,-,-,-
1990-07-07,-,4,ACT,バンプレスト,SDヒーロー総決戦倒せ悪の軍団,"￥6,300","￥6,500代",0,1,-,-,-,-,-
1990-07-13,-,4,ACT,アテナ,wit's(ウイッツ),"￥5,800","￥6,000代",0,1,-,-,-,-,-
1990-07-20,31,5,SPT,テクモ,キャプテン翼Ⅱスーパーストライカー,"￥6,900","￥7,000代",0,1,🟥赤,-,-,-,-
1990-07-20,-,4,ACT,エピックソニー,ソルスティス三次元迷宮の狂獣,"￥5,900","￥6,000代",0,1,-,-,-,-,-
1990-07-20,-,4,TAB,日本物産,ニチブツマージャンⅢマージャンGメン,"￥6,400","￥6,500代",0,1,-,-,-,-,-
1990-07-20,-,2,SHT,タイトー,無頼戦士(ブライファイター),"￥5,900","￥6,000代",0,1,-,-,-,-,-
1990-07-20,-,4,ACT,アスミック,獣王記,"￥5,900","￥6,000代",0,1,-,-,-,-,-
1990-07-24,-,4,SPT,データイースト,ザ・ペナントリーグホームランナイター'90ペナントリーグ,"￥6,300","￥6,500代",0,1,-,-,-,-,-
1990-07-27,-,4,ACT,ビック東海,ゴルゴ13第二章イカロスの謎,"￥6,000","￥6,000代",0,1,-,-,-,-,-
1990-07-27,-,4,RPG,ケイアミューズメントリース,ステッド遺跡惑星の野望,"￥5,900","￥6,000代",0,1,-,-,-,-,-
1990-07-27,31,2,PZL,任天堂,Dr.マリオ(ドクターマリオ),"￥4,900","￥5,000代",153,1,⬜白,対戦,11位,12位,-
1990-07-27,-,5,RPG,ハドソン,ビックリマンワールド激突聖戦士,"￥6,800","￥7,000代",0,1,-,-,-,-,-
1990-07-27,-,5,SPT,ジャレコ,燃えプロ！'90感動編,"￥6,500","￥6,500代",0,1,-,-,-,-,-
1990-07-31,-,5,RPG,学習研究社,MightandMagic(マイトアンドマジック),"￥8,500","￥8,500代",0,1,-,-,-,-,-
1990-08-03,-,4,ETC,ココナッツジャパン,ゲームパーティー,"￥6,500","￥6,500代",0,1,-,-,-,-,-
1990-08-03,-,4,ACT,ケムコ,ハッピーバースディバックス,"￥5,900","￥6,000代",0,1,-,-,-,-,-
1990-08-08,-,4,ACT,カプコン,2010ストリートファイター,"￥5,800","￥6,000代",0,1,-,-,-,-,-
1990-08-08,-,6,RPG,アスキー,忍者らホイ！痛快うんがちょこ忍法伝,"￥7,800","￥8,000代",0,1,-,-,-,-,-
1990-08-10,-,4,ACT,ナツメ,闇の仕事人KAGE,"￥5,900","￥6,000代",0,1,-,-,-,-,-
1990-08-10,-,4,ACT,ソフエル,タイタン,"￥5,900","￥6,000代",0,1,-,-,-,-,-
1990-08-10,-,4,ACT,トーワチキ,ドラゴンファイター,"￥5,700","￥5,500代",0,1,-,-,-,-,-
1990-08-10,-,4,PZL,バリエ,ぱられるワールド,"￥5,980","￥6,000代",0,1,-,-,-,-,-
1990-08-10,-,2,PZL,サンリツ電気,ピーパータイム,"￥4,900","￥5,000代",0,1,-,-,-,-,-
1990-08-10,-,4,ACT,サンソフト,ラフ,"￥5,500","￥5,500代",0,1,-,-,-,-,-
1990-08-10,-,4,RPG,パックインビデオ,川のぬし釣り,"￥6,300","￥6,500代",0,1,-,-,-,-,-
1990-08-10,-,5,SPT,アスミック,日本一の名監督,"￥6,800","￥7,000代",0,1,-,-,-,-,-
1990-08-11,-,5,RPG,バンダイ,SDガンダム外伝ナイトガンダム物語,"￥6,800","￥7,000代",0,1,-,-,-,-,-
1990-08-11,-,4,PZL,トンキンハウス,ブロディアランド,"￥5,600","￥5,500代",0,1,-,-,-,-,-
1990-08-21,-,4,ADV,ポニーキャニオン,孔雀王Ⅱ,"￥6,800","￥7,000代",0,1,-,-,-,-,-
1990-08-24,-,4,PZL,サンソフト,上海Ⅱ,"￥5,500","￥5,500代",0,1,-,-,-,-,-
1990-08-24,-,4,ACT,クエスト,魔天童子,"￥6,500","￥6,500代",0,1,-,-,-,-,-
1990-08-30,-,5,TAB,ビクター音楽産業,雀豪,"￥6,700","￥6,500代",0,1,-,-,-,-,-
1990-08-31,-,4,ETC,クエスト,ダンジョンキッド,"￥6,500","￥6,500代",0,1,-,-,-,-,-
1990-09-07,-,4,SHT,HAL研究所,宇宙警備隊SDF,"￥6,900","￥7,000代",0,1,-,-,-,-,-
1990-09-08,-,4,SLG,バンプレスト,SD戦国武将列伝烈火のごとく天下を盗れ！,"￥6,800","￥7,000代",0,1,-,-,-,-,-
1990-09-08,-,4,SPT,ティーエスエス,ワールドボクシング,"￥5,900","￥6,000代",0,1,-,-,-,-,-
1990-09-14,-,5,RPG,エポック社,ドラえもんギガゾンビの逆襲,"￥6,800","￥7,000代",0,1,-,-,-,-,-
1990-09-14,-,4,SLG,データイースト,リトルマジック,"￥6,300","￥6,500代",0,1,-,-,-,-,-
1990-09-14,-,4,TAB,パックインビデオ,爆笑！スターものまね四天王,"￥6,200","￥6,000代",0,1,-,-,-,-,-
1990-09-15,-,5,SLG,光栄,維新の嵐,"￥11,800","￥12,000代",0,1,-,-,-,-,-
1990-09-21,-,4,ACT,タイトー,インセクターX,"￥5,900","￥6,000代",0,1,-,-,-,-,-
1990-09-21,-,4,TAB,ポニーキャニオン,田村光昭麻雀ゼミナール,"￥5,800","￥6,000代",0,1,-,-,-,-,-
1990-09-28,-,4,SLG,ケムコ,ノースアンドサウスわくわく南北戦争,"￥6,200","￥6,000代",0,1,-,-,-,-,-
1990-09-28,-,4,ACT,ジャレコ,マジックジョン,"￥5,600","￥5,500代",0,1,-,-,-,-,-
1990-09-28,-,5,ACT,カプコン,ロックマン3Dr.ワイリーの最期！？,"￥6,500","￥6,500代",108,1,-,-,-,-,-
1990-09-28,-,4,ADV,データイースト,探偵神宮寺三郎時の過ぎゆくままに・・・,"￥4,900","￥5,000代",0,1,-,-,-,-,-
1990-10-05,-,4,SHT,トンキンハウス,ガンナック,"￥6,000","￥6,000代",0,1,-,-,-,-,-
1990-10-12,-,4,SPT,テクノスジャパン,ダウンタウン熱血行進曲それゆけ大運動会,"￥6,200","￥6,000代",0,1,-,対戦,02位,-,-
1990-10-19,-,5,RPG,東映動画,ブラッディウァリアーズシャンゴーの逆襲,"￥6,200","￥6,000代",0,1,-,-,-,-,-
1990-10-19,-,4,TAB,徳間書店,まじゃべんちゃー麻雀戦記,"￥5,800","￥6,000代",0,1,-,-,-,-,-
1990-10-19,-,4,ACT,コナミ,悪魔城すぺしゃるぼくドラキュラくん,"￥5,800","￥6,000代",0,1,-,-,-,-,-
1990-10-21,-,4,SPT,ポニーキャニオン,シャッフルパックカフェ,"￥6,200","￥6,000代",0,1,-,-,-,-,-
1990-10-25,-,4,ETC,バンダイ,おえかキッズアンパンマンとおえかきしよう,"￥13,800","￥14,000代",0,1,-,-,-,-,-
1990-10-26,-,4,RAC,A-WAVE,アストロファング,"￥6,700","￥6,500代",0,1,-,-,-,-,-
1990-10-26,-,4,SPT,サンソフト,なんてったって！！ベースボール,"￥5,900","￥6,000代",0,1,-,-,-,-,-
1990-10-26,-,5,SLG,カプコン,水島新司の大甲子園,"￥6,500","￥6,500代",0,1,-,-,-,-,-
1990-10-27,-,5,RPG,バンダイ,ドラゴンボールZ強襲！サイヤ人,"￥7,800","￥8,000代",0,1,-,-,-,-,-
1990-10-27,33,5,TAB,ココナッツジャパン,パチ夫くん3帰ってきたパチ夫くん,"￥7,980","￥8,000代",0,1,-,-,-,-,-
1990-11-02,-,4,ACT,九娯貿易,クロスファイヤー,"￥6,200","￥6,000代",0,1,-,-,-,-,-
1990-11-02,30,5,SLG,光栄,三國志Ⅱ,"￥11,800","￥12,000代",0,1,-,-,-,-,-
1990-11-02,-,4,ADV,ヘクト,京都財テク殺人事件(山村美紗サスペンスシリーズ),"￥8,500","￥8,500代",0,1,-,-,-,-,-
1990-11-10,-,6,ADV,ユタカ,ラストハルマゲドン,"￥9,800","￥10,000代",0,1,-,-,-,-,-
1990-11-22,-,2,PZL,キャラクターソフト,サンリオカーニバル,"￥3,980","￥4,000代",0,1,-,-,-,-,-
1990-11-29,-,4,ACT,ジャレコ,ふしぎなブロビー-ブロバニアの危機-,"￥5,900","￥6,000代",0,1,-,-,-,-,-
1990-11-30,-,4,SPT,テクモ,テクモボウル,"￥6,900","￥7,000代",0,1,-,-,-,-,-
1990-11-30,-,4,SHT,コナミ,パロディウスだ！,"￥5,800","￥6,000代",0,1,-,-,-,-,-
1990-11-30,-,4,ACT,エポック社,迷宮の達人大迷路,"￥5,800","￥6,000代",0,1,-,-,-,-,-
1990-12-07,-,5,ACT,コナミ,ティーンエージミュータントニンジャタートルズ,"￥7,000","￥7,000代",0,1,-,-,-,-,-
1990-12-07,-,5,TAB,アスミック,ぎゅわんぶらあ自己中心派2,"￥6,500","￥6,500代",0,1,-,-,-,-,-
1990-12-07,-,4,RPG,東宝,タイムズオブロア～失われたメダリオン,"￥5,300","￥5,500代",0,1,-,-,-,-,-
1990-12-07,-,3,SPT,テクモ,テクモワールドカップサッカー,"￥5,800","￥6,000代",0,1,-,-,-,-,-
1990-12-07,-,4,ACT,カプコン,パジャマヒーローNEMO,"￥6,200","￥6,000代",0,1,-,-,-,-,-
1990-12-07,-,4,SPT,ビスコ,グレートボクシングRUSHUP(ラッシュアップ),"￥6,800","￥7,000代",0,1,-,-,-,-,-
1990-12-07,-,4,ACT,ジャレコ,西遊記ワールドⅡ天上界の魔神,"￥5,600","￥5,500代",0,1,-,-,-,-,-
1990-12-07,-,4,ACT,フェイス,千代の富士の大銀杏,"￥5,800","￥6,000代",0,1,-,-,-,-,-
1990-12-08,-,5,ACT,ナムコ,ワギャンランド2,"￥5,800","￥6,000代",0,1,-,-,-,-,-
1990-12-12,-,5,SLG,光栄,ファミコントップマネジメント,"￥9,800","￥10,000代",0,1,-,-,-,-,-
1990-12-13,-,5,SLG,アスキー,ベストプレープロ野球'90,"￥6,800","￥7,000代",0,1,-,-,-,-,-
1990-12-14,-,3,PZL,ハドソン,KLAX(クラックス),"￥5,800","￥6,000代",0,1,-,-,-,-,-
1990-12-14,-,4,ACT,サンソフト,グレムリン2-新種誕生-,"￥6,500","￥6,500代",0,1,-,-,-,-,-
1990-12-14,-,4,ACT,サミー工業,龍牙忍者クルセイダーズ,"￥5,500","￥5,500代",0,1,-,-,-,-,-
1990-12-14,-,4,ACT,ビック東海,まじかるキッズどろぴー,"￥6,000","￥6,000代",0,1,-,-,-,-,-
1990-12-14,-,4,ACT,ジャレコ,メタルフレームサイバスター,"￥5,900","￥6,000代",0,1,-,-,-,-,-
1990-12-14,-,5,ADV,バンプレスト,必殺仕事人のさばる悪のある限り、仕事人の血が騒ぐ,"￥7,600","￥7,500代",0,1,-,-,-,-,-
1990-12-14,-,4,ACT,メルダック,暴れん坊天狗,"￥6,500","￥6,500代",0,1,-,-,-,-,-
1990-12-19,-,4,ACT,アスミック,ジャンピンキッドジャックと豆の木ものがたり,"￥5,800","￥6,000代",0,1,-,-,-,-,-
1990-12-19,-,4,ACT,アイレム,パーマン,"￥5,500","￥5,500代",0,1,-,-,-,-,-
1990-12-20,-,4,SPT,アイジーエス,バトルスタジアム選抜プロ野球,"￥6,800","￥7,000代",0,1,-,-,-,-,-
1990-12-21,-,4,SLG,トミー,メカ生命体ゾイド黙示録,"￥6,700","￥6,500代",0,1,-,-,-,-,-
1990-12-21,-,4,ACT,アテナ,剣の達人ソードマスター,"￥5,900","￥6,000代",0,1,-,-,-,-,-
1990-12-21,-,5,RPG,ポニーキャニオン,バーズテイル知られざる物語,"￥6,800","￥7,000代",0,1,-,-,-,-,-
1990-12-21,-,4,SPT,ナムコ,ファミスタ'91,"￥4,900","￥5,000代",0,1,-,-,-,-,-
1990-12-21,-,4,SLG,データイースト,大怪獣デブラス,"￥6,500","￥6,500代",0,1,-,-,-,-,-
1990-12-21,-,4,ACT,パックインビデオ,地獄極楽丸,"￥6,200","￥6,000代",0,1,-,-,-,-,-
1990-12-22,-,4,SLG,バンダイ,SDガンダムガチャポン戦士3英雄戦記,"￥6,800","￥7,000代",0,1,-,-,-,-,-
1990-12-22,-,4,ACT,シグマ商事,ムサシの冒険,"￥6,500","￥6,500代",0,1,-,-,-,-,-
1990-12-26,-,4,ACT,HAL研究所,NEWゴーストバスターズ2,"￥5,900","￥6,000代",0,1,-,-,-,-,-
1990-12-26,-,4,PZL,HAL研究所,アドベンチャーズオブロロⅡ,"￥5,900","￥6,000代",0,1,-,-,-,-,-
1990-12-29,-,4,TAB,ココナッツジャパン,爆笑！愛の劇場,"￥7,300","￥7,500代",0,1,-,-,-,-,-
1991-01-04,-,5,RPG,ナムコ,じゅうべえくえすと,"￥7,800","￥8,000代",0,1,-,-,-,-,-
1991-01-05,-,5,ACT,コナミ,ワイワイワールド2SOS！パセリ城,"￥6,500","￥6,500代",0,1,-,-,-,-,-
1991-01-25,-,4,ACT,ハドソン,ジャッキーチェン,"￥5,800","￥6,000代",0,1,-,-,-,-,-
1991-01-25,-,4,TAB,ナツメ,ドラドラドラ幸運を呼ぶゲーム,"￥5,800","￥6,000代",0,1,-,-,-,-,-
1991-01-25,-,4,ACT,コナミ,夢ペンギン物語,"￥5,800","￥6,000代",0,1,-,-,-,-,-
1991-01-30,-,2,ACT,アルトロン,ペーパーボーイ,"￥5,500","￥5,500代",0,1,-,-,-,-,-
1991-01-31,-,4,SPT,ヘクト,ゴルフグランドスラム,"￥9,700","￥9,500代",0,1,-,-,-,-,-
1991-02-08,-,5,RPG,データイースト,ダークロード,"￥6,800","￥7,000代",0,1,-,-,-,-,-
1991-02-08,-,2,SPT,アテナ,チャンピオンシップボーリング,"￥4,900","￥5,000代",0,1,-,-,-,-,-
1991-02-08,-,5,ADV,キングレコード,赤川次郎の幽霊列車,"￥6,800","￥7,000代",0,1,-,-,-,-,-
1991-02-15,-,4,ACT,エポック社,パラソルヘンべえおとぎの国は大さわぎ！,"￥6,500","￥6,500代",0,1,-,-,-,-,-
1991-02-15,-,4,TAB,アイマックス,ファミコン将棋竜王戦,"￥6,500","￥6,500代",0,1,-,-,-,-,-
1991-02-15,-,4,SHT,バップ,マックスウォーリアー～惑星戒厳令～,"￥5,800","￥6,000代",0,1,-,-,-,-,-
1991-02-15,-,4,SPT,A-WAVE,ミニパット,"￥6,700","￥6,500代",0,1,-,-,-,-,-
1991-02-22,-,5,TAB,カプコン,井出洋介名人の実践麻雀Ⅱ,"￥8,500","￥8,500代",0,1,-,-,-,-,-
1991-02-22,-,4,ACT,テクノスジャパン,双截龍ⅢTheRosettaStone,"￥6,200","￥6,000代",0,1,-,-,-,-,-
1991-02-22,-,5,RPG,ビクター音楽産業,虹のシルクロード～ジグザグ冒険記～,"￥7,500","￥7,500代",0,1,-,-,-,-,-
1991-02-26,-,5,ACT,バリエ,グランドマスター,"￥6,500","￥6,500代",0,1,-,-,-,-,-
1991-02-28,-,5,SPT,サンソフト,なんてったってベースボール子ガメカセットOBオールスター編,"￥2,280","￥2,500代",0,1,-,-,-,-,-
1991-03-01,-,4,RPG,カルチャーブレーン,スーパーチャイニーズ3,"￥6,300","￥6,500代",0,1,-,-,-,-,-
1991-03-01,-,4,SPT,タイトー,究極ハリキリスタジアムⅢ,"￥6,900","￥7,000代",0,1,-,-,-,-,-
1991-03-08,-,4,RPG,ポニーキャニオン,AdvancedDungeon＆Dragonsヒーローオブランス,"￥6,800","￥7,000代",0,1,-,-,-,-,-
1991-03-08,-,4,TAB,ナムコ,ナムコット麻雀Ⅲマージャン天国,"￥4,900","￥5,000代",0,1,-,-,-,-,-
1991-03-15,-,4,SHT,コナミ,ガンサイト,"￥6,000","￥6,000代",0,1,-,-,-,-,-
1991-03-15,-,4,SLG,東宝,ふしぎの海のナディア,"￥6,500","￥6,500代",0,1,-,-,-,-,-
1991-03-15,-,6,SLG,光栄,大航海時代,"￥11,800","￥12,000代",0,1,-,-,-,-,-
1991-03-21,-,5,RPG,ポニーキャニオン,AdvancedDungeon＆Dragonsヒルズファー,"￥7,800","￥8,000代",0,1,-,-,-,-,-
1991-03-21,-,4,ETC,アスキー,いただきストリート私のお店によってって,"￥6,800","￥7,000代",0,1,-,-,-,-,-
1991-03-21,-,4,RPG,ポニーキャニオン,シャドウブレイン,"￥9,800","￥10,000代",0,1,-,-,-,-,-
1991-03-21,-,4,ACT,バンダイ,まじかる☆タルるートくんFANTASTICWORLD(ファンタスティックワールド),"￥5,800","￥6,000代",0,1,🟦青,-,-,-,-
1991-03-22,-,4,TAB,タイトー,爆笑！！人生劇場2,"￥5,900","￥6,000代",0,1,-,-,-,-,-
1991-03-26,-,4,ETC,バンダイ,おえかキッズアンパンマンのひらがなだいすき,"￥6,800","￥7,000代",0,1,-,-,-,-,-
1991-03-29,-,2,ACT,キャラクターソフト,けろけろけろっぴの大冒険,"￥3,980","￥4,000代",0,1,-,-,-,-,-
1991-03-29,-,4,ACT,ジャレコ,忍者じゃじゃ丸銀河大作戦,"￥5,800","￥6,000代",0,1,-,-,-,-,-
1991-03-29,-,5,RPG,東映動画,北斗の拳4七星覇拳伝北斗神拳の彼方へ,"￥6,500","￥6,500代",0,1,-,-,-,-,-
1991-04-02,-,4,ACT,データイースト,ロボコップ2,"￥6,500","￥6,500代",0,1,-,-,-,-,-
1991-04-05,-,4,ACT,アトラス,ニューヨークニャンキーズ,"￥6,200","￥6,000代",0,1,-,-,-,-,-
1991-04-05,-,4,ETC,テクモ,おぼっちゃまくん,"￥6,500","￥6,500代",0,1,-,-,-,-,-
1991-04-05,-,6,RPG,カプコン,天地を喰らうⅡ諸葛孔明伝,"￥8,500","￥8,500代",0,1,-,-,-,-,-
1991-04-12,-,2,PZL,徳間書店,ゴルビーのパイプライン大作戦,"￥4,900","￥5,000代",0,1,-,-,-,-,-
1991-04-12,-,4,SHT,ビスコ,ツインイーグル,"￥5,800","￥6,000代",0,1,-,-,-,-,-
1991-04-21,-,4,ACT,アテナ,ファミリーブロック,"￥5,500","￥5,500代",0,1,-,-,-,-,-
1991-04-25,-,6,TAB,ヘクト,麻雀倶楽部永田町-総裁戦-,"￥9,700","￥9,500代",0,1,-,-,-,-,-
1991-04-26,-,4,ACT,サミー工業,ガンデック(GUN-DEC),"￥6,000","￥6,000代",0,1,-,-,-,-,-
1991-04-26,-,4,SHT,ホットビィ,オーバーホライゾン,"￥6,800","￥7,000代",0,1,-,-,-,-,-
1991-04-26,-,4,SPT,タイトー,タイトーバスケットボール,"￥5,900","￥6,000代",0,1,-,-,-,-,-
1991-04-26,-,4,TAB,セタ,マジックダーツ,"￥7,700","￥7,500代",0,1,-,-,-,-,-
1991-04-26,-,6,RPG,コナミ,ラグランジュポイント,"￥8,500","￥8,500代",0,1,-,-,-,-,-
1991-04-26,-,4,ACT,ハドソン,高橋名人の冒険島Ⅱ,"￥5,800","￥6,000代",0,1,-,-,-,-,-
1991-04-26,-,4,PZL,東映動画,紫禁城,"￥5,300","￥5,500代",0,1,-,-,-,-,-
1991-05-03,-,5,ACT,タケル,ココロン,"￥6,500","￥6,500代",0,1,-,-,-,-,-
1991-05-17,-,2,PZL,ホットビィ,パラメデスⅡ,"￥5,500","￥5,500代",0,1,-,-,-,-,-
1991-05-17,-,4,SHT,シグマ商事,ファジカルファイター,"￥6,200","￥6,000代",0,1,-,-,-,-,-
1991-05-23,-,5,SLG,光栄,ランペルール,"￥11,800","￥12,000代",0,1,-,-,-,-,-
1991-05-24,-,5,SHT,タイトー,テトラスター,"￥7,400","￥7,500代",0,1,-,-,-,-,-
1991-05-24,-,5,RPG,データイースト,メタルマックス,"￥7,800","￥8,000代",0,1,-,-,-,-,-
1991-05-31,-,2,PZL,ヒューマン,エジプト,"￥3,800","￥4,000代",0,1,-,-,-,-,-
1991-05-31,-,5,SPT,サンソフト,なんてったってベースボール子ガメカセット'91開幕編,"￥2,280","￥2,500代",0,1,-,-,-,-,-
1991-06-21,-,4,ACT,テクモ,忍者龍剣伝Ⅲ～黄泉の方舟～,"￥6,200","￥6,000代",0,1,-,-,-,-,-
1991-06-21,-,4,ACT,カルチャーブレーン,飛龍の拳スペシャルファイティングウォーズ,"￥6,300","￥6,500代",0,1,-,-,-,-,-
1991-06-28,-,6,RPG,ポニーキャニオン,AdvancedDungeon＆Dragonsプールオブレイディアンス,"￥9,800","￥10,000代",0,1,-,-,-,-,-
1991-06-28,-,4,ETC,テクノスジャパン,すごろクエストダイスの戦士たち,"￥6,500","￥6,500代",0,1,-,-,-,-,-
1991-06-28,-,4,ACT,サミー工業,つっぱりウォーズ,"￥6,800","￥7,000代",0,1,-,-,-,-,-
1991-06-28,-,4,ACT,ハドソン,ボンバーマンⅡ,"￥5,800","￥6,000代",0,1,-,-,-,-,-
1991-06-28,-,4,ACT,タカラ,超人狼戦記ウォーウルフ,"￥6,500","￥6,500代",0,1,-,-,-,-,-
1991-06-28,-,5,TAB,任天堂,新4人打ちマージャン役満天国,"￥6,300","￥6,500代",0,1,-,-,-,-,-
1991-07-05,-,5,SPT,バップ,ベースボールファイター,"￥7,800","￥8,000代",0,1,-,-,-,-,-
1991-07-05,-,4,TAB,ヘクト,囲碁指南'91,"￥6,800","￥7,000代",0,1,-,-,-,-,-
1991-07-19,-,4,ACT,タイトー,JuJu伝説,"￥6,800","￥7,000代",0,1,-,-,-,-,-
1991-07-19,-,4,ACT,テクモ,キャッ党忍伝てやんでえ,"￥6,500","￥6,500代",0,1,-,-,-,-,-
1991-07-19,-,4,ACT,パックインビデオ,ダイハード,"￥6,500","￥6,500代",0,1,-,-,-,-,-
1991-07-19,-,2,PZL,アイジーエス,パズニック,"￥4,900","￥5,000代",0,1,-,-,-,-,-
1991-07-19,-,4,TAB,ココナッツジャパン,パチンコ大作戦1,"￥5,900","￥6,000代",0,1,-,-,-,-,-
1991-07-19,30,6,RAC,ナムコ,ファミリーサーキット'91,"￥7,800","￥8,000代",0,1,-,-,-,-,-
1991-07-19,-,4,ACT,カプコン,リトルマーメイド-人魚姫-,"￥5,800","￥6,000代",0,1,-,-,-,-,-
1991-07-26,-,4,ACT,テクノスジャパン,ダウンタウンスペシャルくにおくんの時代劇だよ全員集合,"￥6,500","￥6,500代",0,1,-,-,-,-,-
1991-07-31,-,5,RPG,Ｍ＆Ｍ,おたくの星座,"￥6,900","￥7,000代",0,1,-,-,-,-,-
1991-08-02,-,4,ACT,タイトー,SD刑事ブレイダー,"￥6,400","￥6,500代",0,1,-,-,-,-,-
1991-08-02,-,5,SHT,アイジーエス,ロボッ子ウォーズ,"￥6,900","￥7,000代",0,1,-,-,-,-,-
1991-08-03,-,3,RAC,アルトロン,スーパースプリント,"￥6,500","￥6,500代",0,1,-,-,-,-,-
1991-08-03,-,5,ETC,バンプレスト,マイライフマイラブぼくの夢わたしの願い,"￥9,600","￥9,500代",0,1,-,-,-,-,-
1991-08-09,-,5,ACT,アイジーエス,アルマジロ,"￥6,900","￥7,000代",0,1,-,-,-,-,-
1991-08-09,-,2,PZL,アテナ,DEBLOCK(デブロック),"￥4,980","￥5,000代",0,1,-,-,-,-,-
1991-08-09,-,4,ACT,バップ,ドキ！ドキ！遊園地～クレイジーランド大作戦～,"￥5,800","￥6,000代",0,1,-,-,-,-,-
1991-08-09,-,5,RPG,ケムコ,ドラゴンウォーズ,"￥6,800","￥7,000代",0,1,-,-,-,-,-
1991-08-09,-,4,RPG,アスク講談社,百の世界の物語,"￥6,200","￥6,000代",0,1,-,-,-,-,-
1991-08-10,-,5,RPG,バンダイ,ドラゴンボールZⅡ激神フリーザ！！,"￥8,200","￥8,000代",79,1,-,-,-,-,-
1991-08-21,-,4,SLG,ポニーキャニオン,A列車で行こう,"￥7,800","￥8,000代",0,1,-,-,-,-,-
1991-08-27,-,4,SHT,コナミ,クライシスフォース,"￥6,000","￥6,000代",0,1,-,-,-,-,-
1991-08-29,-,5,SLG,光栄,ロイヤルブラッド,"￥9,800","￥10,000代",0,1,-,-,-,-,-
1991-08-30,-,6,ADV,HAL研究所,メタルスレイダーグローリー,"￥8,900","￥9,000代",0,1,-,-,-,-,-
1991-08-30,-,4,ACT,アイレム,快傑ヤンチャ丸2からくりランド,"￥5,800","￥6,000代",0,1,-,-,-,-,-
1991-09-13,-,5,ACT,ビスコ,ウエスタンキッズ,"￥7,800","￥8,000代",0,1,-,-,-,-,-
1991-09-13,-,4,ETC,アテナ,ゲームデザイナー養成ソフト絵描衛門(でざえもん),"￥9,800","￥10,000代",0,1,-,-,-,-,-
1991-09-20,-,4,ACT,エピックソニー,ドラゴンズレア,"￥5,900","￥6,000代",0,1,-,-,-,-,-
1991-09-20,-,4,ACT,サンソフト,へべれけ,"￥6,200","￥6,000代",0,1,-,-,-,-,-
1991-09-20,31,5,SPT,任天堂,マリオオープンゴルフ,"￥5,825","￥6,000代",0,1,-,-,-,-,-
1991-09-27,-,5,RPG,ビクター音楽産業,イースⅢワンダラーズフロムイース,"￥7,500","￥7,500代",0,1,-,-,-,-,-
1991-09-27,-,4,ACT,アイレム,スパルタンX2,"￥5,500","￥5,500代",0,1,-,-,-,-,-
1991-09-27,-,4,ACT,サンソフト,バトルフォーミュラ,"￥6,200","￥6,000代",0,1,-,-,-,-,-
1991-09-27,-,4,RAC,バリエ,中嶋悟監修F-1ヒーロー2,"￥5,900","￥6,000代",0,1,-,-,-,-,-
1991-10-04,-,4,ETC,ナムコ,ちびまる子ちゃんうきうきショッピング,"￥5,800","￥6,000代",0,1,-,-,-,-,-
1991-10-05,-,4,RPG,ユタカ,からくり剣豪伝ムサシロード～からくり人疾走る～,"￥6,800","￥7,000代",0,1,-,-,-,-,-
1991-10-12,-,5,RPG,バンダイ,SDガンダム外伝ナイトガンダム物語2光の騎士,"￥8,200","￥8,000代",0,1,-,-,-,-,-
1991-10-25,-,5,RPG,ナツメ,カオスワールド,"￥7,000","￥7,000代",0,1,-,-,-,-,-
1991-10-25,-,4,ACT,シグマ商事,たいむゾーン,"￥6,200","￥6,000代",0,1,-,-,-,-,-
1991-10-26,-,4,ACT,エンジェル,特救指令ソルブレイン,"￥6,000","￥6,000代",0,1,-,-,-,-,-
1991-10-30,-,4,PZL,ヘクト,グレートディール,"￥6,800","￥7,000代",0,1,-,-,-,-,-
1991-11-01,-,5,TAB,トミー,モノポリー,"￥6,800","￥7,000代",0,1,-,-,-,-,-
1991-11-15,-,4,ACT,ビクター音楽産業,スターウォーズ(ビクター製),"￥6,700","￥6,500代",0,1,-,-,-,-,-
1991-11-15,-,5,RPG,テクモ,ラディア戦記黎明篇,"￥6,900","￥7,000代",0,1,-,-,-,-,-
1991-11-15,-,4,ADV,タカラ,少年アシベネパール大冒険の巻,"￥6,980","￥7,000代",0,1,-,-,-,-,-
1991-11-15,-,4,ACT,アイレム,大工の源さん,"￥6,500","￥6,500代",0,1,-,-,-,-,-
1991-11-15,-,4,SHT,ソフエル,地底戦空バゾルダー,"￥6,300","￥6,500代",0,1,-,-,-,-,-
1991-11-22,-,6,TAB,ココナッツジャパン,パチ夫くん4,"￥8,800","￥9,000代",0,1,-,-,-,-,-
1991-11-22,-,2,PZL,キャラクターソフト,みんなのたあ坊のなかよし大作戦,"￥3,980","￥4,000代",0,1,-,-,-,-,-
1991-11-22,-,5,SPT,ジャレコ,燃えプロ！最強編,"￥6,700","￥6,500代",0,1,-,-,-,-,-
1991-11-29,-,6,TAB,トミー,アメリカ横断ウルトラクイズ史上最大の戦い,"￥7,800","￥8,000代",0,1,-,-,-,-,-
1991-11-29,-,4,TAB,アイマックス,ファミコン囲碁入門,"￥6,500","￥6,500代",0,1,-,-,-,-,-
1991-11-29,-,4,SLG,コナミ,ランパート,"￥5,800","￥6,000代",0,1,-,-,-,-,-
1991-12-06,-,4,ACT,東亜プラン,スノーブラザーズ,"￥6,500","￥6,500代",0,1,-,-,-,-,-
1991-12-06,-,6,ACT,カプコン,ロックマン4新たなる野望！？,"￥7,800","￥8,000代",0,1,-,-,-,-,-
1991-12-06,-,4,ACT,ナムコ,平成天才バカボン,"￥5,800","￥6,000代",0,1,-,-,-,-,-
1991-12-13,-,4,TAB,ヨネザワ,ギミアぶれいく史上最強のクイズ王決定戦,"￥9,800","￥10,000代",0,1,-,-,-,-,-
1991-12-13,-,4,ACT,ジャレコ,つるピカハゲ丸めざせ！つるセコの証,"￥6,300","￥6,500代",0,1,-,-,-,-,-
1991-12-13,-,5,ACT,コナミ,ティーンエージミュータントニンジャタートルズ2ザ・マンハッタンプロジェクト,"￥6,900","￥7,000代",0,1,-,-,-,-,-
1991-12-13,-,5,SPT,テクモ,テクモスーパーボウル,"￥7,980","￥8,000代",0,1,-,-,-,-,-
1991-12-13,30,4,PZL,BPS,テトリス2+ボンブリス,"￥6,500","￥6,500代",0,1,-,-,-,-,-
1991-12-14,-,4,PZL,任天堂,ヨッシーのたまご,"￥4,757","￥5,000代",0,1,-,-,-,16位,-
1991-12-20,-,4,ACT,アスミック,アスミッくんランド,"￥6,300","￥6,500代",0,1,-,-,-,-,-
1991-12-20,-,4,ETC,アルトロン,アンタッチャブル,"￥6,800","￥7,000代",0,1,-,-,-,-,-
1991-12-20,-,4,ACT,サンソフト,ダイナマイトバットマン,"￥6,500","￥6,500代",0,1,-,-,-,-,-
1991-12-20,-,4,ACT,コナミ,タイニートゥーンアドベンチャーズ,"￥4,900","￥5,000代",0,1,-,-,-,-,-
1991-12-20,-,5,ACT,アイレム,パーマンPART2秘密結社マドー団をたおせ！,"￥5,500","￥5,500代",0,1,-,-,-,-,-
1991-12-20,30,5,ACT,日本コンピュータシステム,バトルトード,"￥6,500","￥6,500代",0,1,-,-,-,-,-
1991-12-20,-,4,ACT,タカラ,バナナン王子の大冒険,"￥5,900","￥6,000代",0,1,-,-,-,-,-
1991-12-20,-,4,SPT,ナムコ,ファミスタ'92,"￥5,000","￥5,000代",0,1,-,-,-,-,-
1991-12-20,32,4,SLG,アスキー,ベスト競馬ダービースタリオン,"￥6,800","￥7,000代",0,1,-,-,-,-,-
1991-12-20,-,5,RPG,ソフエル,モンスターメーカー7つの秘宝,"￥6,800","￥7,000代",0,1,-,-,-,-,-
1991-12-20,-,4,TAB,ココナッツジャパン,東京パチスロアドベンチャー,"￥6,800","￥7,000代",0,1,-,-,-,-,-
1991-12-20,-,5,TAB,タイトー,爆笑！！人生劇場3,"￥6,400","￥6,500代",0,1,-,-,-,-,-
1991-12-21,-,5,SLG,ユタカ,SDガンダムガチャポン戦士4ニュータイプストーリー,"￥8,500","￥8,500代",0,1,-,-,-,-,-
1991-12-21,-,6,SLG,光栄,信長の野望武将風雲録,"￥11,800","￥12,000代",0,1,-,-,-,-,-
1991-12-21,-,4,ACT,エンジェル,鳥人戦隊ジェットマン,"￥6,000","￥6,000代",0,1,-,-,-,-,-
1991-12-25,-,4,ACT,アトラス,チキチキマシン猛レース,"￥6,800","￥7,000代",0,1,-,-,-,-,-
1991-12-26,-,4,SLG,ヨネザワ,バトルストーム,"￥5,800","￥6,000代",0,1,-,-,-,-,-
1991-12-27,-,4,ETC,ホットビィ,ザ・ブルーマリーン,"￥6,300","￥6,500代",0,1,-,-,-,-,-
1991-12-27,-,4,ACT,エピックソニー,ハドソンホーク,"￥5,900","￥6,000代",0,1,-,-,-,-,-
1991-12-29,-,5,RPG,ユタカ,ウルトラマン倶楽部3またまた出撃！！ウルトラ兄弟,"￥7,800","￥8,000代",0,1,-,-,-,-,-
1991-12-29,-,6,RPG,バンダイ,ファミコンジャンプⅡ最強の7人,"￥8,500","￥8,500代",0,1,-,-,-,-,-
1991-12-29,31,5,RPG,バンプレスト,第2次スーパーロボット大戦,"￥8,200","￥8,000代",0,1,-,-,-,-,-
1992-01-03,-,5,RPG,コナミ,がんばれゴエモン外伝2天下の財宝,"￥6,980","￥7,000代",0,1,-,-,-,-,-
1992-01-07,-,4,ACT,ジャレコ,ピザポップ,"￥6,300","￥6,500代",0,1,-,-,-,-,-
1992-01-11,-,4,SHT,アイレム,太陽の勇者ファイバード,"￥6,800","￥7,000代",0,1,-,-,-,-,-
1992-01-24,-,4,PZL,テクモ,ソロモンの鍵2クールミン島救出作戦,"￥6,200","￥6,000代",0,1,-,-,-,-,-
1992-01-24,-,5,SLG,ヘクト,ビジネスウォーズ最強の企業戦略M＆A,"￥9,700","￥9,500代",0,1,-,-,-,-,-
1992-01-25,-,5,RPG,ポニーキャニオン,バーズテイルⅡTHEDISTINYKNIGHT,"￥7,000","￥7,000代",0,1,-,-,-,-,-
1992-01-30,-,5,TAB,ヘクト,将棋名鑑'92,"￥6,800","￥7,000代",0,1,-,-,-,-,-
1992-01-31,-,5,ACT,サンソフト,ギミック,"￥6,200","￥6,000代",0,1,-,-,-,-,-
1992-01-31,-,4,ACT,タイトー,ドンドコドン2,"￥5,900","￥6,000代",0,1,-,-,-,-,-
1992-01-31,-,4,ACT,コナミ,バッキーオヘア,"￥5,800","￥6,000代",0,1,-,-,-,-,-
1992-02-07,-,5,RAC,日本物産,F-1サーカス,"￥6,600","￥6,500代",0,1,-,-,-,-,-
1992-02-07,-,4,SPT,テクノスジャパン,いけいけ熱血ホッケー部「すべってころんで大乱闘」,"￥6,200","￥6,000代",0,1,-,-,-,-,-
1992-02-14,-,4,ETC,アイマックス,ネイビーブルー,"￥5,900","￥6,000代",0,1,-,-,-,-,-
1992-02-21,-,4,RPG,ポニーキャニオン,AdvancedDungeon＆Dragonsドラゴンオブフレイム,"￥6,800","￥7,000代",0,1,-,-,-,-,-
1992-02-28,-,4,PZL,サミー工業,パズロット,"￥5,600","￥5,500代",0,1,-,-,-,-,-
1992-03-06,-,5,RPG,サミー工業,マジックキャンドル,"￥7,800","￥8,000代",0,1,-,-,-,-,-
1992-03-06,-,4,ACT,タカラ,伝染るんです。かわうそハワイへ行く,"￥6,800","￥7,000代",0,1,-,-,-,-,-
1992-03-10,-,4,TAB,ヘクト,囲碁指南'92,"￥6,800","￥7,000代",0,1,-,-,-,-,-
1992-03-13,-,5,SPT,ナムコ,ナムコクラシックⅡ,"￥5,900","￥6,000代",0,1,-,-,-,-,-
1992-03-14,-,5,SLG,任天堂,ファイアーエムブレム外伝,"￥6,600","￥6,500代",0,1,-,-,-,-,-
1992-03-19,-,4,SPT,タイトー,究極ハリキリ甲子園,"￥6,900","￥7,000代",0,1,-,-,-,-,-
1992-03-20,-,5,ETC,ハドソン,SUPER桃太郎電鉄,"￥5,800","￥6,000代",0,1,-,-,-,-,-
1992-03-20,-,4,ETC,エンジェル,それいけ！アンパンマンみんなでハイキングゲーム！,"￥6,000","￥6,000代",0,1,-,-,-,-,-
1992-03-27,-,4,ACT,エピックソニー,HOOK,"￥5,900","￥6,000代",0,1,-,-,-,-,-
1992-03-27,-,4,ACT,ホットビィ,WWFレッスルマニアチャレンジ,"￥5,300","￥5,500代",0,1,-,-,-,-,-
1992-03-27,-,4,ACT,キャラクターソフト,ハローキティワールド,"￥4,800","￥5,000代",0,1,-,-,-,-,-
1992-03-27,-,4,ACT,ジャレコ,プラズマボール,"￥6,300","￥6,500代",0,1,-,-,-,-,-
1992-03-28,-,4,SPT,サンソフト,炎の闘球児ドッジ弾平,"￥6,500","￥6,500代",0,1,-,-,-,-,-
1992-04-17,-,2,ACT,タカラ,ひらけ！ポンキッキ,"￥4,980","￥5,000代",0,1,-,-,-,-,-
1992-04-17,-,6,ADV,ココナッツジャパン,舛添要一朝までファミコン,"￥7,980","￥8,000代",0,1,-,-,-,-,-
1992-04-24,-,4,RAC,科研,エキサイティングラリー,"￥5,900","￥6,000代",0,1,-,-,-,-,-
1992-04-24,-,4,ACT,タイトー,わんぱくコックンのグルメワールド,"￥5,900","￥6,000代",0,1,-,-,-,-,-
1992-04-24,-,4,ACT,アイレム,重力装甲メタルストーム,"￥6,500","￥6,500代",0,1,-,-,-,-,-
1992-04-25,-,4,ADV,ユタカ,ひょっこりひょうたん島なぞのかいぞくせん,"￥6,000","￥6,000代",0,1,-,-,-,-,-
1992-05-20,-,5,TAB,日本物産,麻雀大戦,"￥6,600","￥6,500代",0,1,-,-,-,-,-
1992-05-29,-,5,TAB,ヘクト,クイズプロジェクトQ,"￥6,800","￥7,000代",0,1,-,-,-,-,-
1992-06-05,-,4,SPT,カプコン,CAPCOMバルセロナ'92,"￥6,500","￥6,500代",0,1,-,-,-,-,-
1992-06-10,-,5,SLG,ナムコ,三国志Ⅱ覇王の大陸,"￥6,900","￥7,000代",0,1,-,-,-,-,-
1992-06-19,-,4,ACT,バンダイ,まじかる☆タルるートくん2まほうだいぼうけん,"￥5,800","￥6,000代",0,1,-,-,-,-,-
1992-06-26,30,5,RPG,コナミ,エスパードリーム2新たなる戦い,"￥6,800","￥7,000代",0,1,-,-,-,-,-
1992-06-26,-,4,ACT,パックインビデオ,ターミネーター2,"￥6,500","￥6,500代",0,1,-,-,-,-,-
1992-06-26,-,4,SPT,テクノスジャパン,びっくり熱血新記録はるかなる金メダル,"￥6,500","￥6,500代",0,1,-,-,-,-,-
1992-06-26,-,4,SLG,アイジーエス,陰謀の惑星シャンカラ,"￥9,700","￥9,500代",0,1,-,-,-,-,-
1992-06-26,-,5,ACT,タイトー,聖鈴伝説リックル,"￥6,800","￥7,000代",0,1,-,-,-,-,-
1992-07-03,-,4,SPT,ジーオーワン,THEGOLF'92(ザゴルフ92),"￥6,900","￥7,000代",0,1,-,-,-,-,-
1992-07-10,-,4,TAB,ココナッツジャパン,パチンコ大作戦2,"￥6,900","￥7,000代",0,1,-,-,-,-,-
1992-07-17,-,4,SHT,ナグザット,SummerCarnical'92烈火(サマーカーニバル),"￥4,980","￥5,000代",0,1,-,-,-,-,-
1992-07-17,-,2,SPT,キャラクターソフト,サンリオカップポンポンバレー,"￥3,980","￥4,000代",0,1,-,-,-,-,-
1992-07-17,-,4,ACT,カプコン,レッドアリーマーⅡ,"￥5,800","￥6,000代",0,1,-,-,-,-,-
1992-07-17,-,4,ACT,トミー,三つ目がとおる,"￥6,500","￥6,500代",0,1,-,-,-,-,-
1992-07-24,-,5,RPG,セタ,シルヴァサーガ,"￥7,800","￥8,000代",0,1,-,-,-,-,-
1992-07-24,-,4,ACT,ジャレコ,闘魂倶楽部,"￥6,300","￥6,500代",0,1,-,-,-,-,-
1992-07-29,-,4,ACT,ユタカ,魔法のプリンセスミンキーモモリメンバードリーム,"￥6,000","￥6,000代",0,1,-,-,-,-,-
1992-07-31,-,4,ACT,ハドソン,高橋名人の冒険島Ⅲ,"￥5,800","￥6,000代",0,1,-,-,-,-,-
1992-08-07,-,5,SHT,パックインビデオ,エイセスアイアンイーグルⅢ,"￥7,400","￥7,500代",0,1,-,-,-,-,-
1992-08-07,-,5,RPG,バンダイ,ドラゴンボールZⅢ烈戦人造人間,"￥7,800","￥8,000代",0,1,-,-,-,-,-
1992-08-07,-,4,ACT,タイトー,フリントストーンTHERESCUEOFDINO＆HOPPY,"￥6,800","￥7,000代",0,1,-,-,-,-,-
1992-08-28,-,5,ACT,ヘクト,ムーンクリスタル,"￥7,800","￥8,000代",0,1,-,-,-,-,-
1992-08-28,-,5,TAB,ヨネザワ,ギミアぶれいく史上最強のクイズ王決定戦2,"￥6,800","￥7,000代",0,1,-,-,-,-,-
1992-08-29,-,4,ETC,アスキー,ダービースタリオン全国版,"￥7,200","￥7,000代",0,1,-,-,-,-,-
1992-09-14,-,4,ACT,任天堂,スーパーマリオUSA,"￥4,900","￥5,000代",0,1,-,-,-,-,-
1992-09-18,-,5,ETC,ココナッツジャパン,1999ほれ、みたことか！世紀末,"￥7,300","￥7,500代",0,1,-,-,-,-,-
1992-09-22,-,5,RPG,ナムコ,ナムコプリズムゾーンドリームマスター,"￥5,800","￥6,000代",0,1,-,-,-,-,-
1992-09-25,-,4,SPT,ジャレコ,ゴール(GOAL),"￥6,300","￥6,500代",0,1,-,-,-,-,-
1992-09-25,-,4,ACT,ケムコ,ミッキーマウスⅢ夢ふうせん,"￥5,900","￥6,000代",0,1,-,-,-,-,-
1992-09-29,-,4,ACT,タイトー,キャプテンセイバー,"￥5,900","￥6,000代",0,1,-,-,-,-,-
1992-10-09,-,5,ETC,バンプレスト,シャッフルファイト,"￥7,600","￥7,500代",0,1,-,-,-,-,-
1992-10-16,-,4,ETC,BPS,スポット,"￥5,500","￥5,500代",0,1,-,-,-,-,-
1992-10-16,-,5,SLG,アスキー,ベストプレープロ野球スペシャル,"￥7,500","￥7,500代",0,1,-,-,-,-,-
1992-10-22,-,4,SPT,ナムコ,トップストライカー,"￥5,800","￥6,000代",0,1,-,-,-,-,-
1992-10-23,-,5,RPG,バンダイ,SDガンダム外伝ナイトガンダム物語3伝説の騎士団,"￥7,800","￥8,000代",0,1,-,-,-,-,-
1992-10-30,-,6,RPG,日本コンピュータシステム,ダブルムーン伝説,"￥7,900","￥8,000代",0,1,-,-,-,-,-
1992-11-06,-,4,ACT,エンジェル,恐竜戦隊ジュウレンジャー,"￥6,000","￥6,000代",0,1,-,-,-,-,-
1992-11-13,-,4,ACT,アルトロン,トムとジェリー,"￥6,800","￥7,000代",0,1,-,-,-,-,-
1992-11-13,-,4,RAC,ココナッツジャパン,フェラーリGRANDPRIXCHALLENGE,"￥7,300","￥7,500代",0,1,-,-,-,-,-
1992-11-20,-,4,RPG,トミー,コロンブス黄金の夜明け,"￥7,500","￥7,500代",0,1,-,-,-,-,-
1992-11-21,-,4,PZL,任天堂,ヨッシーのクッキー,"￥4,757","￥5,000代",0,1,-,対戦,20位,-,-
1992-11-27,-,4,ACT,コナミ,タイニートゥーンアドベンチャー2モンタナランドへようこそ,"￥4,900","￥5,000代",0,1,-,-,-,-,-
1992-11-27,-,4,TAB,ヘクト,囲碁指南'93,"￥6,800","￥7,000代",0,1,-,-,-,-,-
1992-12-04,-,4,PZL,バップ,ちいさなおばけアッチコッチソッチ,"￥6,800","￥7,000代",0,1,-,-,-,-,-
1992-12-04,-,5,ACT,カプコン,ロックマン5ブルースの罠！？,"￥7,800","￥8,000代",0,1,-,-,-,-,-
1992-12-04,-,5,TAB,ヘクト,将棋名鑑'93,"￥6,800","￥7,000代",0,1,-,-,-,-,-
1992-12-08,-,5,ACT,ナムコ,ワギャンランド3,"￥5,800","￥6,000代",0,1,-,-,-,-,-
1992-12-11,-,4,ACT,ヒロ,キョロちゃんランド,"￥5,800","￥6,000代",0,1,-,-,-,-,-
1992-12-11,-,2,ACT,キャラクターソフト,ハローキティのおはなばたけ,"￥3,980","￥4,000代",0,1,-,-,-,-,-
1992-12-11,-,4,ACT,ジャレコ,妖精物語ロッドランド,"￥6,500","￥6,500代",0,1,-,-,-,-,-
1992-12-15,-,6,RPG,エニックス,ジャストブリード,"￥9,700","￥9,500代",0,1,-,-,-,-,-
1992-12-18,-,4,ACT,サンソフト,バーコードワールド,"￥7,200","￥7,000代",0,1,-,-,-,-,-
1992-12-22,-,4,SLG,ユタカ,SDガンダムガチャポン戦士5バトルオブユニバーサルセンチュリー,"￥6,800","￥7,000代",0,1,-,-,-,-,-
1992-12-22,-,4,SPT,ナムコ,ファミスタ'93,"￥4,900","￥5,000代",0,1,-,-,-,-,-
1992-12-23,-,4,ACT,テクノスジャパン,熱血格闘伝説,"￥6,500","￥6,500代",0,1,-,-,-,-,-
1992-12-25,-,4,ACT,エンジェル,ウルトラマン倶楽部怪獣大決戦,"￥6,800","￥7,000代",0,1,-,-,-,-,-
1992-12-25,-,4,ACT,バンプレスト,グレイトバトルサイバー,"￥7,300","￥7,500代",0,1,-,-,-,-,-
1992-12-25,-,6,ETC,サミー工業,嗚呼！野球人生一直線,"￥7,300","￥7,500代",0,1,-,-,-,-,-
1992-12-29,-,5,ACT,バンダイ,[データック]ドラゴンボールZ激闘天下一武道会,"￥7,800","￥8,000代",0,1,-,-,-,-,-
1993-01-14,-,2,PZL,キャラクターソフト,サンリオカーニバル2,"￥3,980","￥4,000代",0,1,-,-,-,-,-
1993-01-15,-,5,TAB,カプコン,ワイリー＆ライトのロックボードザッツパラダイス,"￥6,500","￥6,500代",0,1,-,-,-,-,-
1993-01-22,-,4,ETC,エンジェル,仮面ライダーSDグランショッカーの野望,"￥6,500","￥6,500代",0,1,-,-,-,-,-
1993-01-29,-,4,RAC,コナミ,F-1センセーション,"￥5,800","￥6,000代",0,1,-,-,-,-,-
1993-02-05,32,4,ACT,コナミ,悪魔城ドラキュラ,"￥3,900","￥4,000代",0,1,-,-,-,-,-
1993-02-19,-,4,ACT,キャラクターソフト,けろけろけろっぴの大冒険2ドーナツ池はおおさわぎ,"￥5,400","￥5,500代",0,1,-,-,-,-,-
1993-02-19,-,6,SPT,バンプレスト,バトルベースボール,"￥8,600","￥8,500代",0,1,-,-,-,-,-
1993-02-26,-,4,ACT,コナミ,バイオミラクルぼくってウパ,"￥3,900","￥4,000代",0,1,-,-,-,-,-
1993-03-05,-,4,ACT,タイトー,バブルボブル2,"￥5,900","￥6,000代",0,1,-,-,-,-,-
1993-03-05,-,5,SPT,ジャレコ,めざせ！トッププロ～グリーンに賭ける夢～,"￥6,500","￥6,500代",0,1,-,-,-,-,-
1993-03-06,-,4,SPT,ジャレコ,USAアイスホッケーinFC,"￥6,300","￥6,500代",0,1,-,-,-,-,-
1993-03-12,-,5,ACT,ビクター音楽産業,スターウォーズ帝国の逆襲(ビクター製),"￥7,900","￥8,000代",0,1,-,-,-,-,-
1993-03-19,-,4,ADV,サンソフト,ぴょこたんの大迷路,"￥6,000","￥6,000代",0,1,-,-,-,-,-
1993-03-19,-,4,ETC,ヨネザワ,カジノダービー,"￥5,500","￥5,500代",0,1,-,-,-,-,-
1993-03-23,33,6,ACT,任天堂,星のカービィ夢の泉の物語,"￥6,300","￥6,500代",100,1,-,-,-,-,-
1993-03-25,-,6,SLG,光栄,蒼き狼と白き牝鹿元朝秘史,"￥11,800","￥12,000代",0,1,-,-,-,-,-
1993-03-26,-,4,SHT,コナミ,もえろツインビーシナモン博士を救え,"￥3,900","￥4,000代",0,1,-,-,-,-,-
1993-03-26,-,5,ETC,アイレム,愛先生のOSHIETEわたしの星,"￥12,800","￥13,000代",0,1,-,-,-,-,-
1993-03-26,-,5,SPT,サンソフト,炎の闘球児ドッジ弾平2,"￥6,800","￥7,000代",0,1,-,-,-,-,-
1993-03-30,-,4,ACT,アイレム,快傑ヤンチャ丸3対決！ゾウリンゲン,"￥6,500","￥6,500代",0,1,-,-,-,-,-
1993-04-23,-,5,SLG,バンダイ,[データック]SDガンダムガンダムウォーズ,"￥2,800","￥3,000代",0,1,-,-,-,-,-
1993-04-23,-,5,SPT,バンダイ,[データック]ウルトラマン倶楽部スポ根ファイト,"￥2,800","￥3,000代",0,1,-,-,-,-,-
1993-04-23,-,4,SPT,テクノスジャパン,くにおくんの熱血サッカーリーグ,"￥6,500","￥6,500代",0,1,-,-,-,-,-
1993-04-23,-,4,ACT,タイトー,ジェットソン,"￥6,800","￥7,000代",0,1,-,-,-,-,-
1993-04-23,-,4,ACT,カプコン,ダックテイルズ2,"￥5,800","￥6,000代",0,1,-,-,-,-,-
1993-04-28,-,6,ETC,ヨネザワ,ゴリラーマン,"￥6,900","￥7,000代",0,1,-,-,-,-,-
1993-05-21,-,5,ACT,任天堂,ジョイメカファイト,"￥4,900","￥5,000代",0,1,🟦青,対戦,04位,-,-
1993-06-11,-,5,TAB,ココナッツジャパン,パチ夫くん5Jrの挑戦,"￥8,500","￥8,500代",0,1,-,-,-,-,-
1993-06-11,-,4,ACT,カプコン,マイティファイナルファイト,"￥6,500","￥6,500代",0,1,-,-,-,-,-
1993-06-19,-,4,SPT,アイジーエス,JリーグファイティングサッカーTHEKINGOFACESTRIKERS,"￥7,900","￥8,000代",0,1,-,-,-,-,-
1993-07-09,-,4,RPG,ユタカ,うしおととら深淵の大妖,"￥7,800","￥8,000代",0,1,-,-,-,-,-
1993-07-23,-,4,PZL,徳間書店,ぷよぷよ,"￥5,900","￥6,000代",0,1,-,-,-,-,-
1993-07-30,-,5,ACT,ハドソン,FC原人,"￥5,800","￥6,000代",0,1,-,-,-,-,-
1993-07-30,-,4,RPG,エンジェル,甲竜伝説ヴィルガスト外伝,"￥8,000","￥8,000代",0,1,-,-,-,-,-
1993-08-06,-,5,RPG,バンダイ,ドラゴンボールZ外伝サイヤ人絶滅計画,"￥7,800","￥8,000代",90,1,-,-,-,-,-
1993-08-27,-,4,PZL,バンダイ,[データック]クレヨンしんちゃんオイラとポイポイ,"￥2,600","￥2,500代",0,1,-,-,-,-,-
1993-08-27,-,5,PZL,バンダイ,クレヨンしんちゃんオイラとポイポイ,"￥5,800","￥6,000代",0,1,-,-,-,-,-
1993-09-17,-,4,TAB,ココナッツジャパン,パチスロアドベンチャー2そろっ太くんのパチスロ探偵団,"￥6,900","￥7,000代",0,1,-,-,-,-,-
1993-09-21,-,4,PZL,任天堂,テトリスフラッシュ,"￥5,900","￥6,000代",0,1,-,-,-,-,-
1993-10-22,-,5,ACT,バンダイ,[データック]幽☆遊☆白書爆闘暗黒武術会,"￥2,800","￥3,000代",0,1,-,-,-,-,-
1993-10-22,-,5,ACT,アイレム,大工の源さん2赤毛のダンの逆襲,"￥6,800","￥7,000代",0,1,-,-,-,-,-
1993-10-29,-,5,RPG,バンダイ,ろくでなしBLUES,"￥7,800","￥8,000代",0,1,-,-,-,-,-
1993-11-05,-,6,ACT,カプコン,ロックマン6史上最大の闘い,"￥7,800","￥8,000代",0,1,🟨黄,-,-,-,-
1993-11-12,-,5,ACT,ビーアイ,[データック]バトルラッシュ,"￥2,800","￥3,000代",0,1,-,-,-,-,-
1993-11-26,-,5,ETC,タカラ,RPG人生ゲーム,"￥7,800","￥8,000代",0,1,-,-,-,-,-
1993-12-01,-,4,ACT,キャラクターソフト,けろっぴとけろりーぬのスプラッシュボム,"￥4,980","￥5,000代",0,1,-,-,-,-,-
1993-12-01,-,4,SPT,ナムコ,ファミスタ'94,"￥3,900","￥4,000代",0,1,-,-,-,-,-
1993-12-10,-,4,ACT,カプコン,チップとデールの大作戦2,"￥5,800","￥6,000代",0,1,-,-,-,-,-
1993-12-10,-,4,ADV,ユタカ,なかよしといっしょ,"￥7,800","￥8,000代",0,1,-,-,-,-,-
1993-12-17,-,4,TAB,ヘクト,囲碁指南'94,"￥6,800","￥7,000代",0,1,-,-,-,-,-
1993-12-17,-,6,RPG,ハドソン,桃太郎伝説外伝,"￥6,800","￥7,000代",0,1,-,-,-,-,-
1993-12-17,-,4,SPT,テクノスジャパン,熱血！すとりーとバスケットがんばれDUNKHEROES,"￥6,500","￥6,500代",0,1,-,-,-,-,-
1994-02-19,-,4,ADV,任天堂,ゼルダの伝説1,"￥4,900","￥5,000代",0,1,-,-,-,-,-
1994-02-19,-,5,PZL,任天堂,ワリオの森,"￥4,900","￥5,000代",0,1,-,-,-,-,-
1994-02-27,-,6,RPG,スクウェア,ファイナルファンタジーⅠ・Ⅱ,"￥6,800","￥7,000代",0,1,-,-,-,-,-
1994-04-22,-,5,SPT,バンダイ,[データック]J-LEAGUEスーパートッププレイヤーズ,"￥2,800","￥3,000代",0,1,-,-,-,-,-
1994-05-13,-,4,TAB,ココナッツジャパン,パチスロアドベンチャー3ビタオシー7見参,"￥7,900","￥8,000代",0,1,-,-,-,-,-
1994-05-27,-,4,SPT,エレクトロニックアーツ・ビクター,Jリーグウイニングゴール,"￥7,980","￥8,000代",0,1,-,-,-,-,-
1994-06-24,-,5,ACT,ハドソン,高橋名人の冒険島Ⅳ,"￥5,800","￥6,000代",0,1,-,-,-,-,-
1989-03-01,-,0,ETC,NHK/コナミ/東京書籍,NHK学園スペーススクール小学校の算数4年生上,"￥18,000","￥18,000代",0,1,-,-,-,-,-
1989-03-01,-,0,ETC,NHK/コナミ/東京書籍,NHK学園スペーススクール小学校の算数4年生下,"￥18,000","￥18,000代",0,1,-,-,-,-,-
1989-03-01,-,0,ETC,NHK/コナミ/東京書籍,NHK学園スペーススクール小学校の算数5年生上,"￥18,000","￥18,000代",0,1,-,-,-,-,-
1989-03-01,-,0,ETC,NHK/コナミ/東京書籍,NHK学園スペーススクール小学校の算数5年生下,"￥18,000","￥18,000代",0,1,-,-,-,-,-
1989-03-01,-,0,ETC,NHK/コナミ/東京書籍,NHK学園スペーススクール小学校の算数6年生上,"￥18,000","￥18,000代",0,1,-,-,-,-,-
1989-03-01,-,0,ETC,NHK/コナミ/東京書籍,NHK学園スペーススクール小学校の算数6年生下,"￥18,000","￥18,000代",0,1,-,-,-,-,-
1988-07-25,-,0,ETC,不明,JRA-PAT,"￥19,800","￥20,000代",0,1,-,-,-,-,-
1988-07-25,-,0,ETC,不明,野村のファミコントレード,不明,不明,0,1,-,-,-,-,-
1988-07-25,-,0,ETC,不明,野村のファミコントレード(V2),不明,不明,0,1,-,-,-,-,-
1988-07-25,-,0,ETC,不明,新日本のファミコンホームトレード,不明,不明,0,1,-,-,-,-,-
1988-07-25,-,0,ETC,不明,住友ホームライン,不明,不明,0,1,-,-,-,-,-
1988-07-25,-,0,ETC,不明,ファミコンフィットネス,不明,不明,0,1,-,-,-,-,-
1988-07-25,-,0,ETC,福武書店,スタディボックス,不明,不明,0,1,-,-,-,-,-
1986-02-21,-,7,SPT,任天堂,ゴルフ💾,"￥2,500","￥2,500代",0,2,-,-,-,-,-
1986-02-21,-,7,SPT,任天堂,サッカー💾,"￥2,500","￥2,500代",0,2,-,-,-,-,-
1986-02-21,-,7,ACT,任天堂,スーパーマリオブラザーズ💾,"￥2,500","￥2,500代",0,2,-,-,-,-,-
1986-02-21,-,8,A-RPG,任天堂,ゼルダの伝説💾,"￥2,600","￥2,500代",169,2,-,-,-,-,-
1986-02-21,-,7,SPT,任天堂,テニス💾,"￥2,500","￥2,500代",0,2,-,-,-,-,-
1986-02-21,-,7,SPT,任天堂,ベースボール💾,"￥2,500","￥2,500代",0,2,-,-,-,-,-
1986-02-21,-,7,TAB,任天堂,麻雀(二人用)💾,"￥2,500","￥2,500代",0,2,-,-,-,-,-
1986-04-14,-,8,ACT,任天堂,謎の村雨城💾,"￥2,600","￥2,500代",61,2,-,-,-,-,-
1986-06-03,-,7,ACT,任天堂,スーパーマリオブラザーズ2💾,"￥2,600","￥2,500代",265,2,-,-,-,-,05位
1986-07-21,-,7,SPT,任天堂,バレーボール💾,"￥2,500","￥2,500代",198,2,-,-,-,-,-
1986-07-30,-,8,PUZ,アスキー,涙の倉庫番スペシャル💾,"￥2,980","￥3,000代",0,2,-,-,-,-,-
1986-08-06,-,8,ACT,任天堂,メトロイド💾,"￥2,600","￥2,500代",104,2,-,-,-,-,-
1986-08-27,-,8,ETC,ロイヤル工業,アイアムアティーチャースーパーマリオのセーター💾,"￥2,900","￥3,000代",0,2,-,-,-,-,-
1986-09-19,-,8,ACT,ポニーキャニオン,子猫物語💾,"￥2,900","￥3,000代",0,2,-,-,-,-,-
1986-09-26,-,8,ETC,ロイヤル工業,アイアムアティーチャー手あみのきそ💾,"￥2,900","￥3,000代",0,2,-,-,-,-,-
1986-09-26,34,8,ACT,コナミ,悪魔城ドラキュラ💾,"￥2,980","￥3,000代",0,2,-,-,-,-,-
1986-10-13,-,7,TAB,河田,Othello(オセロ)💾,"￥2,980","￥3,000代",0,2,-,-,-,-,-
1986-10-21,30,7,SPT,任天堂,プロレス💾,"￥2,500","￥2,500代",142,2,-,-,-,-,-
1986-11-06,-,8,A-RPG,イマジニア,銀河伝承galaxyodyssey💾,"￥5,000","￥5,000代",0,2,-,-,-,-,-
1986-11-19,-,8,SHT,HAL研究所,ガルフォース💾,"￥2,980","￥3,000代",0,2,-,-,-,-,-
1986-11-20,-,8,ADV,サンソフト,デット・ゾーン💾,"￥2,980","￥3,000代",0,2,-,-,-,-,-
1986-11-21,-,8,SHT,コナミ,もえろツインビーシナモン博士を救え💾,"￥3,000","￥3,000代",0,2,-,-,-,-,-
1986-11-28,33,8,PUZ,アイレム,きね子💾,"￥3,300","￥3,500代",0,2,-,-,-,-,-
1986-11-28,31,7,SHT,ポニーキャニオン,ザナック💾,"￥2,900","￥3,000代",0,2,-,-,-,-,-
1986-12-12,-,8,ETC,サンソフト,知能ゲームシリーズアディアンの杖💾,"￥4,900","￥5,000代",0,2,-,-,-,-,-
1986-12-13,-,8,TAB,コナミ,謎の壁ブロックくずし💾,"￥2,980","￥3,000代",0,2,-,-,-,-,-
1986-12-15,-,8,ADV,スクウェア,水晶の龍💾,"￥3,400","￥3,500代",0,2,-,-,-,-,-
1986-12-17,-,8,ACT,ソフトプロ,ブリーダー💾,"￥2,980","￥3,000代",0,2,-,-,-,-,-
1986-12-19,-,8,ACT,ジャレコ,ナイト・ロアー魔城の狼男💾,"￥3,200","￥3,000代",0,2,-,-,-,-,-
1986-12-19,-,8,ACT,任天堂,光神話パルテナの鏡💾,"￥2,600","￥2,500代",109,2,-,-,-,-,-
1986-12-19,-,8,RPG,スクウェア,魔洞戦記ディープダンジョン💾,"￥3,400","￥3,500代",0,2,-,-,-,-,-
1986-12-20,-,8,ADV,イマジニア,消えたプリンセス💾,"￥5,000","￥5,000代",0,2,-,-,-,-,-
1986-12-25,-,8,TAB,アスキー,プロフェッショナル麻雀悟空💾,"￥2,980","￥3,000代",0,2,-,-,-,-,-
1986-12-26,-,8,ACT,コトブキシステム,エレクトシャン💾,"￥2,980","￥3,000代",0,2,-,-,-,-,-
1987-01-14,36,8,A-RPG,任天堂,リンクの冒険💾,"￥2,600","￥2,500代",161,2,-,-,-,-,-
1987-01-29,-,8,ACT,バンダイ,ウルトラマン怪獣帝国の逆襲💾,"￥3,300","￥3,500代",0,2,-,-,-,-,-
1987-01-29,-,8,PUZ,HAL研究所,エッガーランド💾,"￥2,900","￥3,000代",0,2,-,-,-,-,-
1987-02-06,-,8,ETC,サンソフト,ナゾラーランド増刊号💾,"￥2,980","￥3,000代",0,2,-,-,-,-,-
1987-02-15,-,8,PUZ,アイレム,きね子2💾,￥500,￥500代,0,2,-,-,-,-,-
1987-02-20,-,8,A-RPG,コナミ,エスパードリーム💾,"￥2,980","￥3,000代",0,2,-,-,-,-,-
1987-02-21,-,8,SPT,任天堂,ゴルフJAPANコース💾,"￥3,500","￥3,500代",74,2,-,-,-,-,-
1987-03-03,-,8,A-RPG,サンソフト,メルヘンヴェール💾,"￥3,200","￥3,000代",0,2,-,-,-,-,-
1987-03-05,-,8,P-ACT,アイレム,スーパーロードランナー💾,"￥3,100","￥3,000代",0,2,-,-,-,-,-
1987-03-12,-,8,ACT,スクウェア,とびだせ大作戦💾,"￥3,400","￥3,500代",0,2,-,-,-,-,-
1987-03-27,-,8,SPT,ポニーキャニオン,ウインターゲームズ💾,"￥2,900","￥3,000代",0,2,-,-,-,-,-
1987-03-27,-,8,SHT,アスキー,オトッキー💾,"￥3,500","￥3,500代",0,2,-,-,-,-,-
1987-03-27,-,8,ETC,サンソフト,知能ゲームシリーズ2スーパーボーイアラン💾,"￥4,900","￥5,000代",0,2,-,-,-,-,-
1987-03-27,-,8,ETC,サンソフト,知能ゲームシリーズ3地底大陸オルドーラ💾,"￥4,900","￥5,000代",0,2,-,-,-,-,-
1987-03-28,-,8,ACT,バンダイ,ダーティペアプロジェクトエデン💾,"￥3,300","￥3,500代",0,2,-,-,-,-,-
1987-04-03,-,8,SLG,スクウェア,アップルタウン物語littlecomputerpeople💾,"￥3,400","￥3,500代",0,2,-,-,-,-,-
1987-04-10,-,8,SHT,コナミ,グリーンベレー💾,"￥2,980","￥3,000代",0,2,-,-,-,-,-
1987-04-10,-,8,ACT,ソフエル,ココナワールド💾,"￥2,980","￥3,000代",0,2,-,-,-,-,-
1987-04-10,-,8,ACT,ボースティック,レリクス暗黒要塞💾,"￥4,200","￥4,000代",0,2,-,-,-,-,-
1987-04-15,-,8,ACT,ジャレコ,風雲少林拳💾,"￥3,200","￥3,000代",0,2,-,-,-,-,-
1987-04-24,-,8,A-RPG,コナミ,愛戦士ニコル💾,"￥2,980","￥3,000代",0,2,-,-,-,-,-
1987-04-24,-,8,ADV,データイースト,探偵神宮寺三郎新宿中央公園殺人事件💾,"￥3,300","￥3,500代",0,2,-,-,-,-,-
1987-05-01,-,8,ACT,バンダイ,キン肉マンキン肉星王位争奪戦💾,"￥3,300","￥3,500代",0,2,-,対戦,-,-,-
1987-05-01,-,8,ACT,スクウェア,ハオ君の不思議な旅💾,"￥3,400","￥3,500代",0,2,-,-,-,-,-
1987-05-19,-,8,A-RPG,イマジニア,聖剣サイコカリバー魔獣の森伝説💾,"￥4,900","￥5,000代",0,2,-,-,-,-,-
1987-05-25,-,8,SHT,カプコン,セクションZ💾,"￥2,980","￥3,000代",0,2,-,-,-,-,-
1987-05-25,-,8,SPT,バンダイ,プロゴルファー猿影のトーナメント💾,"￥3,300","￥3,500代",0,2,-,-,-,-,-
1987-05-30,-,7,SPT,任天堂,スマッシュピンポン💾,"￥2,500","￥2,500代",0,2,-,-,-,-,-
1987-05-30,31,8,PUZ,コナミ,迷宮寺院ダババ💾,"￥2,980","￥3,000代",0,2,-,-,-,-,-
1987-05-30,-,8,RPG,スクウェア,勇士の紋章ディープダンジョン💾,"￥3,400","￥3,500代",0,2,-,-,-,-,-
1987-06-02,-,8,S-RPG,イーストキューブ,リフレクトワールド💾,"￥3,200","￥3,000代",0,2,-,-,-,-,-
1987-06-12,-,8,ETC,サンソフト,ナゾラーランド第2号💾,"￥2,980","￥3,000代",0,2,-,-,-,-,-
1987-06-14,-,8,SPT,任天堂,ゴルフUSコース💾,"￥3,500","￥3,500代",56,2,-,-,-,-,-
1987-06-19,-,8,ACT,ポニーキャニオン,ドクター・カオス地獄の扉💾,"￥2,900","￥3,000代",0,2,-,-,-,-,-
1987-06-19,-,8,ETC,スコーピオンソフト,マイケルEnglish大冒険💾,"￥2,980","￥3,000代",0,2,-,-,-,-,-
1987-06-26,32,8,SPT,コナミ,エキサイティングビリヤード💾,"￥2,980","￥3,000代",0,2,-,-,-,-,-
1987-07-03,-,8,P-ACT,スクウェア,磁界少年メットマグDOGからの挑戦状💾,"￥3,400","￥3,500代",0,2,-,-,-,-,-
1987-07-10,31,8,ACT,フジテレビ,夢工場ドキドキパニック💾,"￥2,600","￥2,500代",0,2,-,-,-,-,-
1987-07-24,-,8,SPT,コナミ,エキサイティングバスケット💾,"￥2,980","￥3,000代",0,2,-,-,-,-,-
1987-07-24,-,8,RPG,スクウェア,クレオパトラの魔宝💾,"￥3,300","￥3,500代",0,2,-,-,-,-,-
1987-07-24,-,8,ADV,学習研究社,タイタニックミステリー蒼の戦慄💾,"￥3,200","￥3,000代",0,2,-,-,-,-,-
1987-07-31,-,8,ACT,ジャレコ,モンティのドキドキ大脱走💾,"￥3,200","￥3,000代",0,2,-,-,-,-,-
1987-08-01,-,8,P-ACT,アイレム,スーパーロードランナーⅡ💾,￥500,￥500代,0,2,-,-,-,-,-
1987-08-03,-,8,TAB,アイレム,麻雀家族💾,"￥3,300","￥3,500代",0,2,-,-,-,-,-
1987-08-11,-,8,ACT,コナミ,アルマナの奇跡💾,"￥2,980","￥3,000代",0,2,-,-,-,-,-
1987-08-12,33,8,TAB,BPS,囲碁九路盤対局💾,"￥3,500","￥3,500代",0,2,-,-,-,-,-
1987-08-28,-,8,ACT,コナミ,ドラキュラⅡ呪いの封印💾,"￥2,980","￥3,000代",0,2,-,-,-,-,-
1987-08-28,-,8,ACT,タカラ,トランスフォーマーザ・ヘッドマスターズ💾,"￥3,300","￥3,500代",0,2,-,-,-,-,-
1987-08-28,-,8,ACT,タイトー,奇々怪界怒涛編💾,"￥3,800","￥4,000代",0,2,-,-,-,-,-
1987-09-04,30,9,ADV,任天堂,ふぁみこんむかし話新・鬼ヶ島(前編)💾,"￥2,600","￥2,500代",0,2,-,-,-,-,-
1987-09-30,-,9,ADV,任天堂,ふぁみこんむかし話新・鬼ヶ島(後編)💾,"￥2,500","￥2,500代",0,2,-,-,-,-,-
1987-10-02,-,8,A-RPG,スクウェア,カリーンの剣💾,"￥3,300","￥3,500代",0,2,-,-,-,-,-
1987-10-02,-,8,SHT,ソフトプロ,パルサーの光💾,"￥2,980","￥3,000代",0,2,-,-,-,-,-
1987-10-09,-,8,SHT,ボースティック,トップルジップ💾,"￥4,200","￥4,000代",0,2,-,-,-,-,-
1987-10-21,-,8,SHT,コナミ,ファルシオン💾,"￥2,980","￥3,000代",0,2,-,-,-,-,-
1987-10-23,-,8,ACT,アイレム,妖怪屋敷💾,"￥3,100","￥3,000代",0,2,-,-,-,-,-
1987-10-30,-,8,ACT,タイトー,バブルボブル💾,"￥3,500","￥3,500代",0,2,-,-,-,-,-
1987-10-30,-,8,RAC,任天堂,ファミコングランプリF1レース💾,"￥3,500","￥3,500代",0,2,-,-,-,-,-
1987-10-30,-,8,ETC,トンキンハウス,ファミリーコンポーザー💾,"￥2,980","￥3,000代",0,2,-,-,-,-,-
1987-11-13,-,8,TAB,ポニーキャニオン,谷川浩司の将棋指南Ⅱ名人への道💾,"￥3,000","￥3,000代",0,2,-,-,-,-,-
1987-11-20,-,8,ACT,バップ,キックチャレンジャーエアフット野菜の国の足戦士💾,"￥3,300","￥3,500代",0,2,-,-,-,-,-
1987-11-20,-,8,SLG,バンダイ,SDガンダムワールドガチャポン戦士スクランブルウォーズ💾,"￥3,300","￥3,500代",0,2,-,-,-,-,-
1987-12-01,-,8,ADV,任天堂,アイドルホットライン中山美穂のトキメキハイスクール💾,"￥3,500","￥3,500代",0,2,-,-,-,-,-
1987-12-04,-,8,ETC,データイースト,サンタクロースの宝箱💾,"￥3,300","￥3,500代",0,2,-,-,-,-,-
1987-12-04,-,8,ETC,コナミ,ドレミッコ💾,"￥8,980","￥9,000代",0,2,-,-,-,-,-
1987-12-08,-,8,SPT,コナミ,エキサイティングベースボール💾,"￥2,980","￥3,000代",0,2,-,-,-,-,-
1987-12-12,-,8,ETC,ソフエル,極楽遊戯(げーむてんごく)💾,"￥3,300","￥3,500代",0,2,-,-,-,-,-
1987-12-18,-,8,ACT,バンダイ,ウルトラマン2出撃科特隊💾,"￥3,300","￥3,500代",0,2,-,-,-,-,-
1987-12-18,-,8,ETC,サンソフト,ナゾラーランドスペシャルクイズ王を探せ💾,"￥2,980","￥3,000代",0,2,-,-,-,-,-
1988-01-21,-,7,SPT,任天堂,アイスホッケー💾,"￥2,500","￥2,500代",0,2,-,-,-,-,-
1988-01-27,-,8,SHT,カプコン,ガンスモーク💾,"￥3,300","￥3,500代",0,2,-,-,-,-,-
1988-02-01,-,8,A-RPG,HAL研究所,ファイヤーバム💾,"￥3,300","￥3,500代",0,2,-,-,-,-,-
1988-02-16,-,8,SPT,コナミ,エキサイティングサッカー💾,"￥3,300","￥3,500代",0,2,-,-,-,-,-
1988-02-26,-,8,ACT,タイトー,レプリカート💾,"￥3,500","￥3,500代",0,2,-,-,-,-,-
1988-03-03,-,8,ACT,ジャレコ,ドルイド恐怖の扉💾,"￥3,200","￥3,000代",0,2,-,-,-,-,-
1988-03-04,-,8,SHT,ソフトプロ,19(ヌイーゼン)💾,"￥2,980","￥3,000代",0,2,-,-,-,-,-
1988-03-11,-,7,SHT,コナミ,ツインビー💾,￥500,￥500代,0,2,-,-,-,-,-
1988-03-11,-,8,ETC,サンソフト,ナゾラーランド第3号💾,"￥2,980","￥3,000代",0,2,-,-,-,-,-
1988-03-25,-,8,ACT,バンダイ,おもいっきり探偵団覇悪怒組魔天郎の挑戦状💾,"￥3,300","￥3,500代",0,2,-,-,-,-,-
1988-03-25,-,8,ACT,タイトー,ワードナの森💾,"￥3,300","￥3,500代",0,2,-,-,-,-,-
1988-03-31,-,8,A-RPG,ボースティック,アスピック(ASPIC)魔蛇王の呪い💾,"￥3,300","￥3,500代",0,2,-,-,-,-,-
1988-04-08,-,7,ACT,任天堂,ドンキーコング💾,￥500,￥500代,0,2,-,-,-,-,-
1988-04-14,-,8,RAC,任天堂,3DホットラリーファミコングランプリⅡ💾,"￥3,500","￥3,500代",0,2,-,-,-,-,-
1988-04-15,-,8,ACT,バンダイ,仮面ライダーBLACK対決シャドームーン💾,"￥3,300","￥3,500代",0,2,-,-,-,-,-
1988-04-22,-,8,ACT,コナミ,バイオミラクルぼくってウパ💾,"￥3,300","￥3,500代",0,2,-,-,-,-,-
1988-04-22,-,8,ACT,ジャレコ,風雲少林拳暗黒の魔王💾,"￥3,200","￥3,000代",0,2,-,-,-,-,-
1988-04-27,-,9,ADV,任天堂,ファミコン探偵倶楽部消えた後継者(前編)💾,"￥2,600","￥2,500代",0,2,-,-,-,-,-
1988-05-02,-,8,SHT,コナミ,ファイナルコマンドー赤い要塞💾,"￥3,300","￥3,500代",0,2,-,-,-,-,-
1988-05-14,-,7,ACT,コナミ,グーニーズ💾,￥500,￥500代,0,2,-,-,-,-,-
1988-06-14,-,9,ADV,任天堂,ファミコン探偵倶楽部消えた後継者(後編)💾,"￥2,600","￥2,500代",0,2,-,-,-,-,-
1988-06-20,-,8,ACT,ユース,ファイヤーロック💾,"￥3,400","￥3,500代",0,2,-,-,-,-,-
1988-06-21,-,8,ADV,コナミ,リサの妖精伝説💾,"￥3,500","￥3,500代",0,2,-,-,-,-,-
1988-07-12,-,8,ETC,スクウェア,ムーンボールマジック💾,￥500,￥500代,0,2,-,-,-,-,-
1988-07-12,-,8,A-STH,スクウェア,亜空戦記ライジン💾,￥500,￥500代,0,2,-,-,-,-,-
1988-07-19,-,8,ADV,東映動画,遠山の金さんすぺえす帆Mr.GOLD💾,"￥3,400","￥3,500代",0,2,-,-,-,-,-
1988-07-19,-,7,ACT,任天堂,ドンキーコングJr💾,￥500,￥500代,0,2,-,-,-,-,-
1988-07-22,-,8,ACT,データイースト,カラテチャンプ(KARATECHAMP)💾,"￥3,300","￥3,500代",0,2,-,-,-,-,-
1988-07-22,-,8,SPT,コナミ,コナミックアイスホッケー💾,"￥3,300","￥3,500代",0,2,-,-,-,-,-
1988-07-29,-,8,ETC,ジャレコ,らじかるぼんばー地雷くん💾,"￥3,200","￥3,000代",0,2,-,-,-,-,-
1988-08-05,-,8,ACT,ソフトプロ,爆闘士パットンくん💾,"￥2,980","￥3,000代",0,2,-,-,-,-,-
1988-08-10,-,8,RPG,パック・イン・ビデオ,シルヴィアーナ愛いっぱいの冒険者💾,"￥3,500","￥3,500代",0,2,-,-,-,-,-
1988-08-10,-,7,TAB,ポニーキャニオン,谷川浩司の将棋指南Ⅱ新版つめ将棋次の一手💾,￥500,￥500代,0,2,-,-,-,-,-
1988-08-10,-,8,SPT,ジャレコ,ビッグチャレンジ!柔道選手権💾,"￥3,200","￥3,000代",0,2,-,-,-,-,-
1988-08-19,-,8,SPT,コナミ,コナミックテニス💾,"￥3,300","￥3,500代",0,2,-,-,-,-,-
1988-08-20,-,8,PUZ,HAL研究所,エッガーランド創造への旅立ち💾,￥500,￥500代,0,2,-,-,-,-,-
1988-09-02,-,8,ACT,ポニーキャニオン,魔塔の崩壊💾,"￥3,000","￥3,000代",0,2,-,-,-,-,-
1988-09-13,-,8,SPT,タイトー,キック＆ラン💾,"￥3,300","￥3,500代",0,2,-,-,-,-,-
1988-10-04,-,7,ETC,東芝EMI,パチコン💾,￥500,￥500代,0,2,-,-,-,-,-
1988-10-21,-,8,RPG,ポニーキャニオン,ダンディーゼウオンの復活💾,"￥3,000","￥3,000代",0,2,-,-,-,-,-
1988-10-21,-,8,SHT,ジャレコ,ビッグチャレンジ!ドッグファイトスピリッツ💾,"￥3,200","￥3,000代",0,2,-,-,-,-,-
1988-10-22,-,8,RPG,バンダイ,ウルトラマン倶楽部地球奪還作戦💾,"￥3,300","￥3,500代",0,2,-,-,-,-,-
1988-10-28,-,8,ETC,タイトー,遊メイズ💾,"￥3,300","￥3,500代",0,2,-,-,-,-,-
1988-11-15,-,8,ADV,カプコン,サムライソード💾,"￥3,300","￥3,500代",0,2,-,-,-,-,-
1988-11-18,-,7,ACT,任天堂,アイスクライマー💾,￥500,￥500代,0,2,-,-,-,-,-
1988-11-18,-,8,SHT,コナミ,ジャイラス💾,"￥3,300","￥3,500代",0,2,-,-,-,-,-
1988-11-18,-,8,ETC,データイースト,パチンコGP(グランプリ)💾,"￥3,300","￥3,500代",0,2,-,-,-,-,-
1988-11-29,-,8,ADV,バンダイ,じゃあまん探偵団魔隣組丸秘ジゴマ捜査ファイル💾,"￥3,300","￥3,500代",0,2,-,-,-,-,-
1988-11-30,-,8,ACT,任天堂,帰ってきたマリオブラザーズ💾,￥400,￥500代,0,2,-,-,-,-,-
1988-12-09,-,8,RAC,任天堂,VSエキサイトバイク💾,"￥2,500","￥2,500代",0,2,-,-,-,-,-
1988-12-09,-,8,ADV,サンソフト,なんきんのアドベンチャー💾,"￥3,200","￥3,000代",0,2,-,-,-,-,-
1988-12-09,-,9,ADV,データイースト,探偵神宮寺三郎危険な二人(前編)💾,"￥3,300","￥3,500代",0,2,-,-,-,-,-
1988-12-23,-,8,ETC,スコーピオンソフト,タロット占い💾,"￥2,980","￥3,000代",0,2,-,-,-,-,-
1989-01-14,-,8,SHT,タイトー,ハレーウォーズ💾,"￥3,500","￥3,500代",0,2,-,-,-,-,-
1989-01-24,-,8,ACT,バンダイ,機動警察パトレイバー第2小隊出動せよ!💾,"￥3,300","￥3,500代",0,2,-,-,-,-,-
1989-02-03,-,7,ACT,任天堂,レッキングクルー💾,￥500,￥500代,0,2,-,-,-,-,-
1989-02-10,-,9,ADV,データイースト,探偵神宮寺三郎危険な二人(後編)💾,"￥3,300","￥3,500代",0,2,-,-,-,-,-
1989-02-16,-,8,PUZ,コトブキシステム,ロジャーラビット💾,"￥3,500","￥3,500代",0,2,-,-,-,-,-
1989-02-23,-,8,ACT,バンダイ,タマ＆フレンズ3丁目大冒険💾,"￥3,300","￥3,500代",0,2,-,-,-,-,-
1989-03-03,-,8,SLG,バンダイ,SDガンダムワールドガチャポン戦士スクランブルウォーズマップコレクション💾,￥500,￥500代,0,2,-,-,-,-,-
1989-03-20,-,8,ADV,ポニーキャニオン,光GENJIローラーパニック💾,"￥3,200","￥3,000代",0,2,-,-,-,-,-
1989-03-28,-,8,SHT,ジャレコ,ビッグチャレンジ!ガンファイター💾,"￥3,200","￥3,000代",0,2,-,-,-,-,-
1989-04-28,-,8,RPG,ソフトプロ,フェアリーテイル💾,"￥3,200","￥3,000代",0,2,-,-,-,-,-
1989-05-19,-,8,SPT,パック・イン・ビデオ,パット・パット・ゴルフ💾,"￥3,500","￥3,500代",0,2,-,-,-,-,-
1989-05-23,-,9,ADV,任天堂,ファミコン探偵倶楽部Ⅱうしろに立つ少女(前編)💾,"￥2,600","￥2,500代",0,2,-,-,-,-,-
1989-05-30,-,7,ETC,任天堂,ピンボール💾,￥500,￥500代,0,2,-,-,-,-,-
1989-06-23,-,8,SPT,ジャレコ,ビッグチャレンジ!GOGOボーリング💾,"￥3,200","￥3,000代",0,2,-,-,-,-,-
1989-06-30,-,9,ADV,任天堂,ファミコン探偵倶楽部Ⅱうしろに立つ少女(後編)💾,"￥2,600","￥2,500代",0,2,-,-,-,-,-
1989-08-11,-,8,RPG,徳間書店,マグマプロジェクトハッカー💾,"￥3,500","￥3,500代",0,2,-,-,-,-,-
1989-09-23,-,7,ACT,データイースト,バーガータイム💾,￥500,￥500代,0,2,-,-,-,-,-
1989-10-14,-,9,ADV,任天堂,遊遊記ふぁみこんむかし話(前編)💾,"￥2,600","￥2,500代",0,2,-,-,-,-,-
1989-10-20,-,8,SPT,パック・イン・ビデオ,かっとび!童児💾,"￥3,500","￥3,500代",0,2,-,-,-,-,-
1989-11-14,-,9,ADV,任天堂,遊遊記ふぁみこんむかし話(後編)💾,"￥2,600","￥2,500代",0,2,-,-,-,-,-
1989-11-24,-,8,A-RPG,アテナ,LUTTER(リュッター)💾,￥500,￥500代,0,2,-,-,-,-,-
1990-03-23,-,7,TAB,徳間書店,香港💾,"￥2,980","￥3,000代",0,2,-,-,-,-,-
1990-04-24,-,7,ACT,ハドソン,ボンバーマン💾,￥500,￥500代,0,2,-,-,-,-,-
1990-05-18,-,7,SHT,ナムコ,ゼビウス💾,￥500,￥500代,0,2,-,-,-,-,-
1990-05-18,-,7,ACT,ナムコ,パックマン💾,￥500,￥500代,0,2,-,-,-,-,-
1990-06-05,-,7,PUZ,任天堂,ナイトムーブ💾,"￥2,600","￥2,500代",0,2,-,-,-,-,-
1990-06-22,-,7,SHT,ナムコ,ギャラガ💾,￥500,￥500代,0,2,-,-,-,-,-
1990-07-20,-,7,SHT,ナムコ,ギャラクシアン💾,￥500,￥500代,0,2,-,-,-,-,-
1990-07-20,-,7,ACT,ナムコ,ディグダグ💾,￥500,￥500代,0,2,-,-,-,-,-
1990-08-31,-,7,ACT,ナムコ,ディグダグⅡ💾,￥500,￥500代,0,2,-,-,-,-,-
1990-09-07,-,7,PUZ,任天堂,バックギャモン💾,"￥2,600","￥2,500代",0,2,-,-,-,-,-
1990-10-19,-,8,PUZ,徳間書店,パニックスペース💾,￥500,￥500代,0,2,-,-,-,-,-
1990-11-16,-,8,PUZ,アトラス,パズルボーイズ💾,￥500,￥500代,0,2,-,-,-,-,-
1990-12-07,-,8,PUZ,ヒロ,石道(isido)💾,￥500,￥500代,0,2,-,-,-,-,-
1991-01-25,-,7,P-ACT,テクモ,ソロモンの鍵💾,￥500,￥500代,0,2,-,-,-,-,-
1991-02-22,-,7,PUZ,徳間書店,オール1ファミマガDiskVol.3💾,￥500,￥500代,0,2,-,-,-,-,-
1991-04-19,-,7,PUZ,徳間書店,クロックス💾,￥500,￥500代,0,2,-,-,-,-,-
1991-07-26,-,9,ADV,任天堂,タイムツイスト(前編)💾,"￥2,600","￥2,500代",0,2,-,-,-,-,-
1991-07-26,-,9,ADV,任天堂,タイムツイスト(後編)💾,"￥2,600","￥2,500代",0,2,-,-,-,-,-
1991-10-25,-,8,PUZ,徳間書店,ぷよぷよ💾,￥500,￥500代,0,2,-,-,-,-,-
1992-04-28,-,7,PUZ,任天堂,クルクルランド💾,￥500,￥500代,0,2,-,-,-,-,-
1992-12-22,-,8,PUZ,徳間書店,じゃんけんディスク城💾,￥500,￥500代,0,2,-,-,-,-,-
@CsvOptions:,,,,,,,,,,,,,,
dataType=0,,,,,,,,,,,,,,
title=「ファミコン」ソフト一覧,,,,,,,,,,,,,,
dataReference=<ul><li><a target%3d'_blank' href%3d'http://pasofami.game.coocan.jp/game/game.htm'>各種ゲーム機 カセット・ソフトタイトルリスト@pasofami</a></li><li><a target%3d'_blank' href%3d'https://www.gavas.jp/user_data/famicom_game_ranking.php'>ファミコン＆ディスクシステム歴代ソフト売上ランキング＠ピコピコ大百科</a></li><li><a target%3d'_blank' href%3d'https://www.nintendo.com/jp/famicom/vote/index.html'>ファミコン国民投票＠Nitendo</a></li><li><a target%3d'_blank' href%3d'https://www.ne.jp/asahi/dq/dq/meisaku/1986.html'>ファミ通のゲームクロスレビュー 1986年～＠Game mein</a></li><li><a target%3d'_blank' href%3d'https://ja.wikipedia.org/wiki/%E3%83%95%E3%82%A1%E3%83%9F%E3%83%AA%E3%83%BC%E3%82%B3%E3%83%B3%E3%83%94%E3%83%A5%E3%83%BC%E3%82%BF%E3%81%AE%E3%82%B2%E3%83%BC%E3%83%A0%E3%82%BF%E3%82%A4%E3%83%88%E3%83%AB%E4%B8%80%E8%A6%A7'>ファミリーコンピュータのゲームタイトル一覧＠Wikipedia</a></li></ul>,,,,,,,,,,,,,,
detailType=city,,,,,,,,,,,,,,
isMakeAutocompleteData=1,,,,,,,,,,,,,,
chartName[imagePath]=/img/game/maker,,,,,,,,,,,,,,
chartName[imageTooltip]=img,,,,,,,,,,,,,,
chartCity[imagePath]=/img/game/fc,,,,,,,,,,,,,,
chartCity[imageTooltip]=all,,,,,,,,,,,,,,
chartCity[orderYmd]=1,,,,,,,,,,,,,,
chartCity[orderUI]=1,,,,,,,,,,,,,,
chartDate[elasticY]=0,,,,,,,,,,,,,,
chartDate[width]=1000,,,,,,,,,,,,,,
chartDate[format]=YYYY,,,,,,,,,,,,,,
chartDate2[chartType]=series_or_stack,,,,,,,,,,,,,,
chartSex[chartType]=bar,,,,,,,,,,,,,,
"chartAge[unit]=[""不明"",""128K"",""256K"",""512K"",""1M"",""2M"",""4M"",""💾512K"",""💾1M"",""💾2M""]",,,,,,,,,,,,,,
"chartEx[0][unit]=[""不明"",""ファミコン"",""💾ディスクシステム""]",,,,,,,,,,,,,,
editUrl=https://docs.google.com/spreadsheets/d/1fO1UOe2w3LeIkx5PTV6EDk_Nnt9c7ouv/r/edit/edit?gid=1233932795#gid=1233932795,,,,,,,,,,,,,,